year,iter,incidence(millions),beta_H1,beta_H3,beta_B,susceptibility_H1_0,susceptibility_H1_5,susceptibility_H1_25,susceptibility_H1_65,susceptibility_H3_0,susceptibility_H3_5,susceptibility_H3_25,susceptibility_H3_65,susceptibility_B_0,susceptibility_B_5,susceptibility_B_25,susceptibility_B_65,vac_eff_hospitalization,vac_eff_mortality,prob_hosp_scaling,prob_death_scaling
2015-16,822,26.36111291181796,0.0018365291589899635,0.0017892053086661086,0.0024829711768905582,0.56989615850352182,0.90810142991920095,0.78955483528352954,0.42128288849080986,0.95589094520362705,0.83512254111262929,0.79364615148046158,0.98724699759498868,0.45456432005370195,0.53005277857015187,0.82595924109777397,0.42516231230971591,0.76676675078638556,0.25639011952950047,0.00027880562515775198,3.1016350989065966e-05
