year,iter,incidence(millions),beta_H1,beta_H3,beta_B,susceptibility_H1_0,susceptibility_H1_5,susceptibility_H1_25,susceptibility_H1_65,susceptibility_H3_0,susceptibility_H3_5,susceptibility_H3_25,susceptibility_H3_65,susceptibility_B_0,susceptibility_B_5,susceptibility_B_25,susceptibility_B_65,vac_eff_hospitalization,vac_eff_mortality,prob_hosp_scaling,prob_death_scaling
2015-16,806,24.708252197894087,0.0023685806955620614,0.0020626612887854057,0.0019061777395833479,0.7790027227251346,0.69436029146114897,0.62659099568095222,0.92678527427150947,0.51183012615509837,0.61588879337157398,0.80488938237468077,0.87444718702946367,0.69865001209019961,0.84109476422411156,0.47647851647269446,0.57011512273318588,0.70661554706805385,0.87202708108651994,0.00050073508293652091,7.9698075356404718e-05
