year,iter,incidence(millions),beta_H1,beta_H3,beta_B,susceptibility_H1_0,susceptibility_H1_5,susceptibility_H1_25,susceptibility_H1_65,susceptibility_H3_0,susceptibility_H3_5,susceptibility_H3_25,susceptibility_H3_65,susceptibility_B_0,susceptibility_B_5,susceptibility_B_25,susceptibility_B_65,vac_eff_hospitalization,vac_eff_mortality,prob_hosp_scaling,prob_death_scaling
2014-15,356,30.643771223787102,0.0014949981387488154,0.0013309403096810613,0.0018807662690122351,0.61214033668824108,0.40890637696330029,0.89214263814949035,0.90612362464724394,0.66739543387887279,0.83595063376624246,0.85834199430246139,0.99119153799619908,0.98878631824330621,0.48224208454376027,0.79484451010252366,0.54394106416848231,0.85563457925637765,0.51040325719455015,0.00029578068140267977,5.5402043143915058e-05
