year,iter,incidence(millions),beta_H1,beta_H3,beta_B,susceptibility_H1_0,susceptibility_H1_5,susceptibility_H1_25,susceptibility_H1_65,susceptibility_H3_0,susceptibility_H3_5,susceptibility_H3_25,susceptibility_H3_65,susceptibility_B_0,susceptibility_B_5,susceptibility_B_25,susceptibility_B_65,vac_eff_hospitalization,vac_eff_mortality,prob_hosp_scaling,prob_death_scaling
2013-14,999,29.035174504314018,0.0017415998168702207,0.0020732777444661954,0.0020440512175906589,0.50889506588308497,0.87161420190042294,0.93402815121356475,0.64026122132211505,0.58660213292225372,0.6542870483777492,0.60711462364475033,0.64348493294660292,0.91130553349619703,0.55635795539199351,0.40978417189866467,0.40220994653005254,0.31746827404689942,0.79557107730576215,0.00024775983128905166,5.0449346752023949e-05
