year,iter,incidence(millions),beta_H1,beta_H3,beta_B,susceptibility_H1_0,susceptibility_H1_5,susceptibility_H1_25,susceptibility_H1_65,susceptibility_H3_0,susceptibility_H3_5,susceptibility_H3_25,susceptibility_H3_65,susceptibility_B_0,susceptibility_B_5,susceptibility_B_25,susceptibility_B_65,vac_eff_hospitalization,vac_eff_mortality,prob_hosp_scaling,prob_death_scaling
2012-13,95,34.68029674001008,0.0010487036052469478,0.0016548877679886664,0.002696684129228244,0.91021799014299942,0.44599796114460932,0.92171980337363668,0.8181446466297646,0.92237695977208611,0.99118104689427233,0.55474249375076101,0.61200329029265699,0.85590225241943685,0.4408729264572705,0.62090575367937195,0.8898568213089717,0.12497616174514564,1e-08,0.00058896717423734257,4.1943657014098523e-05
