year,iter,incidence(millions),beta_H1,beta_H3,beta_B,susceptibility_H1_0,susceptibility_H1_5,susceptibility_H1_25,susceptibility_H1_65,susceptibility_H3_0,susceptibility_H3_5,susceptibility_H3_25,susceptibility_H3_65,susceptibility_B_0,susceptibility_B_5,susceptibility_B_25,susceptibility_B_65,vac_eff_hospitalization,vac_eff_mortality,prob_hosp_scaling,prob_death_scaling
2015-16,794,25.980052883872947,0.0016760525145408378,0.0015680449148569031,0.0016489331382651407,0.49132395173356946,0.97830748948168822,0.75089562824991085,0.97051155661250221,0.69459479995363749,0.48025818428711098,0.89086414294249594,0.64493838661791081,0.80743411542025956,0.58776979998099321,0.95648623552411505,0.94642313338730744,0.67452672935386304,0.13736100626656228,0.00088648289937737212,4.7542261331356972e-05
