year,iter,incidence(millions),beta_H1,beta_H3,beta_B,susceptibility_H1_0,susceptibility_H1_5,susceptibility_H1_25,susceptibility_H1_65,susceptibility_H3_0,susceptibility_H3_5,susceptibility_H3_25,susceptibility_H3_65,susceptibility_B_0,susceptibility_B_5,susceptibility_B_25,susceptibility_B_65,vac_eff_hospitalization,vac_eff_mortality,prob_hosp_scaling,prob_death_scaling
2014-15,753,31.517863095715725,0.0014359994769284623,0.00179249866170067,0.00086670725404447424,0.97493341405675882,0.82726967751391323,0.4516125830848704,0.93107713130431535,0.99667842056266154,0.51549589575498311,0.70349196013061022,0.81262337462850009,0.93076214470538166,0.90166722897137064,0.65888566601622012,0.74910029736869466,0.78975687850618548,0.066332323765626144,0.00057898883986901017,4.7206820822542905e-05
