year,iter,incidence(millions),beta_H1,beta_H3,beta_B,susceptibility_H1_0,susceptibility_H1_5,susceptibility_H1_25,susceptibility_H1_65,susceptibility_H3_0,susceptibility_H3_5,susceptibility_H3_25,susceptibility_H3_65,susceptibility_B_0,susceptibility_B_5,susceptibility_B_25,susceptibility_B_65,vac_eff_hospitalization,vac_eff_mortality,prob_hosp_scaling,prob_death_scaling
2014-15,800,30.13547272576233,0.001772582120565469,0.0020644724413724225,0.0023994750819488764,0.7883916851644297,0.52349419752142079,0.58150421858533896,0.48433764336926172,0.81468656357684188,0.55761552305426809,0.4487065103849372,0.41506064727725633,0.60817723605815932,0.54302969065314599,0.49565390920440899,0.96002520226152899,0.76258116763884165,0.42263771836216207,0.0010694846311715134,6.5279331702028376e-05
