year,iter,incidence(millions),beta_H1,beta_H3,beta_B,susceptibility_H1_0,susceptibility_H1_5,susceptibility_H1_25,susceptibility_H1_65,susceptibility_H3_0,susceptibility_H3_5,susceptibility_H3_25,susceptibility_H3_65,susceptibility_B_0,susceptibility_B_5,susceptibility_B_25,susceptibility_B_65,vac_eff_hospitalization,vac_eff_mortality,prob_hosp_scaling,prob_death_scaling
2012-13,692,35.34940568427171,0.0016929073512794712,0.0020402631570989316,0.0019654162392547248,0.56132242123355691,0.76192968538718908,0.51343591920433629,0.63734283316966645,0.85740149288745882,0.72820422677654384,0.46116126482271785,0.64656221455772456,0.48347039053887081,0.69571933290619659,0.91072990502703166,0.401090371386713,0.14001678994385819,0.6471534726631093,0.00034076504075630787,5.6800316237726189e-05
