year,iter,incidence(millions),beta_H1,beta_H3,beta_B,susceptibility_H1_0,susceptibility_H1_5,susceptibility_H1_25,susceptibility_H1_65,susceptibility_H3_0,susceptibility_H3_5,susceptibility_H3_25,susceptibility_H3_65,susceptibility_B_0,susceptibility_B_5,susceptibility_B_25,susceptibility_B_65,vac_eff_hospitalization,vac_eff_mortality,prob_hosp_scaling,prob_death_scaling
2014-15,805,29.719728089672756,0.0015138257600200156,0.0014848110894474797,0.0017957700889740247,0.92828742008314336,0.48877364968677545,0.93348714701318714,0.41077937809066067,0.77411052255488721,0.68759310641555682,0.98442303334533898,0.90950880171924842,0.90991892786839079,0.91013259227364451,0.60311126303371876,0.77705573636809111,0.446759907191697,0.9249897819259193,0.00026739154352872774,7.282926379809096e-05
