year,iter,incidence(millions),beta_H1,beta_H3,beta_B,susceptibility_H1_0,susceptibility_H1_5,susceptibility_H1_25,susceptibility_H1_65,susceptibility_H3_0,susceptibility_H3_5,susceptibility_H3_25,susceptibility_H3_65,susceptibility_B_0,susceptibility_B_5,susceptibility_B_25,susceptibility_B_65,vac_eff_hospitalization,vac_eff_mortality,prob_hosp_scaling,prob_death_scaling
2015-16,342,25.695095824008902,0.0017760903571286124,0.001564324562553232,0.0018406869397397108,0.65557461839656939,0.86871547890141021,0.54495508408069626,0.62830275590115914,0.8666727410807018,0.85989773470780362,0.42583778257044891,0.41949034344988489,0.86191244686294044,0.71061686416639047,0.56932886975928776,0.65273286864767655,0.67661343068397861,0.27818341090033516,0.0010735414916835939,5.0447934685782236e-05
