year,iter,incidence(millions),beta_H1,beta_H3,beta_B,susceptibility_H1_0,susceptibility_H1_5,susceptibility_H1_25,susceptibility_H1_65,susceptibility_H3_0,susceptibility_H3_5,susceptibility_H3_25,susceptibility_H3_65,susceptibility_B_0,susceptibility_B_5,susceptibility_B_25,susceptibility_B_65,vac_eff_hospitalization,vac_eff_mortality,prob_hosp_scaling,prob_death_scaling
2014-15,671,29.79829759036795,0.0019124734970295543,0.0017517472901852349,0.0024062169174730585,0.818185452630946,0.59748277547575013,0.47360495238959449,0.81582710301154149,0.75488994328546999,0.91183782533778079,0.63440792110486866,0.6509095530796134,0.87137037996848232,0.62508770842915506,0.73270067552596563,0.82355013210271555,0.28969138650185949,0.92585921561658879,0.00068655345443530136,0.00016642438190234143
