year,iter,incidence(millions),beta_H1,beta_H3,beta_B,susceptibility_H1_0,susceptibility_H1_5,susceptibility_H1_25,susceptibility_H1_65,susceptibility_H3_0,susceptibility_H3_5,susceptibility_H3_25,susceptibility_H3_65,susceptibility_B_0,susceptibility_B_5,susceptibility_B_25,susceptibility_B_65,vac_eff_hospitalization,vac_eff_mortality,prob_hosp_scaling,prob_death_scaling
2014-15,64,29.99651532996241,0.0012736723319287102,0.0021903310199536952,0.0015977857920631,0.51642787275723312,0.81476280892269903,0.88672177552026588,0.65412197063505229,0.64409696509329906,0.4331834073296128,0.59024537152784418,0.85923152781848378,0.42362755389583973,0.89965943331224418,0.83055891778961977,0.80502054046828853,0.75452622990832596,0.76735955042757575,0.0004495717097715568,6.2549339380157942e-05
