year,iter,incidence(millions),beta_H1,beta_H3,beta_B,susceptibility_H1_0,susceptibility_H1_5,susceptibility_H1_25,susceptibility_H1_65,susceptibility_H3_0,susceptibility_H3_5,susceptibility_H3_25,susceptibility_H3_65,susceptibility_B_0,susceptibility_B_5,susceptibility_B_25,susceptibility_B_65,vac_eff_hospitalization,vac_eff_mortality,prob_hosp_scaling,prob_death_scaling
2014-15,690,30.12801934774725,0.0021979654184497988,0.0016836654977924193,0.0022144168343625203,0.70429257262505063,0.63845845443493732,0.45479596475455702,0.41918957656901701,0.99157898235760555,0.98402254642608389,0.58741179377726449,0.6797913257083581,0.92717276306646335,0.69490669907667124,0.63526916158417157,0.78150516467708542,0.8675485073660163,0.85348772066748779,0.0014206138475602592,8.6343417321499416e-05
