year,iter,incidence(millions),beta_H1,beta_H3,beta_B,susceptibility_H1_0,susceptibility_H1_5,susceptibility_H1_25,susceptibility_H1_65,susceptibility_H3_0,susceptibility_H3_5,susceptibility_H3_25,susceptibility_H3_65,susceptibility_B_0,susceptibility_B_5,susceptibility_B_25,susceptibility_B_65,vac_eff_hospitalization,vac_eff_mortality,prob_hosp_scaling,prob_death_scaling
2012-13,217,35.359040153874325,0.0016744601091102096,0.0020339773553867957,0.0018335828319233638,0.60573389732452987,0.50995417804708176,0.91510567148127397,0.58845630538481375,0.78373379182129166,0.78216074439264816,0.65729061026183044,0.79552800259679946,0.60331285577319504,0.96964777304616612,0.84300536347695476,0.74282043292142363,0.8497576119074195,0.38146778518327806,0.00019291709435709237,5.1457137011878817e-05
