year,iter,incidence(millions),beta_H1,beta_H3,beta_B,susceptibility_H1_0,susceptibility_H1_5,susceptibility_H1_25,susceptibility_H1_65,susceptibility_H3_0,susceptibility_H3_5,susceptibility_H3_25,susceptibility_H3_65,susceptibility_B_0,susceptibility_B_5,susceptibility_B_25,susceptibility_B_65,vac_eff_hospitalization,vac_eff_mortality,prob_hosp_scaling,prob_death_scaling
2015-16,298,27.260768627839525,0.0017106340924435415,0.0012668458293382812,0.0020663335295260654,0.82798850857178152,0.93076745240795011,0.64445311467873201,0.50194870183452389,0.98804281640335878,0.80229875213122037,0.76987023308762459,0.7044686020126053,0.63344237327478481,0.72914731335093541,0.46322327468126123,0.62672791641640435,0.016398877793096012,0.33505434485523855,0.00064361838918564063,5.5775548620018434e-05
