year,iter,incidence(millions),beta_H1,beta_H3,beta_B,susceptibility_H1_0,susceptibility_H1_5,susceptibility_H1_25,susceptibility_H1_65,susceptibility_H3_0,susceptibility_H3_5,susceptibility_H3_25,susceptibility_H3_65,susceptibility_B_0,susceptibility_B_5,susceptibility_B_25,susceptibility_B_65,vac_eff_hospitalization,vac_eff_mortality,prob_hosp_scaling,prob_death_scaling
2015-16,543,24.721169920949222,0.0018932159061536558,0.0025953570471888288,0.002338290206428506,0.8826754157064296,0.44125820530153892,0.92242600365558414,0.67779402670262545,0.49381899147390584,0.58820266042904179,0.63105351847811897,0.94438374715083817,0.82959261754044,0.92657458006544413,0.55081614717494942,0.76615296862056126,0.53502030498119713,0.46422358113612089,0.00031531490129049766,3.0168343774450435e-05
