year,iter,incidence(millions),beta_H1,beta_H3,beta_B,susceptibility_H1_0,susceptibility_H1_5,susceptibility_H1_25,susceptibility_H1_65,susceptibility_H3_0,susceptibility_H3_5,susceptibility_H3_25,susceptibility_H3_65,susceptibility_B_0,susceptibility_B_5,susceptibility_B_25,susceptibility_B_65,vac_eff_hospitalization,vac_eff_mortality,prob_hosp_scaling,prob_death_scaling
2014-15,726,31.424240480893005,0.0017676891871095668,0.0016534685529813187,0.0026130221418628197,0.47122094700550521,0.46134774134180395,0.96214577017335534,0.58430613483393612,0.80732453811612914,0.71992085318903487,0.95580002900957484,0.52340451320639236,0.91965087190372041,0.61599596868441486,0.55230670328904685,0.68363411518223527,0.68338434322231745,0.52309567763041032,0.00068169425009606543,0.00011002013487665385
