year,iter,incidence(millions),beta_H1,beta_H3,beta_B,susceptibility_H1_0,susceptibility_H1_5,susceptibility_H1_25,susceptibility_H1_65,susceptibility_H3_0,susceptibility_H3_5,susceptibility_H3_25,susceptibility_H3_65,susceptibility_B_0,susceptibility_B_5,susceptibility_B_25,susceptibility_B_65,vac_eff_hospitalization,vac_eff_mortality,prob_hosp_scaling,prob_death_scaling
2014-15,672,31.303835153605927,0.0020513709729326202,0.0023295774014079895,0.0024802101359411854,0.72031943137070065,0.5657891119963272,0.49072654371740992,0.78188629862366865,0.62066062839648484,0.51745183897317248,0.54509934018389972,0.945451424458017,0.5590473140992579,0.64967628354481499,0.55862004531444365,0.65261876270113928,0.95767304101906725,0.035266856411341807,0.00018123639103362343,1e-08
