year,iter,incidence(millions),beta_H1,beta_H3,beta_B,susceptibility_H1_0,susceptibility_H1_5,susceptibility_H1_25,susceptibility_H1_65,susceptibility_H3_0,susceptibility_H3_5,susceptibility_H3_25,susceptibility_H3_65,susceptibility_B_0,susceptibility_B_5,susceptibility_B_25,susceptibility_B_65,vac_eff_hospitalization,vac_eff_mortality,prob_hosp_scaling,prob_death_scaling
2014-15,676,30.15019756374976,0.0013882525142479563,0.0015162179093086148,0.0015693288931889482,0.8330606620395008,0.43099507862812814,0.77315784721309533,0.50557667478561286,0.86180770333259815,0.93287330587565787,0.55243265553484711,0.8857213374647962,0.41329123926930833,0.90982184673440503,0.95310054520025345,0.70381443843659452,0.96601627734134965,0.91592434813830481,0.00028008523303540978,0.00012297559025398197
