year,iter,incidence(millions),beta_H1,beta_H3,beta_B,susceptibility_H1_0,susceptibility_H1_5,susceptibility_H1_25,susceptibility_H1_65,susceptibility_H3_0,susceptibility_H3_5,susceptibility_H3_25,susceptibility_H3_65,susceptibility_B_0,susceptibility_B_5,susceptibility_B_25,susceptibility_B_65,vac_eff_hospitalization,vac_eff_mortality,prob_hosp_scaling,prob_death_scaling
2015-16,772,26.443975790505398,0.0019220254419177185,0.00065953332793311503,0.0016405198140624355,0.59718767279724783,0.89357958609756061,0.57622019475963782,0.42423123027973697,0.77232073985316396,0.71768476563446792,0.97543157942183312,0.74415805692939485,0.85809964289723273,0.87581141291395759,0.92579403537418403,0.67046967009635083,0.075475467155209863,0.10029436777969325,0.001222825963577201,7.0765384131310505e-05
