year,iter,incidence(millions),beta_H1,beta_H3,beta_B,susceptibility_H1_0,susceptibility_H1_5,susceptibility_H1_25,susceptibility_H1_65,susceptibility_H3_0,susceptibility_H3_5,susceptibility_H3_25,susceptibility_H3_65,susceptibility_B_0,susceptibility_B_5,susceptibility_B_25,susceptibility_B_65,vac_eff_hospitalization,vac_eff_mortality,prob_hosp_scaling,prob_death_scaling
2015-16,197,25.279643558553985,0.001574214977775823,0.0014107305560608907,0.0015923986378880706,0.77493611255293182,0.77047239058500683,0.63811105742441243,0.60204152851335302,0.43533152600769992,0.4055910155749306,0.99389891025646193,0.97926728350084002,0.42763461241711698,0.73017193480780962,0.75428144174119294,0.65414887461842242,0.34197562388230041,0.98387186093416823,0.00053711122389821231,4.2072898639833323e-05
