year,iter,incidence(millions),beta_H1,beta_H3,beta_B,susceptibility_H1_0,susceptibility_H1_5,susceptibility_H1_25,susceptibility_H1_65,susceptibility_H3_0,susceptibility_H3_5,susceptibility_H3_25,susceptibility_H3_65,susceptibility_B_0,susceptibility_B_5,susceptibility_B_25,susceptibility_B_65,vac_eff_hospitalization,vac_eff_mortality,prob_hosp_scaling,prob_death_scaling
2012-13,228,34.202748783849984,0.0014509372157595068,0.0023290205181492052,0.0028178507332909386,0.59799890607946371,0.64344201405927637,0.85118109682063881,0.65055480144645583,0.87828640568918925,0.47290527475611555,0.52254366947230246,0.93253083884790344,0.67586866695119263,0.44000377566672833,0.47986629456368091,0.5046910152749513,0.97284821277986255,0.98665675586411861,0.00022980512790116148,5.5917318971143715e-05
