year,iter,incidence(millions),beta_H1,beta_H3,beta_B,susceptibility_H1_0,susceptibility_H1_5,susceptibility_H1_25,susceptibility_H1_65,susceptibility_H3_0,susceptibility_H3_5,susceptibility_H3_25,susceptibility_H3_65,susceptibility_B_0,susceptibility_B_5,susceptibility_B_25,susceptibility_B_65,vac_eff_hospitalization,vac_eff_mortality,prob_hosp_scaling,prob_death_scaling
2014-15,743,29.476566760741356,0.001280971051288049,0.0017575752088343499,0.0015733405265979661,0.5231763283281039,0.74826064869606812,0.75273211369468007,0.66622500380077598,0.88379177200698589,0.41587525425064686,0.74712546873244923,0.76927621841322424,0.78357905905599079,0.62915240857924659,0.96251503309115227,0.59506713232606234,0.56374796375591552,0.0086720041362890465,0.00042883969896706509,1e-08
