year,iter,incidence(millions),beta_H1,beta_H3,beta_B,susceptibility_H1_0,susceptibility_H1_5,susceptibility_H1_25,susceptibility_H1_65,susceptibility_H3_0,susceptibility_H3_5,susceptibility_H3_25,susceptibility_H3_65,susceptibility_B_0,susceptibility_B_5,susceptibility_B_25,susceptibility_B_65,vac_eff_hospitalization,vac_eff_mortality,prob_hosp_scaling,prob_death_scaling
2015-16,86,24.963042747386062,0.0019421180302609531,0.0020258895379743902,0.0022228957194650456,0.71440649294212888,0.55700805869435654,0.71069009791001303,0.84725528438949471,0.91348369584208888,0.73987080625479318,0.69364131105901727,0.80518961762071495,0.72167299351112169,0.55282325159655799,0.78310806557764789,0.67922484324504051,0.91085057495240485,0.27460674499345517,0.00013756684317917101,4.2583163614273722e-05
