year,iter,incidence(millions),beta_H1,beta_H3,beta_B,susceptibility_H1_0,susceptibility_H1_5,susceptibility_H1_25,susceptibility_H1_65,susceptibility_H3_0,susceptibility_H3_5,susceptibility_H3_25,susceptibility_H3_65,susceptibility_B_0,susceptibility_B_5,susceptibility_B_25,susceptibility_B_65,vac_eff_hospitalization,vac_eff_mortality,prob_hosp_scaling,prob_death_scaling
2012-13,218,33.65699798479382,0.0014613238711993493,0.0016075708127963328,0.0023908055343891399,0.985136220264059,0.91660098999274786,0.58178221900939719,0.57190106423922449,0.81988099055811836,0.88105284419770635,0.80531868031831522,0.62494668910911044,0.5706575615208056,0.68668649979495866,0.63361551545204908,0.43012338888055413,0.43046254719843818,0.25541188139780224,0.00077925056175870422,1e-08
