year,iter,incidence(millions),beta_H1,beta_H3,beta_B,susceptibility_H1_0,susceptibility_H1_5,susceptibility_H1_25,susceptibility_H1_65,susceptibility_H3_0,susceptibility_H3_5,susceptibility_H3_25,susceptibility_H3_65,susceptibility_B_0,susceptibility_B_5,susceptibility_B_25,susceptibility_B_65,vac_eff_hospitalization,vac_eff_mortality,prob_hosp_scaling,prob_death_scaling
2015-16,292,25.58075899448119,0.0016184971962481254,0.0014351985341669593,0.0020853428833965681,0.98858742049066661,0.63311816450304825,0.98293995147189617,0.43276156587910042,0.98694126217367206,0.69850303134353042,0.97443703150991046,0.71863278601049296,0.62195006589520041,0.44522709246347919,0.82381581703930373,0.54727460111063997,0.53627860328124732,0.32581457649599432,0.00054634203254411151,4.4853145213408219e-05
