year,iter,incidence(millions),beta_H1,beta_H3,beta_B,susceptibility_H1_0,susceptibility_H1_5,susceptibility_H1_25,susceptibility_H1_65,susceptibility_H3_0,susceptibility_H3_5,susceptibility_H3_25,susceptibility_H3_65,susceptibility_B_0,susceptibility_B_5,susceptibility_B_25,susceptibility_B_65,vac_eff_hospitalization,vac_eff_mortality,prob_hosp_scaling,prob_death_scaling
2014-15,798,30.161854082555514,0.0014599347698570075,0.0018834370779588494,0.0026492939384607506,0.64778108273426338,0.6423334183457925,0.90474070003902107,0.89746694099851743,0.69940356759666422,0.75762501337117361,0.56086542350481106,0.617493813806545,0.54146311304879302,0.46256432681229148,0.56347627708401338,0.84479047230198945,0.60291878892985218,0.75769366805285576,0.00039337971684555439,0.0001209643751144962
