year,iter,incidence(millions),beta_H1,beta_H3,beta_B,susceptibility_H1_0,susceptibility_H1_5,susceptibility_H1_25,susceptibility_H1_65,susceptibility_H3_0,susceptibility_H3_5,susceptibility_H3_25,susceptibility_H3_65,susceptibility_B_0,susceptibility_B_5,susceptibility_B_25,susceptibility_B_65,vac_eff_hospitalization,vac_eff_mortality,prob_hosp_scaling,prob_death_scaling
2012-13,247,34.16594192457976,0.0012789949348930296,0.0015524995043761369,0.0022279821960651258,0.70289923205422689,0.72897750982025988,0.89897427828288534,0.97830209434311555,0.87302791852023132,0.90211573995658312,0.67396374835996053,0.91469265448928738,0.95446223738018521,0.4239118166560244,0.6965271375885761,0.59702132073222525,0.38987492753033737,0.15022389358188942,0.00015178127045317735,3.0201616161629197e-05
