year,iter,incidence(millions),beta_H1,beta_H3,beta_B,susceptibility_H1_0,susceptibility_H1_5,susceptibility_H1_25,susceptibility_H1_65,susceptibility_H3_0,susceptibility_H3_5,susceptibility_H3_25,susceptibility_H3_65,susceptibility_B_0,susceptibility_B_5,susceptibility_B_25,susceptibility_B_65,vac_eff_hospitalization,vac_eff_mortality,prob_hosp_scaling,prob_death_scaling
2015-16,814,25.969463391495953,0.0018644627271991454,0.0028638640054042819,0.0018696905047864698,0.53150617808192036,0.70031256525776353,0.8510527235022427,0.9257189624999369,0.41719469256944064,0.52426291552051096,0.40563177293833907,0.59410639426656431,0.80767198073435909,0.91163760666614424,0.64492308342688021,0.53170419326801821,0.96636129235341883,0.11391650017365645,0.00057950973144721418,3.1351556584069407e-05
