year,iter,incidence(millions),beta_H1,beta_H3,beta_B,susceptibility_H1_0,susceptibility_H1_5,susceptibility_H1_25,susceptibility_H1_65,susceptibility_H3_0,susceptibility_H3_5,susceptibility_H3_25,susceptibility_H3_65,susceptibility_B_0,susceptibility_B_5,susceptibility_B_25,susceptibility_B_65,vac_eff_hospitalization,vac_eff_mortality,prob_hosp_scaling,prob_death_scaling
2012-13,260,33.51350214179695,0.0012540968858117951,0.0021298460997264956,0.0024292751034464266,0.96767098215037761,0.9732004302294599,0.84877118727882928,0.59060344796840425,0.54444727141003124,0.70308893606846479,0.49596032218182529,0.81037108247101097,0.82194857488514339,0.59864359387749277,0.60634737828012886,0.74045783208345206,0.19812794952216872,0.2908705664627389,0.00017806322514485329,3.2546971693137028e-05
