year,iter,incidence(millions),beta_H1,beta_H3,beta_B,susceptibility_H1_0,susceptibility_H1_5,susceptibility_H1_25,susceptibility_H1_65,susceptibility_H3_0,susceptibility_H3_5,susceptibility_H3_25,susceptibility_H3_65,susceptibility_B_0,susceptibility_B_5,susceptibility_B_25,susceptibility_B_65,vac_eff_hospitalization,vac_eff_mortality,prob_hosp_scaling,prob_death_scaling
2014-15,686,30.505171431968673,0.0014394492797962788,0.0016056735119961973,0.0016342355847018264,0.4217353782285872,0.76525737387469472,0.62239170064243676,0.82798485496947416,0.80698019788756126,0.77196626444815331,0.59047423299277713,0.8448973400624562,0.70132780835987973,0.989426282901813,0.60913966160139499,0.78133299610609153,0.041191690232331546,0.45955130048666937,0.00054783368295518997,6.5321502244641838e-05
