year,iter,incidence(millions),beta_H1,beta_H3,beta_B,susceptibility_H1_0,susceptibility_H1_5,susceptibility_H1_25,susceptibility_H1_65,susceptibility_H3_0,susceptibility_H3_5,susceptibility_H3_25,susceptibility_H3_65,susceptibility_B_0,susceptibility_B_5,susceptibility_B_25,susceptibility_B_65,vac_eff_hospitalization,vac_eff_mortality,prob_hosp_scaling,prob_death_scaling
2014-15,856,30.079038556258585,4.2615754635655367e-05,0.0014569010213390521,0.0020634900660702615,0.92791439142054477,0.97276859452198883,0.83903480103755468,0.66293830288747291,0.8188597359052876,0.91588588894729384,0.6290318974385215,0.42153977293536743,0.83947135192335742,0.4908479139185864,0.76937567968180165,0.84965578126553964,0.43317856014123907,0.58262313043013259,0.00074897829947745409,0.00011772268960369425
