year,iter,incidence(millions),beta_H1,beta_H3,beta_B,susceptibility_H1_0,susceptibility_H1_5,susceptibility_H1_25,susceptibility_H1_65,susceptibility_H3_0,susceptibility_H3_5,susceptibility_H3_25,susceptibility_H3_65,susceptibility_B_0,susceptibility_B_5,susceptibility_B_25,susceptibility_B_65,vac_eff_hospitalization,vac_eff_mortality,prob_hosp_scaling,prob_death_scaling
2014-15,803,30.09931121062348,0.0013798522633270971,0.0017429099383702296,0.0015882077501505609,0.9581238062978763,0.73412834441201191,0.89399152545556304,0.69369186540937977,0.53847882127783242,0.90698310768967561,0.4448270112356667,0.88957392017374759,0.91511446636253058,0.84973909899836619,0.92124833535573525,0.74132099117864048,0.79204444660310569,0.72291161298604067,0.0010060901813379042,7.8712544671455387e-05
