year,iter,incidence(millions),beta_H1,beta_H3,beta_B,susceptibility_H1_0,susceptibility_H1_5,susceptibility_H1_25,susceptibility_H1_65,susceptibility_H3_0,susceptibility_H3_5,susceptibility_H3_25,susceptibility_H3_65,susceptibility_B_0,susceptibility_B_5,susceptibility_B_25,susceptibility_B_65,vac_eff_hospitalization,vac_eff_mortality,prob_hosp_scaling,prob_death_scaling
2015-16,666,26.160555782839268,0.0017185103440749971,0.0023929223324433702,0.0023376475612145731,0.92734760704838626,0.87044964881523468,0.90075009799780248,0.78150672100814544,0.66693819564336321,0.78610463289383881,0.40621301959425737,0.71282047980288299,0.81150616871500314,0.55015048877315331,0.72291021243180409,0.57197946945174738,0.014824293729457039,0.86443302975447445,0.00027101665031570299,4.0768141803315672e-05
