year,iter,incidence(millions),beta_H1,beta_H3,beta_B,susceptibility_H1_0,susceptibility_H1_5,susceptibility_H1_25,susceptibility_H1_65,susceptibility_H3_0,susceptibility_H3_5,susceptibility_H3_25,susceptibility_H3_65,susceptibility_B_0,susceptibility_B_5,susceptibility_B_25,susceptibility_B_65,vac_eff_hospitalization,vac_eff_mortality,prob_hosp_scaling,prob_death_scaling
2012-13,219,32.752274914957944,0.0011356962494281087,0.0017341640425684313,0.0028342286870138844,0.72864588019249887,0.90490444460972708,0.88950725907729777,0.97400049301666436,0.48875679297763469,0.58457117084909238,0.83862661861661825,0.61225832773218025,0.75486851372364683,0.41887413197917284,0.4606509317450333,0.80394476313013952,0.23600888208277232,0.90682061602207575,0.00034583545734157006,5.440950884949558e-05
