year,iter,incidence(millions),beta_H1,beta_H3,beta_B,susceptibility_H1_0,susceptibility_H1_5,susceptibility_H1_25,susceptibility_H1_65,susceptibility_H3_0,susceptibility_H3_5,susceptibility_H3_25,susceptibility_H3_65,susceptibility_B_0,susceptibility_B_5,susceptibility_B_25,susceptibility_B_65,vac_eff_hospitalization,vac_eff_mortality,prob_hosp_scaling,prob_death_scaling
2014-15,821,29.67773265772656,0.0011881545471068011,0.0016254752781091342,0.0024770809529677806,0.85187000485339937,0.90609208775027217,0.9273664121410502,0.634371611465401,0.66485758394889849,0.6933363496973014,0.79943979266792564,0.96539083567286688,0.51631730612150251,0.6901575922203107,0.43388186142849294,0.55815960405009923,0.85274855199083821,0.1468431074990969,0.00034092747503267073,6.0546016912632616e-05
