year,iter,incidence(millions),beta_H1,beta_H3,beta_B,susceptibility_H1_0,susceptibility_H1_5,susceptibility_H1_25,susceptibility_H1_65,susceptibility_H3_0,susceptibility_H3_5,susceptibility_H3_25,susceptibility_H3_65,susceptibility_B_0,susceptibility_B_5,susceptibility_B_25,susceptibility_B_65,vac_eff_hospitalization,vac_eff_mortality,prob_hosp_scaling,prob_death_scaling
2015-16,765,26.594359574170642,0.00163265705320631,0.0019464510001909185,0.0020771203822549378,0.57076468438094041,0.57493031405515449,0.99622064293681323,0.84735291412603353,0.6039908653375875,0.85042845630145902,0.55554479154675984,0.53028855798277519,0.55686760149574999,0.4839660913264584,0.78342083683712527,0.92189451700965497,0.76644365919318225,0.76394127474878892,0.00035387656245300381,4.2027931958843467e-05
