year,iter,incidence(millions),beta_H1,beta_H3,beta_B,susceptibility_H1_0,susceptibility_H1_5,susceptibility_H1_25,susceptibility_H1_65,susceptibility_H3_0,susceptibility_H3_5,susceptibility_H3_25,susceptibility_H3_65,susceptibility_B_0,susceptibility_B_5,susceptibility_B_25,susceptibility_B_65,vac_eff_hospitalization,vac_eff_mortality,prob_hosp_scaling,prob_death_scaling
2012-13,245,36.42425789516752,0.0021977992766415988,0.0015739663953634464,0.0022154767914689955,0.52098695642161186,0.4511364583685914,0.52506846189830014,0.89679011289087451,0.57806013856597527,0.9668357490037407,0.68222198201257755,0.43543479781722993,0.91722280424548819,0.65856992794803593,0.70195950963548837,0.54862477238416729,0.64944192749915253,0.79937511363729263,0.00084193288832179469,9.9034760211724748e-05
