year,iter,incidence(millions),beta_H1,beta_H3,beta_B,susceptibility_H1_0,susceptibility_H1_5,susceptibility_H1_25,susceptibility_H1_65,susceptibility_H3_0,susceptibility_H3_5,susceptibility_H3_25,susceptibility_H3_65,susceptibility_B_0,susceptibility_B_5,susceptibility_B_25,susceptibility_B_65,vac_eff_hospitalization,vac_eff_mortality,prob_hosp_scaling,prob_death_scaling
2012-13,294,35.46828058492721,0.0016256696346835797,0.0021278071239800855,0.0023355404711953298,0.89155899886002865,0.74233167944405631,0.51262552537521122,0.90779333220469693,0.91111108751243219,0.61113266957123347,0.57564413007879323,0.70873615820049185,0.51064925621692447,0.64766203970743219,0.47809498965154845,0.85247526234574633,0.2752794965627593,0.83416991519258787,0.00028276625797141186,5.5719430677836357e-05
