year,iter,incidence(millions),beta_H1,beta_H3,beta_B,susceptibility_H1_0,susceptibility_H1_5,susceptibility_H1_25,susceptibility_H1_65,susceptibility_H3_0,susceptibility_H3_5,susceptibility_H3_25,susceptibility_H3_65,susceptibility_B_0,susceptibility_B_5,susceptibility_B_25,susceptibility_B_65,vac_eff_hospitalization,vac_eff_mortality,prob_hosp_scaling,prob_death_scaling
2014-15,663,30.85605283356419,0.0012149773745233627,0.0021738009329990149,0.0017113257492168965,0.40510036139738254,0.89721316880076896,0.89177115652921524,0.48591833376608662,0.6704072169915376,0.57544896680479396,0.42977800526828225,0.43327462627126745,0.64993597618683596,0.7162679540740261,0.90172294567734457,0.8778156967318389,0.76696615850874594,0.12240622504399346,0.00069830467374942806,8.1192001524954538e-05
