year,iter,incidence(millions),beta_H1,beta_H3,beta_B,susceptibility_H1_0,susceptibility_H1_5,susceptibility_H1_25,susceptibility_H1_65,susceptibility_H3_0,susceptibility_H3_5,susceptibility_H3_25,susceptibility_H3_65,susceptibility_B_0,susceptibility_B_5,susceptibility_B_25,susceptibility_B_65,vac_eff_hospitalization,vac_eff_mortality,prob_hosp_scaling,prob_death_scaling
2015-16,541,24.81461796734304,0.0017230200570547138,0.0019205566555238751,0.0015273965906720255,0.8455240438377104,0.875584048053761,0.90031625534823445,0.4379814960650118,0.57368860502401753,0.62927108466255155,0.77780776289343057,0.73619482431578043,0.90040715526079285,0.98585194466156545,0.85178087395744506,0.57247882045289655,0.26075079694999459,0.38791776228450459,0.00064427489721891051,7.7219648399462493e-05
