year,iter,incidence(millions),beta_H1,beta_H3,beta_B,susceptibility_H1_0,susceptibility_H1_5,susceptibility_H1_25,susceptibility_H1_65,susceptibility_H3_0,susceptibility_H3_5,susceptibility_H3_25,susceptibility_H3_65,susceptibility_B_0,susceptibility_B_5,susceptibility_B_25,susceptibility_B_65,vac_eff_hospitalization,vac_eff_mortality,prob_hosp_scaling,prob_death_scaling
2014-15,990,31.02149218469015,0.0013377556290649073,0.0017921017092354385,0.0018682843676791627,0.89801032101643441,0.93291328487241154,0.89086933789004252,0.90042395204332881,0.83720469107316786,0.81809216683386543,0.72970102419396865,0.42035264057958882,0.60785377277345132,0.97231850454342228,0.82877550762337393,0.82301029631467859,0.045215885281267298,0.76936391796987558,0.00048430766979784545,0.00010200774439045324
