year,iter,incidence(millions),beta_H1,beta_H3,beta_B,susceptibility_H1_0,susceptibility_H1_5,susceptibility_H1_25,susceptibility_H1_65,susceptibility_H3_0,susceptibility_H3_5,susceptibility_H3_25,susceptibility_H3_65,susceptibility_B_0,susceptibility_B_5,susceptibility_B_25,susceptibility_B_65,vac_eff_hospitalization,vac_eff_mortality,prob_hosp_scaling,prob_death_scaling
2012-13,87,34.63975541317884,0.0011601647276444638,0.001490316803481162,0.0016135930698565337,0.56938150669936816,0.70430758192532217,0.91667140334458019,0.78331991331565787,0.46333766137036653,0.92946255760924568,0.69745254580527316,0.5931799957285101,0.73531159015648817,0.72384490194208095,0.94219352817756041,0.49769611380176748,0.085116143543069844,0.737577902000909,0.00083886851618059088,9.6523801319414737e-05
