year,iter,incidence(millions),beta_H1,beta_H3,beta_B,susceptibility_H1_0,susceptibility_H1_5,susceptibility_H1_25,susceptibility_H1_65,susceptibility_H3_0,susceptibility_H3_5,susceptibility_H3_25,susceptibility_H3_65,susceptibility_B_0,susceptibility_B_5,susceptibility_B_25,susceptibility_B_65,vac_eff_hospitalization,vac_eff_mortality,prob_hosp_scaling,prob_death_scaling
2015-16,762,25.07005715470641,0.0022160717892429904,0.0021830128532938642,0.0022295573262165469,0.8138114089790125,0.66098844055269179,0.62083579436903402,0.4942719956233948,0.59556826315160882,0.67086601674075397,0.51784248331860472,0.47979313197736984,0.89878915274226645,0.48288849896415303,0.73022701847602767,0.57575712535109003,0.22777010728383557,0.98106823684102884,0.00040495640996141002,7.6381206682740732e-05
