year,iter,incidence(millions),beta_H1,beta_H3,beta_B,susceptibility_H1_0,susceptibility_H1_5,susceptibility_H1_25,susceptibility_H1_65,susceptibility_H3_0,susceptibility_H3_5,susceptibility_H3_25,susceptibility_H3_65,susceptibility_B_0,susceptibility_B_5,susceptibility_B_25,susceptibility_B_65,vac_eff_hospitalization,vac_eff_mortality,prob_hosp_scaling,prob_death_scaling
2014-15,997,31.183283754166226,0.0021096719389843699,0.0017242957644694745,0.0018320821852709224,0.61638725360845115,0.73982850554152624,0.42390682213490921,0.54549953587411648,0.95295721657689048,0.75841061181427383,0.89882883737319386,0.59482273983784584,0.4971705793189955,0.84516089835915253,0.65532519872658546,0.5556168996092159,0.29905873041517905,0.29374935386589884,0.00026967104884684234,0.00010755858481809044
