year,iter,incidence(millions),beta_H1,beta_H3,beta_B,susceptibility_H1_0,susceptibility_H1_5,susceptibility_H1_25,susceptibility_H1_65,susceptibility_H3_0,susceptibility_H3_5,susceptibility_H3_25,susceptibility_H3_65,susceptibility_B_0,susceptibility_B_5,susceptibility_B_25,susceptibility_B_65,vac_eff_hospitalization,vac_eff_mortality,prob_hosp_scaling,prob_death_scaling
2015-16,537,24.550225148366962,0.0014704669631194212,0.0018297575470380134,0.0016684096087510869,0.86119693073169301,0.90688971363118953,0.90640232592829439,0.62347303365435447,0.94194767722175499,0.47675856294986391,0.59477058845530484,0.87730612813551268,0.46526386805095171,0.88528863639866784,0.59928334174263631,0.85085580034902097,0.38992416295052429,0.08555700992622689,0.00047100901056079669,5.1847738378907327e-05
