year,iter,incidence(millions),beta_H1,beta_H3,beta_B,susceptibility_H1_0,susceptibility_H1_5,susceptibility_H1_25,susceptibility_H1_65,susceptibility_H3_0,susceptibility_H3_5,susceptibility_H3_25,susceptibility_H3_65,susceptibility_B_0,susceptibility_B_5,susceptibility_B_25,susceptibility_B_65,vac_eff_hospitalization,vac_eff_mortality,prob_hosp_scaling,prob_death_scaling
2014-15,354,30.027380931216907,0.0017026448312934539,0.0015150993263194357,0.0029561617511898453,0.71170239001681779,0.77590487477030579,0.69864011140203952,0.87299667173853246,0.7569713550607049,0.85072885859763514,0.9842258553755372,0.79737479855275706,0.61976728364261802,0.55847486879736497,0.49551218784475476,0.49676975036128707,0.10270680975914426,0.96164117535416627,0.00044344757300723847,0.00010266592412283559
