year,iter,incidence(millions),beta_H1,beta_H3,beta_B,susceptibility_H1_0,susceptibility_H1_5,susceptibility_H1_25,susceptibility_H1_65,susceptibility_H3_0,susceptibility_H3_5,susceptibility_H3_25,susceptibility_H3_65,susceptibility_B_0,susceptibility_B_5,susceptibility_B_25,susceptibility_B_65,vac_eff_hospitalization,vac_eff_mortality,prob_hosp_scaling,prob_death_scaling
2015-16,542,24.757933043072605,0.0018149523736596951,0.0017140292159363857,0.0021579618093835462,0.97327283449280255,0.65883881379763576,0.87065744765395015,0.63501206367067076,0.73554075129812402,0.88825322735683376,0.44707784660530026,0.60528622712863001,0.62755717902549968,0.75602617967007535,0.50392637893039482,0.88780897449450769,0.34885101995121315,0.8205421506573447,0.00055807879216868139,0.00010270287635316677
