year,iter,incidence(millions),beta_H1,beta_H3,beta_B,susceptibility_H1_0,susceptibility_H1_5,susceptibility_H1_25,susceptibility_H1_65,susceptibility_H3_0,susceptibility_H3_5,susceptibility_H3_25,susceptibility_H3_65,susceptibility_B_0,susceptibility_B_5,susceptibility_B_25,susceptibility_B_65,vac_eff_hospitalization,vac_eff_mortality,prob_hosp_scaling,prob_death_scaling
2012-13,999,35.916923125431545,0.0015542491788930746,0.0024894549798332166,0.0022907298502732876,0.95148424618698768,0.82575875546252431,0.67524342084136613,0.5764712924199078,0.64148085091445484,0.53575376308072253,0.56024242544383152,0.8118697661581582,0.7942579374758848,0.52162454401552694,0.85126633891558223,0.76291130014899722,0.52819904639197335,0.98396821055152306,0.00047706427189114775,6.3737847528555491e-05
