year,iter,incidence(millions),beta_H1,beta_H3,beta_B,susceptibility_H1_0,susceptibility_H1_5,susceptibility_H1_25,susceptibility_H1_65,susceptibility_H3_0,susceptibility_H3_5,susceptibility_H3_25,susceptibility_H3_65,susceptibility_B_0,susceptibility_B_5,susceptibility_B_25,susceptibility_B_65,vac_eff_hospitalization,vac_eff_mortality,prob_hosp_scaling,prob_death_scaling
2015-16,812,26.093210001330103,0.0015961163914523513,0.0020462413547329694,0.0019081496118346086,0.42995447375195545,0.69070167978981389,0.9984775045959986,0.72794680015496849,0.69518579774600864,0.42425166925008578,0.76021192934765369,0.70807598786154247,0.46720044899067603,0.76972778135743325,0.61070760557345671,0.89221279099710915,1e-08,0.69030382254411349,0.00019426481871048784,5.9196991524901321e-05
