year,iter,incidence(millions),beta_H1,beta_H3,beta_B,susceptibility_H1_0,susceptibility_H1_5,susceptibility_H1_25,susceptibility_H1_65,susceptibility_H3_0,susceptibility_H3_5,susceptibility_H3_25,susceptibility_H3_65,susceptibility_B_0,susceptibility_B_5,susceptibility_B_25,susceptibility_B_65,vac_eff_hospitalization,vac_eff_mortality,prob_hosp_scaling,prob_death_scaling
2014-15,799,30.32176193328047,0.00099294703014596308,0.0020450005639343627,0.0019383823602540096,0.78553932765377754,0.68728806137940535,0.97831088731410454,0.48722692032385145,0.94448678126860108,0.54674139354442075,0.59001791778201385,0.51691997158444847,0.42924290597913806,0.93467132749760906,0.58494168626939269,0.66553841854254825,0.29062749276681127,0.61854767425161805,0.00049410362380009065,8.0944440089047998e-05
