year,iter,incidence(millions),beta_H1,beta_H3,beta_B,susceptibility_H1_0,susceptibility_H1_5,susceptibility_H1_25,susceptibility_H1_65,susceptibility_H3_0,susceptibility_H3_5,susceptibility_H3_25,susceptibility_H3_65,susceptibility_B_0,susceptibility_B_5,susceptibility_B_25,susceptibility_B_65,vac_eff_hospitalization,vac_eff_mortality,prob_hosp_scaling,prob_death_scaling
2015-16,533,24.19431871606587,0.0017032077039560445,0.0028466567341542404,0.0030241902171947443,0.62358628672638872,0.95487881846889999,0.62993575240583333,0.76956685170910821,0.91601996268352215,0.40958788920710487,0.46700379701621503,0.58674295137986354,0.82156971892811637,0.42206965786564737,0.46506733795714261,0.41799753516847193,0.74384843296387038,0.26353736389787519,0.00034788857638828885,2.7660883047730955e-05
