year,iter,incidence(millions),beta_H1,beta_H3,beta_B,susceptibility_H1_0,susceptibility_H1_5,susceptibility_H1_25,susceptibility_H1_65,susceptibility_H3_0,susceptibility_H3_5,susceptibility_H3_25,susceptibility_H3_65,susceptibility_B_0,susceptibility_B_5,susceptibility_B_25,susceptibility_B_65,vac_eff_hospitalization,vac_eff_mortality,prob_hosp_scaling,prob_death_scaling
2012-13,242,35.896683677226584,0.0020385971878252307,0.0022678674762263151,0.0023396229298545124,0.82871662040739524,0.59615366540785475,0.41718577991707584,0.89678195029414665,0.43180725868749292,0.68351344041053474,0.48367441552296675,0.76829624970900601,0.67628710292158023,0.56726854659990356,0.67676042660443514,0.70911631961964972,0.32161115947736174,0.097811080246615389,0.00045789496250409067,4.1498722787025599e-05
