year,iter,incidence(millions),beta_H1,beta_H3,beta_B,susceptibility_H1_0,susceptibility_H1_5,susceptibility_H1_25,susceptibility_H1_65,susceptibility_H3_0,susceptibility_H3_5,susceptibility_H3_25,susceptibility_H3_65,susceptibility_B_0,susceptibility_B_5,susceptibility_B_25,susceptibility_B_65,vac_eff_hospitalization,vac_eff_mortality,prob_hosp_scaling,prob_death_scaling
2014-15,89,29.82904707946397,0.0013547409410310518,0.0016252601201565131,0.0022750195328017364,0.85481307374065363,0.82869691865998774,0.59980854819542972,0.97609450712339008,0.88671076992482334,0.79137488149052393,0.55598666361715077,0.71419150451541491,0.43132284264797771,0.51100173243958757,0.72282231879552761,0.47043907967069443,0.028056533623786351,0.5703012385067886,0.00035813893190206336,8.2861132092271195e-05
