year,iter,incidence(millions),beta_H1,beta_H3,beta_B,susceptibility_H1_0,susceptibility_H1_5,susceptibility_H1_25,susceptibility_H1_65,susceptibility_H3_0,susceptibility_H3_5,susceptibility_H3_25,susceptibility_H3_65,susceptibility_B_0,susceptibility_B_5,susceptibility_B_25,susceptibility_B_65,vac_eff_hospitalization,vac_eff_mortality,prob_hosp_scaling,prob_death_scaling
2015-16,340,24.316922322721343,0.0014660325014152487,0.0017158480052142933,0.0019190914931788705,0.57226340421871535,0.71809232824710711,0.99467824065291721,0.71953632887754337,0.8004889958313457,0.84730012986293424,0.49559500552318353,0.53027725527514136,0.99219045776118797,0.67351864983801168,0.53167702622895041,0.72140328931894981,0.06126683221220719,0.76038404959435912,0.0004740931135321369,4.6311158964362775e-05
