year,iter,incidence(millions),beta_H1,beta_H3,beta_B,susceptibility_H1_0,susceptibility_H1_5,susceptibility_H1_25,susceptibility_H1_65,susceptibility_H3_0,susceptibility_H3_5,susceptibility_H3_25,susceptibility_H3_65,susceptibility_B_0,susceptibility_B_5,susceptibility_B_25,susceptibility_B_65,vac_eff_hospitalization,vac_eff_mortality,prob_hosp_scaling,prob_death_scaling
2015-16,808,24.743540168042863,0.0024140348021683966,0.0020504599924356381,0.0016329724470657281,0.7445930090542876,0.7608385096767023,0.4305647492718514,0.5178235408943368,0.49659242459500402,0.73614281448870922,0.47217179250452168,0.83636739423710993,0.52131505303433556,0.99022055139547605,0.83532012626439556,0.51567547638732347,0.44191071753585209,0.51321811267673012,0.00096328193726230582,8.7200041520574256e-05
