year,iter,incidence(millions),beta_H1,beta_H3,beta_B,susceptibility_H1_0,susceptibility_H1_5,susceptibility_H1_25,susceptibility_H1_65,susceptibility_H3_0,susceptibility_H3_5,susceptibility_H3_25,susceptibility_H3_65,susceptibility_B_0,susceptibility_B_5,susceptibility_B_25,susceptibility_B_65,vac_eff_hospitalization,vac_eff_mortality,prob_hosp_scaling,prob_death_scaling
2014-15,745,30.701299371765547,0.0016376237893044876,0.0018241823708374238,0.0018660248906082755,0.7983260978777974,0.45995820363744094,0.81243557899849361,0.41689863976419872,0.69981319440100254,0.7746925958541131,0.45022338481992019,0.93619449268319177,0.72826007181283836,0.98112428760517723,0.40085808557093022,0.41379365394079487,0.2683234053398505,0.87289896647043319,0.00072143566905735756,7.3410471604973271e-05
