year,iter,incidence(millions),beta_H1,beta_H3,beta_B,susceptibility_H1_0,susceptibility_H1_5,susceptibility_H1_25,susceptibility_H1_65,susceptibility_H3_0,susceptibility_H3_5,susceptibility_H3_25,susceptibility_H3_65,susceptibility_B_0,susceptibility_B_5,susceptibility_B_25,susceptibility_B_65,vac_eff_hospitalization,vac_eff_mortality,prob_hosp_scaling,prob_death_scaling
2015-16,299,26.1311952240401,0.0022077350863775602,0.0022792085830917186,0.0023196388704024296,0.7183173553315283,0.65095531568982712,0.47983843871758747,0.79296859478665349,0.63441970945417914,0.50640914151854743,0.58138479924236752,0.79148090800573412,0.93863208094742523,0.41447929687358687,0.72738266776491189,0.40260706866946505,1e-08,0.4092232376170164,0.00070502023304397365,4.635716809736623e-05
