year,iter,incidence(millions),beta_H1,beta_H3,beta_B,susceptibility_H1_0,susceptibility_H1_5,susceptibility_H1_25,susceptibility_H1_65,susceptibility_H3_0,susceptibility_H3_5,susceptibility_H3_25,susceptibility_H3_65,susceptibility_B_0,susceptibility_B_5,susceptibility_B_25,susceptibility_B_65,vac_eff_hospitalization,vac_eff_mortality,prob_hosp_scaling,prob_death_scaling
2015-16,295,26.56098416582264,0.0015762037802861117,0.0016540323497489795,0.0017651953013458344,0.59690981406972954,0.65939651204569993,0.97845885506627783,0.84977123322402881,0.56890868907483749,0.53828358202612525,0.92115390380716877,0.53983410088955375,0.98370829783987712,0.51758644221722538,0.48062175229379983,0.81748240763428892,0.74632622217094824,0.13110256700797784,0.0002917328309230971,6.1307160977464026e-05
