year,iter,incidence(millions),beta_H1,beta_H3,beta_B,susceptibility_H1_0,susceptibility_H1_5,susceptibility_H1_25,susceptibility_H1_65,susceptibility_H3_0,susceptibility_H3_5,susceptibility_H3_25,susceptibility_H3_65,susceptibility_B_0,susceptibility_B_5,susceptibility_B_25,susceptibility_B_65,vac_eff_hospitalization,vac_eff_mortality,prob_hosp_scaling,prob_death_scaling
2014-15,998,32.07314071478052,0.0018242742050972316,0.0014903694996217243,0.0015474717377981784,0.68203406377388909,0.71112924322375581,0.43097570665658214,0.45686317627959927,0.42144457288596804,0.77074672046433323,0.91825900639680913,0.57615031807435702,0.60086508200941491,0.96434000727145541,0.90145011480702775,0.45358392800047159,0.18884323127679015,0.90912719547200349,0.001047113652518139,8.5796599496590353e-05
