year,iter,incidence(millions),beta_H1,beta_H3,beta_B,susceptibility_H1_0,susceptibility_H1_5,susceptibility_H1_25,susceptibility_H1_65,susceptibility_H3_0,susceptibility_H3_5,susceptibility_H3_25,susceptibility_H3_65,susceptibility_B_0,susceptibility_B_5,susceptibility_B_25,susceptibility_B_65,vac_eff_hospitalization,vac_eff_mortality,prob_hosp_scaling,prob_death_scaling
2014-15,92,29.424317859738505,0.0016259943301124014,0.0019490623866254553,0.0020322386835872064,0.70358545759786073,0.47855043185542412,0.46149973061406113,0.90694327156149046,0.81757815536628542,0.69722498016478651,0.48324816212812116,0.68426441391261283,0.50678861500320793,0.92231507060537088,0.63730647023914988,0.72535609672482027,0.76358521718953143,0.18788434839868057,0.00074318970748576962,8.0711059073368396e-05
