year,iter,incidence(millions),beta_H1,beta_H3,beta_B,susceptibility_H1_0,susceptibility_H1_5,susceptibility_H1_25,susceptibility_H1_65,susceptibility_H3_0,susceptibility_H3_5,susceptibility_H3_25,susceptibility_H3_65,susceptibility_B_0,susceptibility_B_5,susceptibility_B_25,susceptibility_B_65,vac_eff_hospitalization,vac_eff_mortality,prob_hosp_scaling,prob_death_scaling
2015-16,760,24.475372641342958,0.002456370919407147,0.0018333937170144088,0.0017639199691796836,0.89024873626929768,0.44929922985519766,0.55651232713072984,0.66175667343236544,0.87810389767078167,0.78665745512710505,0.64758654442965935,0.90223041308646157,0.986917022892984,0.83307628051058624,0.7115077676503283,0.55100388950910684,0.96603422417082163,0.040914778297160947,0.00040167774092908504,2.4307513484200793e-05
