year,iter,incidence(millions),beta_H1,beta_H3,beta_B,susceptibility_H1_0,susceptibility_H1_5,susceptibility_H1_25,susceptibility_H1_65,susceptibility_H3_0,susceptibility_H3_5,susceptibility_H3_25,susceptibility_H3_65,susceptibility_B_0,susceptibility_B_5,susceptibility_B_25,susceptibility_B_65,vac_eff_hospitalization,vac_eff_mortality,prob_hosp_scaling,prob_death_scaling
2012-13,993,35.36961137196663,0.0020185807176543169,0.0019792923721092537,0.0019873449990372993,0.81985036251540255,0.65223137561518463,0.44213213860832312,0.80405053181970687,0.83912111579902682,0.85271309311415022,0.49201732338605797,0.76272613655525123,0.93330412813676267,0.90152074805312821,0.66114126782846361,0.69395072107993028,0.44051259497594919,0.7932543778043939,0.00077661616860469351,8.575371489893957e-05
