year,iter,incidence(millions),beta_H1,beta_H3,beta_B,susceptibility_H1_0,susceptibility_H1_5,susceptibility_H1_25,susceptibility_H1_65,susceptibility_H3_0,susceptibility_H3_5,susceptibility_H3_25,susceptibility_H3_65,susceptibility_B_0,susceptibility_B_5,susceptibility_B_25,susceptibility_B_65,vac_eff_hospitalization,vac_eff_mortality,prob_hosp_scaling,prob_death_scaling
2014-15,999,30.587425333653226,0.0011598301611979167,0.001923742027177322,0.0022730523732020225,0.71881839520310375,0.91350191989607876,0.48424509223143664,0.82570566603261497,0.69567938281204145,0.62115581379688267,0.58926926659922341,0.48146569881945017,0.45431935535943174,0.7572926978048351,0.46542384149247734,0.50495378043423456,0.32138812782689075,0.15531498386958192,0.00048785010368290749,7.3696907340103923e-05
