year,iter,incidence(millions),beta_H1,beta_H3,beta_B,susceptibility_H1_0,susceptibility_H1_5,susceptibility_H1_25,susceptibility_H1_65,susceptibility_H3_0,susceptibility_H3_5,susceptibility_H3_25,susceptibility_H3_65,susceptibility_B_0,susceptibility_B_5,susceptibility_B_25,susceptibility_B_65,vac_eff_hospitalization,vac_eff_mortality,prob_hosp_scaling,prob_death_scaling
2014-15,736,31.72873981724371,0.0013788627176276047,0.0018792728376745838,0.0017776229244619302,0.81196654476795671,0.77634558959745159,0.64455395423351403,0.91961636487995246,0.44235529530666251,0.64340970750695692,0.50303079710076015,0.80456838158145949,0.62692233955298016,0.48954767156922036,0.41670837995623344,0.71462962784366146,0.35596710266058618,0.61047257030282764,0.0002404547457666717,5.2281804295728485e-05
