year,iter,incidence(millions),beta_H1,beta_H3,beta_B,susceptibility_H1_0,susceptibility_H1_5,susceptibility_H1_25,susceptibility_H1_65,susceptibility_H3_0,susceptibility_H3_5,susceptibility_H3_25,susceptibility_H3_65,susceptibility_B_0,susceptibility_B_5,susceptibility_B_25,susceptibility_B_65,vac_eff_hospitalization,vac_eff_mortality,prob_hosp_scaling,prob_death_scaling
2017-18,605,47.968051021147865,0.00200514624008441,0.0019612886300802712,0.002259211778562753,0.81553782572139144,0.827782541796244,0.81665884187569115,0.73144515194463122,0.40383045942169027,0.80920695278379862,0.69899149600048116,0.47728657184427525,0.77783764364316887,0.64770995152302113,0.798018597499907,0.63305922639009804,0.58670155648449984,0.13270117643364449,0.00052963096091929174,6.6285398448440169e-05
