year,iter,incidence(millions),beta_H1,beta_H3,beta_B,susceptibility_H1_0,susceptibility_H1_5,susceptibility_H1_25,susceptibility_H1_65,susceptibility_H3_0,susceptibility_H3_5,susceptibility_H3_25,susceptibility_H3_65,susceptibility_B_0,susceptibility_B_5,susceptibility_B_25,susceptibility_B_65,vac_eff_hospitalization,vac_eff_mortality,prob_hosp_scaling,prob_death_scaling
2015-16,770,27.407889278588986,0.0015844914843656244,0.0016354914474045468,0.0014085873985459907,0.49970501431481423,0.62492143199982397,0.89883938057009616,0.81369568823399352,0.95863410140517535,0.70214785352216136,0.76278303280267234,0.63205409212419328,0.89160510521337444,0.90708751539911336,0.91934826613528764,0.72241641708006277,0.61233836461688129,0.89603084534110411,0.00029872714881046258,3.8013934655745096e-05
