year,iter,incidence(millions),beta_H1,beta_H3,beta_B,susceptibility_H1_0,susceptibility_H1_5,susceptibility_H1_25,susceptibility_H1_65,susceptibility_H3_0,susceptibility_H3_5,susceptibility_H3_25,susceptibility_H3_65,susceptibility_B_0,susceptibility_B_5,susceptibility_B_25,susceptibility_B_65,vac_eff_hospitalization,vac_eff_mortality,prob_hosp_scaling,prob_death_scaling
2015-16,97,26.434553027512766,0.0018109218544964389,0.0019293322829297965,0.0019601485954612863,0.46015811817781249,0.87814932318614936,0.84288013108254267,0.88121005115838547,0.75568129262731831,0.54164871564370753,0.59593017002592774,0.68974290752826073,0.93592005085609276,0.69728581412355428,0.84085427436229998,0.77492747535117101,0.20033122792564595,0.32322192443299713,0.00035365670934595084,1.7455776390173927e-05
