year,iter,incidence(millions),beta_H1,beta_H3,beta_B,susceptibility_H1_0,susceptibility_H1_5,susceptibility_H1_25,susceptibility_H1_65,susceptibility_H3_0,susceptibility_H3_5,susceptibility_H3_25,susceptibility_H3_65,susceptibility_B_0,susceptibility_B_5,susceptibility_B_25,susceptibility_B_65,vac_eff_hospitalization,vac_eff_mortality,prob_hosp_scaling,prob_death_scaling
2015-16,823,26.7647793425027,0.0025684661156586408,0.0022463665738510219,0.0029618387094609844,0.49796983523688221,0.44711780628151443,0.70369394752377923,0.82198088467703645,0.41114464299667314,0.63178856257656391,0.6035572768099311,0.49496741780861714,0.87053005998818977,0.42965161166504617,0.4180911219393304,0.90053864926750593,0.48625966014927563,0.26300378070102615,0.00036410908189454805,3.3970986292375382e-05
