year,iter,incidence(millions),beta_H1,beta_H3,beta_B,susceptibility_H1_0,susceptibility_H1_5,susceptibility_H1_25,susceptibility_H1_65,susceptibility_H3_0,susceptibility_H3_5,susceptibility_H3_25,susceptibility_H3_65,susceptibility_B_0,susceptibility_B_5,susceptibility_B_25,susceptibility_B_65,vac_eff_hospitalization,vac_eff_mortality,prob_hosp_scaling,prob_death_scaling
2015-16,769,26.77403331018365,0.0025153484762052702,0.0011639213530664771,0.0018925733771015807,0.56524561358235981,0.57810161000971538,0.54764558970842903,0.78231642178117677,0.4067149533127154,0.76267607195545395,0.73797401392645035,0.71253029951326297,0.99441614467559658,0.4309466436781082,0.92195321336031821,0.86804538045107282,0.91345838263220958,0.9874333871315879,0.00061085905918495387,2.7357344405454231e-05
