year,iter,incidence(millions),beta_H1,beta_H3,beta_B,susceptibility_H1_0,susceptibility_H1_5,susceptibility_H1_25,susceptibility_H1_65,susceptibility_H3_0,susceptibility_H3_5,susceptibility_H3_25,susceptibility_H3_65,susceptibility_B_0,susceptibility_B_5,susceptibility_B_25,susceptibility_B_65,vac_eff_hospitalization,vac_eff_mortality,prob_hosp_scaling,prob_death_scaling
2014-15,991,30.652973157723608,0.0013766887185377996,0.0017736595332866756,0.0016073119541766823,0.71987096159770192,0.6853388849038613,0.85178896916167357,0.58523395980195803,0.42709908632530513,0.5355931801035676,0.76355807884500937,0.98749337929396519,0.87022753283865728,0.56423122841517526,0.97456372805507119,0.44204560192540998,0.97647951065237315,0.57937774556584587,0.00028713933452151341,6.8132698618550425e-05
