year,iter,incidence(millions),beta_H1,beta_H3,beta_B,susceptibility_H1_0,susceptibility_H1_5,susceptibility_H1_25,susceptibility_H1_65,susceptibility_H3_0,susceptibility_H3_5,susceptibility_H3_25,susceptibility_H3_65,susceptibility_B_0,susceptibility_B_5,susceptibility_B_25,susceptibility_B_65,vac_eff_hospitalization,vac_eff_mortality,prob_hosp_scaling,prob_death_scaling
2012-13,241,35.97497489748251,0.0018345337692317609,0.0021042475280502737,0.0025190194437316182,0.88233344060427821,0.68515679571960075,0.62639148879113138,0.58619491759583586,0.72647759811124046,0.56147623460798501,0.78772650543479639,0.90183134237060636,0.62498357428680784,0.60551668300758643,0.62992526205106136,0.97837412080231756,0.9200145387743579,0.61070647526824373,0.00016679456231782908,2.8933391306273926e-05
