year,iter,incidence(millions),beta_H1,beta_H3,beta_B,susceptibility_H1_0,susceptibility_H1_5,susceptibility_H1_25,susceptibility_H1_65,susceptibility_H3_0,susceptibility_H3_5,susceptibility_H3_25,susceptibility_H3_65,susceptibility_B_0,susceptibility_B_5,susceptibility_B_25,susceptibility_B_65,vac_eff_hospitalization,vac_eff_mortality,prob_hosp_scaling,prob_death_scaling
2015-16,532,25.584666672662195,0.0017782584629619236,0.0016890817478866227,0.0016500802118777358,0.89640974663088069,0.7972210512279807,0.72199737515094609,0.53362937824365231,0.92708467965069241,0.66305400289252514,0.81881226117125516,0.89332263937678547,0.46241184391915319,0.77099723937096276,0.91451510287127036,0.89973885059721836,0.61873599247807265,0.63703672157500679,0.00023918832478242447,3.1218689209300265e-05
