year,iter,incidence(millions),beta_H1,beta_H3,beta_B,susceptibility_H1_0,susceptibility_H1_5,susceptibility_H1_25,susceptibility_H1_65,susceptibility_H3_0,susceptibility_H3_5,susceptibility_H3_25,susceptibility_H3_65,susceptibility_B_0,susceptibility_B_5,susceptibility_B_25,susceptibility_B_65,vac_eff_hospitalization,vac_eff_mortality,prob_hosp_scaling,prob_death_scaling
2015-16,668,26.61382499641611,0.0016933099464379597,0.001935162206671226,0.0018578419589071471,0.72473289369869986,0.74225200584083073,0.95163874295712669,0.51958858265820795,0.52103060838609228,0.76127986893594435,0.64135508550743525,0.75371592102362417,0.4824822473499466,0.87220168837567569,0.73979700557794237,0.75908680968174269,0.03541806314451923,0.5081273877061161,0.00038841988591981069,4.3405115030703545e-05
