year,iter,incidence(millions),beta_H1,beta_H3,beta_B,susceptibility_H1_0,susceptibility_H1_5,susceptibility_H1_25,susceptibility_H1_65,susceptibility_H3_0,susceptibility_H3_5,susceptibility_H3_25,susceptibility_H3_65,susceptibility_B_0,susceptibility_B_5,susceptibility_B_25,susceptibility_B_65,vac_eff_hospitalization,vac_eff_mortality,prob_hosp_scaling,prob_death_scaling
2015-16,89,25.116766787259564,0.0020559177835078324,0.0016322820831107809,0.0014967265389359552,0.64422188890538223,0.83934602952074866,0.44938945598890456,0.60987089597399602,0.61682889569112442,0.7292828351946552,0.68274052418762543,0.87673707733939743,0.40540829178630705,0.90483848360858143,0.88232252237539877,0.9802564772906206,0.76617696287110038,0.89283525232455418,0.00065500594184680905,2.8760437723485133e-05
