year,iter,incidence(millions),beta_H1,beta_H3,beta_B,susceptibility_H1_0,susceptibility_H1_5,susceptibility_H1_25,susceptibility_H1_65,susceptibility_H3_0,susceptibility_H3_5,susceptibility_H3_25,susceptibility_H3_65,susceptibility_B_0,susceptibility_B_5,susceptibility_B_25,susceptibility_B_65,vac_eff_hospitalization,vac_eff_mortality,prob_hosp_scaling,prob_death_scaling
2015-16,343,25.19236600659804,0.0020201731817342528,0.0019324367092066197,0.0017432116901054395,0.90992716653552863,0.52032424116196097,0.81800052534794532,0.90223116012342619,0.77028202963196457,0.46019485564517659,0.81630595473008483,0.92258262548719527,0.66380209057673123,0.80451904239779259,0.94189913893992694,0.90457231014448769,0.25163113564457773,0.2928439709326271,0.00015877247412859896,3.4840733879937247e-05
