year,iter,incidence(millions),beta_H1,beta_H3,beta_B,susceptibility_H1_0,susceptibility_H1_5,susceptibility_H1_25,susceptibility_H1_65,susceptibility_H3_0,susceptibility_H3_5,susceptibility_H3_25,susceptibility_H3_65,susceptibility_B_0,susceptibility_B_5,susceptibility_B_25,susceptibility_B_65,vac_eff_hospitalization,vac_eff_mortality,prob_hosp_scaling,prob_death_scaling
2015-16,198,25.74732881969133,0.0017005255346361214,0.0018689180944506112,0.0020233741793431737,0.71077247968843471,0.43868281059426756,0.90111777947436966,0.59275066224586037,0.92053070259890002,0.88905825996443233,0.41306208868791899,0.73023658683040416,0.63876566779816768,0.58834589429470219,0.65159810638410764,0.72102060983351213,0.70801011657848378,0.60816932861130091,0.00056871692815191333,2.7357112897807845e-05
