year,iter,incidence(millions),beta_H1,beta_H3,beta_B,susceptibility_H1_0,susceptibility_H1_5,susceptibility_H1_25,susceptibility_H1_65,susceptibility_H3_0,susceptibility_H3_5,susceptibility_H3_25,susceptibility_H3_65,susceptibility_B_0,susceptibility_B_5,susceptibility_B_25,susceptibility_B_65,vac_eff_hospitalization,vac_eff_mortality,prob_hosp_scaling,prob_death_scaling
2017-18,613,48.83349831352566,0.0019602664792661151,0.0016197937690312081,0.0017451492800915069,0.54143613735832297,0.50355622337046835,0.84750068900831921,0.48836482657829627,0.95299678178365066,0.71840929053985447,0.79165712797965382,0.83348769626508079,0.75706308628889496,0.88078208489667542,0.47728762184602219,0.80808179310864781,0.71732023895862107,0.69139351967227003,0.0003209725381739803,5.870596578988474e-05
