year,iter,incidence(millions),beta_H1,beta_H3,beta_B,susceptibility_H1_0,susceptibility_H1_5,susceptibility_H1_25,susceptibility_H1_65,susceptibility_H3_0,susceptibility_H3_5,susceptibility_H3_25,susceptibility_H3_65,susceptibility_B_0,susceptibility_B_5,susceptibility_B_25,susceptibility_B_65,vac_eff_hospitalization,vac_eff_mortality,prob_hosp_scaling,prob_death_scaling
2014-15,806,30.64025796906417,0.0016359215283308637,0.0018137601742771459,0.0017876057072474527,0.44879639638892771,0.89856739977755573,0.56017497658687687,0.95480051091019358,0.56851289018677731,0.83103460921244565,0.66806055152125154,0.98100027576131654,0.90497132710627548,0.86371511470462958,0.95071996358449251,0.50406719356910956,0.89778953257021188,0.48434380028063789,0.00042092511363672758,7.117447987459169e-05
