year,iter,incidence(millions),beta_H1,beta_H3,beta_B,susceptibility_H1_0,susceptibility_H1_5,susceptibility_H1_25,susceptibility_H1_65,susceptibility_H3_0,susceptibility_H3_5,susceptibility_H3_25,susceptibility_H3_65,susceptibility_B_0,susceptibility_B_5,susceptibility_B_25,susceptibility_B_65,vac_eff_hospitalization,vac_eff_mortality,prob_hosp_scaling,prob_death_scaling
2013-14,998,32.18575987881569,0.0027784117375618811,0.0014946247324761908,0.0019720424999773445,0.43878028640245492,0.47615134188054187,0.64721161805162741,0.89980270503323423,0.72978952626899241,0.84516418835484552,0.89727795973759217,0.64360567189702755,0.57556950437132071,0.84278856627338539,0.47249980935863267,0.75370544339802192,0.25252073489225901,0.098578973485425381,0.00041351081529716893,3.0373535911676353e-05
