year,iter,incidence(millions),beta_H1,beta_H3,beta_B,susceptibility_H1_0,susceptibility_H1_5,susceptibility_H1_25,susceptibility_H1_65,susceptibility_H3_0,susceptibility_H3_5,susceptibility_H3_25,susceptibility_H3_65,susceptibility_B_0,susceptibility_B_5,susceptibility_B_25,susceptibility_B_65,vac_eff_hospitalization,vac_eff_mortality,prob_hosp_scaling,prob_death_scaling
2015-16,530,24.48095904605457,0.0019638005608105802,0.0019995590776723526,0.0016630019237051652,0.51542268580520845,0.68045438177403272,0.67640955025253258,0.6346528783512918,0.82980436193872664,0.64365181826947104,0.57751335199500908,0.80102243420499031,0.70708445435928646,0.42862459886874132,0.75587283779372805,0.67885969274774705,0.16310363085083257,0.35096436499671713,0.00040999175108191732,6.7183334375719994e-05
