year,iter,incidence(millions),beta_H1,beta_H3,beta_B,susceptibility_H1_0,susceptibility_H1_5,susceptibility_H1_25,susceptibility_H1_65,susceptibility_H3_0,susceptibility_H3_5,susceptibility_H3_25,susceptibility_H3_65,susceptibility_B_0,susceptibility_B_5,susceptibility_B_25,susceptibility_B_65,vac_eff_hospitalization,vac_eff_mortality,prob_hosp_scaling,prob_death_scaling
2014-15,797,32.03234034855121,0.0014869816152267568,0.0015423016658139277,0.0015861385321756516,0.99556807641724554,0.52798342943880749,0.91721760302145006,0.47282805307336151,0.63910126405421497,0.78428271390773041,0.82711194414319122,0.84215229427045857,0.81621652525003818,0.875818120060321,0.99570663144123672,0.57689842004028091,0.022092243904590747,0.45131792120501091,0.0004414150313418741,6.3375460847725495e-05
