year,iter,incidence(millions),beta_H1,beta_H3,beta_B,susceptibility_H1_0,susceptibility_H1_5,susceptibility_H1_25,susceptibility_H1_65,susceptibility_H3_0,susceptibility_H3_5,susceptibility_H3_25,susceptibility_H3_65,susceptibility_B_0,susceptibility_B_5,susceptibility_B_25,susceptibility_B_65,vac_eff_hospitalization,vac_eff_mortality,prob_hosp_scaling,prob_death_scaling
2012-13,222,33.89105543580288,0.001920050613641533,0.0021143474663703477,0.0018512128156908392,0.59512230547531586,0.46723716729225001,0.61781982402894875,0.60011876507018314,0.41839720227707455,0.53702882049514344,0.68175552260048422,0.80220219689301819,0.49943376934387579,0.93222739896001383,0.63741578211336469,0.56050623307771186,0.6197127884630973,0.77213417933077677,0.00071032692479183757,7.4485594875717265e-05
