year,iter,incidence(millions),beta_H1,beta_H3,beta_B,susceptibility_H1_0,susceptibility_H1_5,susceptibility_H1_25,susceptibility_H1_65,susceptibility_H3_0,susceptibility_H3_5,susceptibility_H3_25,susceptibility_H3_65,susceptibility_B_0,susceptibility_B_5,susceptibility_B_25,susceptibility_B_65,vac_eff_hospitalization,vac_eff_mortality,prob_hosp_scaling,prob_death_scaling
2017-18,611,50.29082266217685,0.0023540159539220951,0.0019354972246817814,0.0017450970700270685,0.77284324850349695,0.54001406640260097,0.61585502292881478,0.97324748152975993,0.55549556881115081,0.84508944475678627,0.44724043950086328,0.89164540650238178,0.45759525632311748,0.90046755658663025,0.77826332527053554,0.84920799851817097,0.89285407166313879,0.45905757681037318,0.00030638263116594677,1e-08
