year,iter,incidence(millions),beta_H1,beta_H3,beta_B,susceptibility_H1_0,susceptibility_H1_5,susceptibility_H1_25,susceptibility_H1_65,susceptibility_H3_0,susceptibility_H3_5,susceptibility_H3_25,susceptibility_H3_65,susceptibility_B_0,susceptibility_B_5,susceptibility_B_25,susceptibility_B_65,vac_eff_hospitalization,vac_eff_mortality,prob_hosp_scaling,prob_death_scaling
2014-15,65,30.432507376776297,0.0019210474444327219,0.0019463658253137117,0.0020089110613497052,0.51407583076611008,0.61503151136061163,0.69384055737705341,0.61178092852318466,0.76552620700887175,0.64620913073689978,0.72909767374039913,0.91707223085980938,0.97981539108882343,0.77103160985946184,0.43008460418875788,0.95202362553912101,0.36949847673790359,0.99628195407214726,0.00039970010290424351,9.4123029829362714e-05
