year,iter,incidence(millions),beta_H1,beta_H3,beta_B,susceptibility_H1_0,susceptibility_H1_5,susceptibility_H1_25,susceptibility_H1_65,susceptibility_H3_0,susceptibility_H3_5,susceptibility_H3_25,susceptibility_H3_65,susceptibility_B_0,susceptibility_B_5,susceptibility_B_25,susceptibility_B_65,vac_eff_hospitalization,vac_eff_mortality,prob_hosp_scaling,prob_death_scaling
2012-13,291,35.48206502472078,0.0015229454943876952,0.0023828385072073299,0.0026031510827827509,0.88090242717851619,0.78608891154116667,0.49723219631024973,0.52027969532917018,0.47430062430298997,0.75682809770061921,0.4921782752584225,0.91167115847004965,0.66361837712265148,0.89137252562439762,0.46185793017013765,0.90656897242751611,0.011835102310501555,0.68306293085875924,0.00042217828647000966,2.9083101031779357e-05
