year,iter,incidence(millions),beta_H1,beta_H3,beta_B,susceptibility_H1_0,susceptibility_H1_5,susceptibility_H1_25,susceptibility_H1_65,susceptibility_H3_0,susceptibility_H3_5,susceptibility_H3_25,susceptibility_H3_65,susceptibility_B_0,susceptibility_B_5,susceptibility_B_25,susceptibility_B_65,vac_eff_hospitalization,vac_eff_mortality,prob_hosp_scaling,prob_death_scaling
2011-12,997,10.208373341369693,0.0015937938663017626,0.0016226602242758736,0.0019189416299632001,0.47037898660932664,0.95623597457691334,0.99767640911176514,0.63064522843140458,0.90338813701759657,0.92823380420048451,0.78930733647725138,0.4913693267890748,0.97777464149517868,0.73738491049753696,0.71923568543213479,0.74285549898879844,0.17742278499613673,0.94684593355595403,0.00041124184157897981,9.390023742372744e-05
