year,iter,incidence(millions),beta_H1,beta_H3,beta_B,susceptibility_H1_0,susceptibility_H1_5,susceptibility_H1_25,susceptibility_H1_65,susceptibility_H3_0,susceptibility_H3_5,susceptibility_H3_25,susceptibility_H3_65,susceptibility_B_0,susceptibility_B_5,susceptibility_B_25,susceptibility_B_65,vac_eff_hospitalization,vac_eff_mortality,prob_hosp_scaling,prob_death_scaling
2014-15,684,31.67907041086848,0.0015750147888510257,0.0021553679887945099,0.0023498494795735625,0.46740233491096983,0.60811190615167798,0.95916750816190255,0.5524643502313239,0.48089463344013644,0.70503331579452644,0.45881978998812917,0.40931711026899975,0.61485959576052507,0.57282174124722751,0.63701003358883757,0.86434455709809077,0.41725807313069752,0.15124058314885447,0.00075530864847778156,1e-08
