year,iter,incidence(millions),beta_H1,beta_H3,beta_B,susceptibility_H1_0,susceptibility_H1_5,susceptibility_H1_25,susceptibility_H1_65,susceptibility_H3_0,susceptibility_H3_5,susceptibility_H3_25,susceptibility_H3_65,susceptibility_B_0,susceptibility_B_5,susceptibility_B_25,susceptibility_B_65,vac_eff_hospitalization,vac_eff_mortality,prob_hosp_scaling,prob_death_scaling
2014-15,679,30.40828413568176,0.0012441663978023376,0.0012777208000773754,0.0019976176508067489,0.42567450685242092,0.75229648103888813,0.96085322654257244,0.98109544404690996,0.8631858775452359,0.93367947224945613,0.90934172227473731,0.61584209753890606,0.72954837116694782,0.86933941060864028,0.42236058380873936,0.94669963590303008,0.49640324661587909,0.91389651829741048,0.00076285624537802965,9.6303359989780013e-05
