year,iter,incidence(millions),beta_H1,beta_H3,beta_B,susceptibility_H1_0,susceptibility_H1_5,susceptibility_H1_25,susceptibility_H1_65,susceptibility_H3_0,susceptibility_H3_5,susceptibility_H3_25,susceptibility_H3_65,susceptibility_B_0,susceptibility_B_5,susceptibility_B_25,susceptibility_B_65,vac_eff_hospitalization,vac_eff_mortality,prob_hosp_scaling,prob_death_scaling
2015-16,786,24.63915695597369,0.0019850636882680628,0.0015183373971738856,0.0018292077404372664,0.98418350802689392,0.44239326483736774,0.73758308317049537,0.86710452626435663,0.64935838203857998,0.90316088727002541,0.74861730662607995,0.54089453354154782,0.45910994878007061,0.7190138473671811,0.778906414765135,0.88130654417030119,0.44283142555635141,0.22324622426659957,0.00077290265670876268,3.3158304801050864e-05
