year,iter,incidence(millions),beta_H1,beta_H3,beta_B,susceptibility_H1_0,susceptibility_H1_5,susceptibility_H1_25,susceptibility_H1_65,susceptibility_H3_0,susceptibility_H3_5,susceptibility_H3_25,susceptibility_H3_65,susceptibility_B_0,susceptibility_B_5,susceptibility_B_25,susceptibility_B_65,vac_eff_hospitalization,vac_eff_mortality,prob_hosp_scaling,prob_death_scaling
2014-15,756,31.88111328741128,1.0000000000010001e-05,0.00088466087985322739,0.0021227021308493077,0.99555344572128046,0.68643780672329135,0.77909885698706249,0.85249852988521346,0.81036611522016377,0.69138505775364401,0.97334177656382992,0.97527276569594745,0.51328308074100282,0.74114936733702508,0.74047272289314603,0.43639223273153627,0.073343837841698845,0.72108053239430547,0.0019935514735473503,0.00010024968340310858
