year,iter,incidence(millions),beta_H1,beta_H3,beta_B,susceptibility_H1_0,susceptibility_H1_5,susceptibility_H1_25,susceptibility_H1_65,susceptibility_H3_0,susceptibility_H3_5,susceptibility_H3_25,susceptibility_H3_65,susceptibility_B_0,susceptibility_B_5,susceptibility_B_25,susceptibility_B_65,vac_eff_hospitalization,vac_eff_mortality,prob_hosp_scaling,prob_death_scaling
2012-13,86,32.19827298230537,0.0015209550030579888,0.0014271528969196923,0.0022717358486085137,0.85473484717069281,0.68559216843314064,0.76787434360450235,0.90724441425392255,0.82955212931588607,0.99878890193731529,0.9762799585593922,0.58237225845257345,0.86134226196170749,0.78305502087927881,0.4998568809574242,0.49718103262087154,0.92269620485979997,0.15906471822930923,0.00071056958089893429,0.00015885591059394688
