year,iter,incidence(millions),beta_H1,beta_H3,beta_B,susceptibility_H1_0,susceptibility_H1_5,susceptibility_H1_25,susceptibility_H1_65,susceptibility_H3_0,susceptibility_H3_5,susceptibility_H3_25,susceptibility_H3_65,susceptibility_B_0,susceptibility_B_5,susceptibility_B_25,susceptibility_B_65,vac_eff_hospitalization,vac_eff_mortality,prob_hosp_scaling,prob_death_scaling
2014-15,748,30.486260490088164,0.001344644671297579,0.0025008172888588698,0.0019216457267467457,0.95690098553478242,0.9865571868534796,0.94939067313179826,0.78847003814128191,0.81658997963720825,0.62932383204460596,0.41772143729899286,0.53275416842424161,0.82396208283982564,0.87201037952462879,0.72852980642635157,0.6499718725591499,0.052664450877757674,0.52947599602785111,0.00031075889169185356,0.00011762317302405068
