year,iter,incidence(millions),beta_H1,beta_H3,beta_B,susceptibility_H1_0,susceptibility_H1_5,susceptibility_H1_25,susceptibility_H1_65,susceptibility_H3_0,susceptibility_H3_5,susceptibility_H3_25,susceptibility_H3_65,susceptibility_B_0,susceptibility_B_5,susceptibility_B_25,susceptibility_B_65,vac_eff_hospitalization,vac_eff_mortality,prob_hosp_scaling,prob_death_scaling
2014-15,682,29.613912714196445,0.0012514470298892744,0.0015722296103848343,0.0021696204387579576,0.42225240387507984,0.87758039117397901,0.78871885240849893,0.98820280065837562,0.85185829665989665,0.4961541340575783,0.95443947392666406,0.78321141801663752,0.49450134237909227,0.47627744079332024,0.76716016029067213,0.87355694630515623,0.41213225015543187,0.061955821188152516,0.00051482178962042324,5.380619700451339e-05
