year,iter,incidence(millions),beta_H1,beta_H3,beta_B,susceptibility_H1_0,susceptibility_H1_5,susceptibility_H1_25,susceptibility_H1_65,susceptibility_H3_0,susceptibility_H3_5,susceptibility_H3_25,susceptibility_H3_65,susceptibility_B_0,susceptibility_B_5,susceptibility_B_25,susceptibility_B_65,vac_eff_hospitalization,vac_eff_mortality,prob_hosp_scaling,prob_death_scaling
2017-18,621,49.23224075441749,0.0015836181074266875,0.0018323217329870856,0.0015023560853396623,0.54199334090275242,0.85923815077954824,0.93437467537740404,0.4037994672432641,0.43674193231907588,0.73466339254123991,0.58592562362318579,0.51646204209643209,0.63963680530905398,0.88357872851557939,0.80233975499567389,0.56563272531457987,0.7765641275534908,0.85730710321687531,0.0005466963584351836,9.2046647688415195e-05
