year,iter,incidence(millions),beta_H1,beta_H3,beta_B,susceptibility_H1_0,susceptibility_H1_5,susceptibility_H1_25,susceptibility_H1_65,susceptibility_H3_0,susceptibility_H3_5,susceptibility_H3_25,susceptibility_H3_65,susceptibility_B_0,susceptibility_B_5,susceptibility_B_25,susceptibility_B_65,vac_eff_hospitalization,vac_eff_mortality,prob_hosp_scaling,prob_death_scaling
2017-18,600,50.143443964263284,0.0018568775002933413,0.0016360160386866274,0.0033425806563771587,0.90634364921550836,0.99967918042075443,0.55253118265405243,0.86888740446058954,0.4105817589565125,0.853688931581015,0.87981122800228795,0.85356680534005924,0.49956302899346938,0.4051096847082023,0.45696588027988516,0.43047922976037778,0.096240581191365027,0.78520213675986139,0.00047646115225713492,5.4076700298999469e-05
2017-18,601,48.67361665116741,0.0023526759196014213,0.0021870154054272617,0.0019869093703173135,0.87385182695581487,0.63009953281872422,0.72649213480049102,0.71985243323817694,0.42888512965598741,0.67275630693754962,0.6239487085415959,0.73993491815004753,0.92182111673407607,0.71272363365590319,0.88402489849203048,0.5887490953316552,0.15464144965070564,0.77003973563168748,0.00032855531961650808,5.787618726738053e-05
2017-18,602,49.405970353711446,0.00184884155617282,0.0017652884808496694,0.0024743113161239672,0.69985869208710683,0.97196234271248161,0.83017923086956213,0.84880357389164673,0.91593300235168162,0.89577438488168293,0.74262879231614642,0.51187972655356906,0.50314890782003496,0.70158642487939071,0.51795363832186581,0.42101884525372629,0.55052293303774991,0.56358011703107902,0.0011116890553289349,7.1421976499286277e-05
2017-18,603,48.527948322879965,0.0016404823446962702,0.0019243444213242755,0.0022357758329997202,0.78334851558638374,0.47929965618691533,0.51913375479341761,0.58169160802514441,0.48566096660894481,0.9588071089598007,0.67577236336516133,0.60827441775827218,0.73288825003307656,0.80943751143379428,0.72769292278295183,0.88705510345832472,0.30901589126445583,0.88802626442813692,0.0015661019752979399,9.2246926557570941e-05
