year,iter,incidence(millions),beta_H1,beta_H3,beta_B,susceptibility_H1_0,susceptibility_H1_5,susceptibility_H1_25,susceptibility_H1_65,susceptibility_H3_0,susceptibility_H3_5,susceptibility_H3_25,susceptibility_H3_65,susceptibility_B_0,susceptibility_B_5,susceptibility_B_25,susceptibility_B_65,vac_eff_hospitalization,vac_eff_mortality,prob_hosp_scaling,prob_death_scaling
2012-13,92,34.00158542685611,0.0012912024715860393,0.0017837025918222005,0.0019973243214457814,0.97352755069058949,0.95388601059702394,0.52842978340582447,0.99811591396941379,0.8589521754836128,0.81920768717297099,0.4347654377143288,0.44659031681554023,0.74422414850345753,0.68765291863793521,0.71243009706377947,0.609639112647965,0.43358081682004834,0.84216513079196287,0.00046217327544262332,0.00011100694203236561
