year,iter,incidence(millions),beta_H1,beta_H3,beta_B,susceptibility_H1_0,susceptibility_H1_5,susceptibility_H1_25,susceptibility_H1_65,susceptibility_H3_0,susceptibility_H3_5,susceptibility_H3_25,susceptibility_H3_65,susceptibility_B_0,susceptibility_B_5,susceptibility_B_25,susceptibility_B_65,vac_eff_hospitalization,vac_eff_mortality,prob_hosp_scaling,prob_death_scaling
2015-16,99,24.4158315756765,0.0017802447117442055,0.0020084870107566211,0.0021502815736443304,0.94356559192552258,0.79921933694183012,0.72817383414948622,0.51777910035288865,0.96741674484500328,0.7346805914623451,0.53511532112660298,0.61655923956191827,0.80117751064829235,0.62419161030087766,0.65673387126436611,0.81826237694581994,0.060775658276762456,0.84816554631884911,0.00047272141716553362,4.7646650688737413e-05
