year,iter,incidence(millions),beta_H1,beta_H3,beta_B,susceptibility_H1_0,susceptibility_H1_5,susceptibility_H1_25,susceptibility_H1_65,susceptibility_H3_0,susceptibility_H3_5,susceptibility_H3_25,susceptibility_H3_65,susceptibility_B_0,susceptibility_B_5,susceptibility_B_25,susceptibility_B_65,vac_eff_hospitalization,vac_eff_mortality,prob_hosp_scaling,prob_death_scaling
2014-15,728,30.583127465596036,0.0015891005592278407,0.002127694593354712,0.0023842788991901287,0.84247845200298754,0.64003022822197553,0.62129912594073922,0.66699195949684942,0.75590668527398552,0.62857541562855546,0.43717453891122737,0.80211452491819446,0.56869380226912136,0.52149475448558325,0.54901809815352509,0.91677263321639213,0.36937026436989695,0.1462987705399979,0.0002490955399987449,3.9443135340599955e-05
