year,iter,incidence(millions),beta_H1,beta_H3,beta_B,susceptibility_H1_0,susceptibility_H1_5,susceptibility_H1_25,susceptibility_H1_65,susceptibility_H3_0,susceptibility_H3_5,susceptibility_H3_25,susceptibility_H3_65,susceptibility_B_0,susceptibility_B_5,susceptibility_B_25,susceptibility_B_65,vac_eff_hospitalization,vac_eff_mortality,prob_hosp_scaling,prob_death_scaling
2015-16,79,26.169232960102292,0.00028800578412568889,0.0016991209929609341,0.0021756273214661448,0.74339447636177081,0.9753670619967173,0.81300871796283525,0.46304215532049331,0.68975200933344238,0.83592186645847355,0.68105396286482611,0.63678251761580529,0.84158291038630106,0.64043099139254678,0.45978028195396486,0.79477721974099691,0.73969514407388492,0.50971272348472485,0.00067009602772505339,4.1167724911861381e-05
