year,iter,incidence(millions),beta_H1,beta_H3,beta_B,susceptibility_H1_0,susceptibility_H1_5,susceptibility_H1_25,susceptibility_H1_65,susceptibility_H3_0,susceptibility_H3_5,susceptibility_H3_25,susceptibility_H3_65,susceptibility_B_0,susceptibility_B_5,susceptibility_B_25,susceptibility_B_65,vac_eff_hospitalization,vac_eff_mortality,prob_hosp_scaling,prob_death_scaling
2012-13,238,34.54778183193419,0.0021589302485198192,0.0018389042544048051,0.0020330756995241006,0.70243881393794372,0.43078481309082334,0.5525974953949826,0.93844832074852758,0.88535123911488767,0.75011234604098631,0.62218817230479995,0.6582526052027754,0.41751553899167726,0.53081921593845804,0.96739602001307623,0.92575257961410062,0.66835055569217794,0.16308866186863052,0.00065660943567596997,4.5788603586505161e-05
