year,iter,incidence(millions),beta_H1,beta_H3,beta_B,susceptibility_H1_0,susceptibility_H1_5,susceptibility_H1_25,susceptibility_H1_65,susceptibility_H3_0,susceptibility_H3_5,susceptibility_H3_25,susceptibility_H3_65,susceptibility_B_0,susceptibility_B_5,susceptibility_B_25,susceptibility_B_65,vac_eff_hospitalization,vac_eff_mortality,prob_hosp_scaling,prob_death_scaling
2015-16,828,25.230337305121374,0.0017089382895576488,0.0022581128187058042,0.0022816997676231576,0.89495654062698238,0.86763984233207947,0.90837352479936984,0.87723131386026076,0.56367070553704091,0.67739649359012089,0.58259548636010572,0.69096142156364904,0.87477099193962082,0.84146285441929525,0.54305935662192251,0.53813196953852482,0.8919778370409488,0.89059116762029045,0.00035529911403292536,6.0849554817332674e-05
