year,iter,incidence(millions),beta_H1,beta_H3,beta_B,susceptibility_H1_0,susceptibility_H1_5,susceptibility_H1_25,susceptibility_H1_65,susceptibility_H3_0,susceptibility_H3_5,susceptibility_H3_25,susceptibility_H3_65,susceptibility_B_0,susceptibility_B_5,susceptibility_B_25,susceptibility_B_65,vac_eff_hospitalization,vac_eff_mortality,prob_hosp_scaling,prob_death_scaling
2017-18,614,49.51495205352661,0.001808758419250045,0.00198714339317968,0.0020069455967074434,0.65877738225883209,0.53793918298036181,0.98497126589567308,0.78026838207819171,0.54810365450226461,0.61232848762807468,0.75905153633565225,0.92252933250851132,0.65107990208415512,0.77683505716915646,0.66192907201417528,0.88634533386479508,0.13002814057159168,0.68079510698547829,0.00027741356262550587,7.5266017888375725e-05
