year,iter,incidence(millions),beta_H1,beta_H3,beta_B,susceptibility_H1_0,susceptibility_H1_5,susceptibility_H1_25,susceptibility_H1_65,susceptibility_H3_0,susceptibility_H3_5,susceptibility_H3_25,susceptibility_H3_65,susceptibility_B_0,susceptibility_B_5,susceptibility_B_25,susceptibility_B_65,vac_eff_hospitalization,vac_eff_mortality,prob_hosp_scaling,prob_death_scaling
2011-12,990,8.993049330998879,0.0017281520728750777,0.0018797336156938793,0.001634313274832544,0.64398053636044039,0.75426375392542466,0.89207804084008124,0.43497922607930939,0.78143090739265986,0.71399935313950036,0.68017195433732891,0.79645790696053509,0.45042033301184181,0.99674820969067435,0.55301098426538908,0.85152744792832658,0.22056953759648534,0.50103123330263799,0.00038076363485228804,8.5511185706654835e-05
