year,iter,incidence(millions),beta_H1,beta_H3,beta_B,susceptibility_H1_0,susceptibility_H1_5,susceptibility_H1_25,susceptibility_H1_65,susceptibility_H3_0,susceptibility_H3_5,susceptibility_H3_25,susceptibility_H3_65,susceptibility_B_0,susceptibility_B_5,susceptibility_B_25,susceptibility_B_65,vac_eff_hospitalization,vac_eff_mortality,prob_hosp_scaling,prob_death_scaling
2015-16,339,26.33400264615554,0.0017141740549157514,0.0019282244858521147,0.0020647963771606714,0.7083363081513987,0.68487553234379162,0.84752110655101154,0.98400352875209318,0.67947827473711708,0.78776635385905625,0.56788581064751864,0.58228144990551367,0.71097717563150198,0.72538544475547284,0.47314852392727791,0.95609728637523006,0.68351564366013151,0.80370818377586062,0.00036669845695830317,2.5007030252821583e-05
