year,iter,incidence(millions),beta_H1,beta_H3,beta_B,susceptibility_H1_0,susceptibility_H1_5,susceptibility_H1_25,susceptibility_H1_65,susceptibility_H3_0,susceptibility_H3_5,susceptibility_H3_25,susceptibility_H3_65,susceptibility_B_0,susceptibility_B_5,susceptibility_B_25,susceptibility_B_65,vac_eff_hospitalization,vac_eff_mortality,prob_hosp_scaling,prob_death_scaling
2015-16,215,27.076359898495873,0.0016126704680095583,0.0022173633206210019,0.0019335527927744622,0.67658412458793094,0.60582118536287755,0.63995679540665296,0.54404607580656705,0.41534970403546306,0.50956639644845969,0.66204357117884882,0.8837406651515527,0.92915534058159177,0.72100448782903026,0.74199796025918507,0.58357195409915252,0.44471403371623563,0.41491453721025268,0.00014042180184864472,2.3808969501548649e-05
