year,iter,incidence(millions),beta_H1,beta_H3,beta_B,susceptibility_H1_0,susceptibility_H1_5,susceptibility_H1_25,susceptibility_H1_65,susceptibility_H3_0,susceptibility_H3_5,susceptibility_H3_25,susceptibility_H3_65,susceptibility_B_0,susceptibility_B_5,susceptibility_B_25,susceptibility_B_65,vac_eff_hospitalization,vac_eff_mortality,prob_hosp_scaling,prob_death_scaling
2015-16,778,24.380932731213587,0.0024296772950350709,0.0023542525340895515,0.0020458557512901265,0.75001584341897787,0.68891954138640343,0.57943411295123615,0.66504869929994104,0.77882200478238983,0.70897353328896073,0.55774375334500692,0.53354718036014182,0.43342147279800852,0.97461765877534534,0.44566062681087415,0.41980387323678947,0.34084857432721427,0.39394467339765282,0.00041863074351250473,7.7943524223467175e-05
