year,iter,incidence(millions),beta_H1,beta_H3,beta_B,susceptibility_H1_0,susceptibility_H1_5,susceptibility_H1_25,susceptibility_H1_65,susceptibility_H3_0,susceptibility_H3_5,susceptibility_H3_25,susceptibility_H3_65,susceptibility_B_0,susceptibility_B_5,susceptibility_B_25,susceptibility_B_65,vac_eff_hospitalization,vac_eff_mortality,prob_hosp_scaling,prob_death_scaling
2015-16,549,25.899080170522762,0.001378640810952958,0.0013719267520080347,0.0015764882703386274,0.88723831014853571,0.93783936565931647,0.90487954102451096,0.59278629307967912,0.47408149070408717,0.77521077104000136,0.89707539116139512,0.59170018433547222,0.83119095057393011,0.70355284688788577,0.74269201157430187,0.63579900764141661,0.31929839352507677,0.32355144848985073,0.00025529870322388293,4.2846915988770107e-05
