year,iter,incidence(millions),beta_H1,beta_H3,beta_B,susceptibility_H1_0,susceptibility_H1_5,susceptibility_H1_25,susceptibility_H1_65,susceptibility_H3_0,susceptibility_H3_5,susceptibility_H3_25,susceptibility_H3_65,susceptibility_B_0,susceptibility_B_5,susceptibility_B_25,susceptibility_B_65,vac_eff_hospitalization,vac_eff_mortality,prob_hosp_scaling,prob_death_scaling
2015-16,782,24.45127610559851,0.0023601975939236408,0.0023217636124824304,0.0029144572004723979,0.53742915690587412,0.61351898697264273,0.73506417625186737,0.40200504429168588,0.58517575228516239,0.42239710281536264,0.40018778742366756,0.57965224145788008,0.64240653384891333,0.49498795131852463,0.59755686175010991,0.46149108265362715,0.048119820615811215,0.62426599325333454,0.0012261088303129331,4.1353961410250939e-05
