year,iter,incidence(millions),beta_H1,beta_H3,beta_B,susceptibility_H1_0,susceptibility_H1_5,susceptibility_H1_25,susceptibility_H1_65,susceptibility_H3_0,susceptibility_H3_5,susceptibility_H3_25,susceptibility_H3_65,susceptibility_B_0,susceptibility_B_5,susceptibility_B_25,susceptibility_B_65,vac_eff_hospitalization,vac_eff_mortality,prob_hosp_scaling,prob_death_scaling
2011-12,992,9.681043960057751,0.0025198889707131467,0.0021778558016029015,0.0014340157099170803,0.47529474580861886,0.45071738137971762,0.50013993208432506,0.90105377464935488,0.80228328570410268,0.54842534218071826,0.42715660309606229,0.79890654977747388,0.49858419995551606,0.95106964979545783,0.77623703186812798,0.68580934014566275,0.35298816810892997,0.90688773489524688,0.00037384745112756246,8.3883624963421166e-05
