year,iter,incidence(millions),beta_H1,beta_H3,beta_B,susceptibility_H1_0,susceptibility_H1_5,susceptibility_H1_25,susceptibility_H1_65,susceptibility_H3_0,susceptibility_H3_5,susceptibility_H3_25,susceptibility_H3_65,susceptibility_B_0,susceptibility_B_5,susceptibility_B_25,susceptibility_B_65,vac_eff_hospitalization,vac_eff_mortality,prob_hosp_scaling,prob_death_scaling
2015-16,834,25.6061646235448,0.0019767855865937545,0.0016734430441988635,0.0018999317833872653,0.45956039171591284,0.4124171667749314,0.98099539591490403,0.94141718419611253,0.99820308565463978,0.85157190498014046,0.98114077939344635,0.85736921772836605,0.77492440592388523,0.99904589829871715,0.50295958861124301,0.49431948790466201,0.48401843020175572,0.90997736819976394,0.00038218343963936086,7.4131309078351304e-05
