year,iter,incidence(millions),beta_H1,beta_H3,beta_B,susceptibility_H1_0,susceptibility_H1_5,susceptibility_H1_25,susceptibility_H1_65,susceptibility_H3_0,susceptibility_H3_5,susceptibility_H3_25,susceptibility_H3_65,susceptibility_B_0,susceptibility_B_5,susceptibility_B_25,susceptibility_B_65,vac_eff_hospitalization,vac_eff_mortality,prob_hosp_scaling,prob_death_scaling
2014-15,730,30.99782733735398,0.0011974997695562428,0.0014077204969155654,0.0024094226436311983,0.54135966781262213,0.9786859787804103,0.79171857487858166,0.59549735803170056,0.92790050402419832,0.98692521148624324,0.54972758903808328,0.94939162710045522,0.9240522796445072,0.57490576840244467,0.50618844461413304,0.73487908072212038,0.83835469518211714,0.8035283238461377,0.00056629138167008097,6.9293332765507643e-05
