year,iter,incidence(millions),beta_H1,beta_H3,beta_B,susceptibility_H1_0,susceptibility_H1_5,susceptibility_H1_25,susceptibility_H1_65,susceptibility_H3_0,susceptibility_H3_5,susceptibility_H3_25,susceptibility_H3_65,susceptibility_B_0,susceptibility_B_5,susceptibility_B_25,susceptibility_B_65,vac_eff_hospitalization,vac_eff_mortality,prob_hosp_scaling,prob_death_scaling
2014-15,97,30.1486066410574,0.00141291831266116,0.0014823225222759806,0.0018837916419709444,0.9481314348681763,0.57627375825306104,0.82623312792625436,0.99401302654019708,0.54715666144360697,0.88161337838941811,0.75272319319154124,0.78276276864578787,0.57945943703305547,0.91000568282989192,0.5153181176821604,0.75003837128051698,0.37881022033683315,0.93049545584872373,0.0011533408378877064,6.9288465349537365e-05
