year,iter,incidence(millions),beta_H1,beta_H3,beta_B,susceptibility_H1_0,susceptibility_H1_5,susceptibility_H1_25,susceptibility_H1_65,susceptibility_H3_0,susceptibility_H3_5,susceptibility_H3_25,susceptibility_H3_65,susceptibility_B_0,susceptibility_B_5,susceptibility_B_25,susceptibility_B_65,vac_eff_hospitalization,vac_eff_mortality,prob_hosp_scaling,prob_death_scaling
2014-15,852,29.731673380209525,0.0014124497225824761,0.0025730458017852453,0.0022255436272564655,0.76952690478483932,0.77926900795944043,0.62857826718822296,0.55049259941022233,0.80479869994032538,0.46580446814740095,0.40644082577035168,0.6457873676498268,0.87060302737638073,0.62900343841269402,0.52793836062864585,0.64879756780579023,0.87641525314817259,0.18992662935581461,0.00026593206583674922,4.7027590930781571e-05
