year,iter,incidence(millions),beta_H1,beta_H3,beta_B,susceptibility_H1_0,susceptibility_H1_5,susceptibility_H1_25,susceptibility_H1_65,susceptibility_H3_0,susceptibility_H3_5,susceptibility_H3_25,susceptibility_H3_65,susceptibility_B_0,susceptibility_B_5,susceptibility_B_25,susceptibility_B_65,vac_eff_hospitalization,vac_eff_mortality,prob_hosp_scaling,prob_death_scaling
2015-16,213,25.55367340865385,0.0026466356789342504,0.0021288381559361746,0.0021783532267360961,0.70142958352434848,0.62785565513194752,0.52874935958247049,0.90095580002117848,0.96578010405778514,0.85819842409474589,0.55454537585952168,0.67578626395735597,0.71102558228448909,0.76672207792456692,0.65762066778047601,0.56383809078388214,0.097234538612136656,0.76128742472358601,0.00032348293969208797,5.2377312244278329e-05
