year,iter,incidence(millions),beta_H1,beta_H3,beta_B,susceptibility_H1_0,susceptibility_H1_5,susceptibility_H1_25,susceptibility_H1_65,susceptibility_H3_0,susceptibility_H3_5,susceptibility_H3_25,susceptibility_H3_65,susceptibility_B_0,susceptibility_B_5,susceptibility_B_25,susceptibility_B_65,vac_eff_hospitalization,vac_eff_mortality,prob_hosp_scaling,prob_death_scaling
2014-15,747,30.196570963159417,0.0020596907760060401,0.0017538515472269589,0.002747392135133031,0.60142782953734097,0.74428429366909676,0.482125528512511,0.7867946215032382,0.72232048431778995,0.77245371087148484,0.9109847599349149,0.56070656386719331,0.54099437180223919,0.72232746978936324,0.4259859360545763,0.4219424772062329,0.85328244207794879,0.72849532768550107,0.00060248582281552387,8.4272593329881573e-05
