year,iter,incidence(millions),beta_H1,beta_H3,beta_B,susceptibility_H1_0,susceptibility_H1_5,susceptibility_H1_25,susceptibility_H1_65,susceptibility_H3_0,susceptibility_H3_5,susceptibility_H3_25,susceptibility_H3_65,susceptibility_B_0,susceptibility_B_5,susceptibility_B_25,susceptibility_B_65,vac_eff_hospitalization,vac_eff_mortality,prob_hosp_scaling,prob_death_scaling
2014-15,353,31.441517806226642,0.0014639146061924957,0.0017213218228631644,0.0020021531400331583,0.62026551708985778,0.73988674165553059,0.49028072695447722,0.62581386376855086,0.75429666549571528,0.6802179111583514,0.7152526269977173,0.71408752242490992,0.67600339910778706,0.47397575917873574,0.88220533033022108,0.45483325340586456,0.6387817078513236,0.89609897981467401,0.0004402828145914639,8.5119136205014101e-05
