year,iter,incidence(millions),beta_H1,beta_H3,beta_B,susceptibility_H1_0,susceptibility_H1_5,susceptibility_H1_25,susceptibility_H1_65,susceptibility_H3_0,susceptibility_H3_5,susceptibility_H3_25,susceptibility_H3_65,susceptibility_B_0,susceptibility_B_5,susceptibility_B_25,susceptibility_B_65,vac_eff_hospitalization,vac_eff_mortality,prob_hosp_scaling,prob_death_scaling
2015-16,793,25.495356721484736,0.0020392743382202649,0.0016539570763938749,0.0014651488550336822,0.61196851031531496,0.40062964458085376,0.72939197752725526,0.60173300001248886,0.65949054082927716,0.96824260428568698,0.41044431251713948,0.92749615673224739,0.47738705176206792,0.96190158159394235,0.69779226622920476,0.46117788100862878,0.83329043282372184,0.82854944802558683,0.000403137384964114,6.7561805553062459e-05
