year,iter,incidence(millions),beta_H1,beta_H3,beta_B,susceptibility_H1_0,susceptibility_H1_5,susceptibility_H1_25,susceptibility_H1_65,susceptibility_H3_0,susceptibility_H3_5,susceptibility_H3_25,susceptibility_H3_65,susceptibility_B_0,susceptibility_B_5,susceptibility_B_25,susceptibility_B_65,vac_eff_hospitalization,vac_eff_mortality,prob_hosp_scaling,prob_death_scaling
2014-15,792,30.46208091988308,0.0017365480857901017,0.001576910821036448,0.0018146896089851206,0.66645248868848284,0.69175072459622133,0.55361152038520589,0.80249765560710573,0.75670216529995971,0.78200388215295968,0.81127728521411946,0.71989787810493755,0.73477116055910874,0.5579093221274749,0.98016313930159393,0.77081259380667322,0.69330190884938214,0.377757765097052,0.0007429112799083315,4.4003100619582902e-05
2014-15,793,32.51683358328247,0.0023390012642346969,0.0013917844170760474,0.0021689796896577351,0.42422954875831409,0.54722487926835217,0.44229540220991798,0.58027586374632167,0.923471697450575,0.9390722098073917,0.94667657344482192,0.74267459152287663,0.57880257178402239,0.74940996696444007,0.66173583671904002,0.47256458364335086,0.9325422102112868,0.86597329587039718,0.00056210862307309872,0.00012392454256837659
