year,iter,incidence(millions),beta_H1,beta_H3,beta_B,susceptibility_H1_0,susceptibility_H1_5,susceptibility_H1_25,susceptibility_H1_65,susceptibility_H3_0,susceptibility_H3_5,susceptibility_H3_25,susceptibility_H3_65,susceptibility_B_0,susceptibility_B_5,susceptibility_B_25,susceptibility_B_65,vac_eff_hospitalization,vac_eff_mortality,prob_hosp_scaling,prob_death_scaling
2017-18,604,49.04280150500748,0.0019154635980038748,0.0017328527301648244,0.0020805397244834101,0.58792393912161311,0.54005522202333878,0.52144337027142229,0.7022799929143082,0.71058421847274833,0.70853986715554396,0.81996641740788889,0.91459960993903855,0.95250307578243554,0.47134622060896841,0.83932224222120544,0.65663143433945048,0.63175035665990165,0.99798844086769434,0.00020475973445455153,8.1186154437806746e-05
