year,iter,incidence(millions),beta_H1,beta_H3,beta_B,susceptibility_H1_0,susceptibility_H1_5,susceptibility_H1_25,susceptibility_H1_65,susceptibility_H3_0,susceptibility_H3_5,susceptibility_H3_25,susceptibility_H3_65,susceptibility_B_0,susceptibility_B_5,susceptibility_B_25,susceptibility_B_65,vac_eff_hospitalization,vac_eff_mortality,prob_hosp_scaling,prob_death_scaling
2015-16,833,25.181179670351458,0.0024199687893010635,0.0024411649979567129,0.0023355408244178921,0.70630967766213359,0.65482032201842411,0.72307379865806087,0.53963021449240134,0.9004633054383131,0.44667960790797573,0.69899251855141942,0.84545000029365802,0.94147435608557706,0.60402097027808532,0.74917025628927281,0.90734021780731744,0.089889842559573052,0.96721550683749713,0.00035261150196336244,4.7741863498707016e-05
