year,iter,incidence(millions),beta_H1,beta_H3,beta_B,susceptibility_H1_0,susceptibility_H1_5,susceptibility_H1_25,susceptibility_H1_65,susceptibility_H3_0,susceptibility_H3_5,susceptibility_H3_25,susceptibility_H3_65,susceptibility_B_0,susceptibility_B_5,susceptibility_B_25,susceptibility_B_65,vac_eff_hospitalization,vac_eff_mortality,prob_hosp_scaling,prob_death_scaling
2015-16,784,25.557175615840567,0.0021505889832412195,0.00156552020501044,0.0013785082081242406,0.59569743927173546,0.64737784367297757,0.55722052460401006,0.71917674348034566,0.53300638884228935,0.80236025819768886,0.80214911498085351,0.74730767728524228,0.65460670209650673,0.98069631846961491,0.98142866010195284,0.72440202056740355,0.78420120513581848,0.62145644419610546,0.00030804062467015836,3.8002675195658586e-05
