year,iter,incidence(millions),beta_H1,beta_H3,beta_B,susceptibility_H1_0,susceptibility_H1_5,susceptibility_H1_25,susceptibility_H1_65,susceptibility_H3_0,susceptibility_H3_5,susceptibility_H3_25,susceptibility_H3_65,susceptibility_B_0,susceptibility_B_5,susceptibility_B_25,susceptibility_B_65,vac_eff_hospitalization,vac_eff_mortality,prob_hosp_scaling,prob_death_scaling
2015-16,795,27.00848630976717,0.0015143316717028399,0.0018154418455052501,0.0018052612530404244,0.89461033855261807,0.93066615747368986,0.81751019604911668,0.51983791850027794,0.80509566800783083,0.90382263923914286,0.550282053560879,0.52966199598340347,0.7240387203548404,0.97153391080372631,0.42516156281175421,0.46659748374231796,0.30004610914067387,0.31774593801166984,0.00052332822642298105,4.4099280112175343e-05
