year,iter,incidence(millions),beta_H1,beta_H3,beta_B,susceptibility_H1_0,susceptibility_H1_5,susceptibility_H1_25,susceptibility_H1_65,susceptibility_H3_0,susceptibility_H3_5,susceptibility_H3_25,susceptibility_H3_65,susceptibility_B_0,susceptibility_B_5,susceptibility_B_25,susceptibility_B_65,vac_eff_hospitalization,vac_eff_mortality,prob_hosp_scaling,prob_death_scaling
2014-15,801,30.91213253118572,0.00168895241451128,0.0014178670402784643,0.002256047097600633,0.5872112229864983,0.72816523252774634,0.54475719393748456,0.83653126334808459,0.93776749957586447,0.75712218114138397,0.94665429558278502,0.90367045222418785,0.96047199516379989,0.8576250569435987,0.40087237739672144,0.486037916898718,0.56552463497510241,0.077816519183092403,0.000608209043870378,8.0161276428403205e-05
