year,iter,incidence(millions),beta_H1,beta_H3,beta_B,susceptibility_H1_0,susceptibility_H1_5,susceptibility_H1_25,susceptibility_H1_65,susceptibility_H3_0,susceptibility_H3_5,susceptibility_H3_25,susceptibility_H3_65,susceptibility_B_0,susceptibility_B_5,susceptibility_B_25,susceptibility_B_65,vac_eff_hospitalization,vac_eff_mortality,prob_hosp_scaling,prob_death_scaling
2014-15,815,31.104544179468025,0.0012208708473097629,0.0016212838310797895,0.0016710209218545602,0.57296367256101921,0.9600667824340634,0.41725621112659517,0.59065317687907115,0.79604524360723405,0.45717000553401321,0.87305837694007793,0.72285447269608993,0.68786310434593967,0.90479536308287944,0.71812431669236698,0.51019263403415194,0.098285191744753364,0.68923684602997204,0.00043414101518424175,0.00015191227913341487
