year,iter,incidence(millions),beta_H1,beta_H3,beta_B,susceptibility_H1_0,susceptibility_H1_5,susceptibility_H1_25,susceptibility_H1_65,susceptibility_H3_0,susceptibility_H3_5,susceptibility_H3_25,susceptibility_H3_65,susceptibility_B_0,susceptibility_B_5,susceptibility_B_25,susceptibility_B_65,vac_eff_hospitalization,vac_eff_mortality,prob_hosp_scaling,prob_death_scaling
2015-16,214,25.39671755780045,0.001948969459459049,0.0020029215403989942,0.0014951687419981208,0.77261848115088894,0.70283240974469985,0.64196033260436969,0.75594859977813456,0.84383555838417723,0.70588540218725093,0.57818405357592073,0.76642182011340387,0.9202918822757975,0.9863373507543316,0.83956858954113422,0.48199695538514853,0.38959811623896251,0.67465195662126864,0.00065627253129718621,2.8398670914864255e-05
