year,iter,incidence(millions),beta_H1,beta_H3,beta_B,susceptibility_H1_0,susceptibility_H1_5,susceptibility_H1_25,susceptibility_H1_65,susceptibility_H3_0,susceptibility_H3_5,susceptibility_H3_25,susceptibility_H3_65,susceptibility_B_0,susceptibility_B_5,susceptibility_B_25,susceptibility_B_65,vac_eff_hospitalization,vac_eff_mortality,prob_hosp_scaling,prob_death_scaling
2014-15,811,30.317367291925084,0.0010300765391894062,0.0022792411672852841,0.002873448918089383,0.81923621341681241,0.91090477605403342,0.71599650641336854,0.49404456343168129,0.79096213183942843,0.4002718986580458,0.59558236898938355,0.84856474798155179,0.41391260390475126,0.53149581978875116,0.44682934506020877,0.79993149199258928,0.94922607427012906,0.53212062498430102,0.00040985210529997929,1e-08
