year,iter,incidence(millions),beta_H1,beta_H3,beta_B,susceptibility_H1_0,susceptibility_H1_5,susceptibility_H1_25,susceptibility_H1_65,susceptibility_H3_0,susceptibility_H3_5,susceptibility_H3_25,susceptibility_H3_65,susceptibility_B_0,susceptibility_B_5,susceptibility_B_25,susceptibility_B_65,vac_eff_hospitalization,vac_eff_mortality,prob_hosp_scaling,prob_death_scaling
2014-15,802,29.82452774030675,0.0015806548350067451,0.0017931376871858085,0.0017172615766637978,0.40948544207721083,0.75516890586551533,0.72230507374111852,0.64015582835490292,0.58112029237521734,0.5329872674009849,0.83457131466787737,0.43156046476020893,0.46388287157560959,0.89082137408203521,0.8284930528800587,0.92703493799174774,0.56534836035293934,0.95201876640664884,0.00055167853350041041,1e-08
