year,iter,incidence(millions),beta_H1,beta_H3,beta_B,susceptibility_H1_0,susceptibility_H1_5,susceptibility_H1_25,susceptibility_H1_65,susceptibility_H3_0,susceptibility_H3_5,susceptibility_H3_25,susceptibility_H3_65,susceptibility_B_0,susceptibility_B_5,susceptibility_B_25,susceptibility_B_65,vac_eff_hospitalization,vac_eff_mortality,prob_hosp_scaling,prob_death_scaling
2014-15,674,31.33506369542799,0.0020407797494774726,0.001313982708127992,0.0020561005103488239,0.60429708754701539,0.45939849156788876,0.50195314362972354,0.60093988137518628,0.96333031320521645,0.76562803378948341,0.93732399855342541,0.45148488876629367,0.66614720903621816,0.43049246948417841,0.7572906829874686,0.41584504687004187,0.81300711950767757,0.41694514552913997,0.00051903744413567265,7.4898233433873251e-05
