year,iter,incidence(millions),beta_H1,beta_H3,beta_B,susceptibility_H1_0,susceptibility_H1_5,susceptibility_H1_25,susceptibility_H1_65,susceptibility_H3_0,susceptibility_H3_5,susceptibility_H3_25,susceptibility_H3_65,susceptibility_B_0,susceptibility_B_5,susceptibility_B_25,susceptibility_B_65,vac_eff_hospitalization,vac_eff_mortality,prob_hosp_scaling,prob_death_scaling
2015-16,529,26.17571995361661,0.0024353897927746337,0.0016132077683156942,0.0019046517731011736,0.58570552603037862,0.66684345209718487,0.50516387977500754,0.83831180495439162,0.74236743263125571,0.64965105215494245,0.93411752203714593,0.83357835618278453,0.85988441141474303,0.81770553049565353,0.73449870078341606,0.65755045781115984,0.12105819518337274,0.29427442611134419,0.00041933713970826458,3.8457788484935751e-05
