year,iter,incidence(millions),beta_H1,beta_H3,beta_B,susceptibility_H1_0,susceptibility_H1_5,susceptibility_H1_25,susceptibility_H1_65,susceptibility_H3_0,susceptibility_H3_5,susceptibility_H3_25,susceptibility_H3_65,susceptibility_B_0,susceptibility_B_5,susceptibility_B_25,susceptibility_B_65,vac_eff_hospitalization,vac_eff_mortality,prob_hosp_scaling,prob_death_scaling
2015-16,670,25.577906097018793,0.0015688369923242962,0.0021531802290907787,0.002429978565967772,0.72659474441675709,0.54197830467151398,0.67780875914751904,0.49904951112185769,0.96467977304123931,0.7476647467226698,0.5229111354539816,0.48616373372806126,0.87199567876289141,0.59005202439874838,0.56590514990613239,0.68469477424437319,0.03361323399558408,0.70149631968868986,0.00031503409383382142,4.8924149421536445e-05
