year,iter,incidence(millions),beta_H1,beta_H3,beta_B,susceptibility_H1_0,susceptibility_H1_5,susceptibility_H1_25,susceptibility_H1_65,susceptibility_H3_0,susceptibility_H3_5,susceptibility_H3_25,susceptibility_H3_65,susceptibility_B_0,susceptibility_B_5,susceptibility_B_25,susceptibility_B_65,vac_eff_hospitalization,vac_eff_mortality,prob_hosp_scaling,prob_death_scaling
2013-14,992,29.96373259121107,0.0021237474020500136,0.0013752605987307764,0.0015940459258015904,0.84473238793383176,0.50029547328942059,0.87459218055943833,0.58040812338092795,0.64632072805011809,0.98817581669494658,0.87580015499450159,0.52132388341540159,0.78615850123497033,0.94949348331060313,0.60938760756072818,0.92320542114305293,0.6079609331814787,0.22157020221357082,0.0004827364786492705,7.3625786887909772e-05
