year,iter,incidence(millions),beta_H1,beta_H3,beta_B,susceptibility_H1_0,susceptibility_H1_5,susceptibility_H1_25,susceptibility_H1_65,susceptibility_H3_0,susceptibility_H3_5,susceptibility_H3_25,susceptibility_H3_65,susceptibility_B_0,susceptibility_B_5,susceptibility_B_25,susceptibility_B_65,vac_eff_hospitalization,vac_eff_mortality,prob_hosp_scaling,prob_death_scaling
2015-16,216,25.31786322757469,0.0015698224729904786,0.0018040229508867189,0.0020918871062816091,0.94233944654495549,0.66850143131786166,0.83341887704659789,0.60950473191526733,0.76698943799530039,0.7334235584383797,0.52619323675060159,0.95333761345999202,0.7595683873547755,0.55593536546721178,0.63226750376547924,0.64505481299717848,0.5499958539804034,0.73755251677089007,0.00023246883326594192,3.3731456115682068e-05
