year,iter,incidence(millions),beta_H1,beta_H3,beta_B,susceptibility_H1_0,susceptibility_H1_5,susceptibility_H1_25,susceptibility_H1_65,susceptibility_H3_0,susceptibility_H3_5,susceptibility_H3_25,susceptibility_H3_65,susceptibility_B_0,susceptibility_B_5,susceptibility_B_25,susceptibility_B_65,vac_eff_hospitalization,vac_eff_mortality,prob_hosp_scaling,prob_death_scaling
2015-16,334,24.482495607706113,0.0016174181560624779,1.0000022328315872e-05,0.0016822325688370388,0.47512999497492769,0.93527916146990653,0.86822795016548415,0.83900758318293756,0.68264108897859921,0.66796774291571559,0.95471813982399034,0.47145812598068171,0.74159078366574083,0.90827074660040985,0.69840080320800935,0.99249874378114999,0.16036817870291181,0.13724206032045294,0.0007655129687148543,3.5715546726877712e-05
