year,iter,incidence(millions),beta_H1,beta_H3,beta_B,susceptibility_H1_0,susceptibility_H1_5,susceptibility_H1_25,susceptibility_H1_65,susceptibility_H3_0,susceptibility_H3_5,susceptibility_H3_25,susceptibility_H3_65,susceptibility_B_0,susceptibility_B_5,susceptibility_B_25,susceptibility_B_65,vac_eff_hospitalization,vac_eff_mortality,prob_hosp_scaling,prob_death_scaling
2012-13,688,33.97929017021739,0.0013526214293796412,0.0016459351850975357,0.0015728749803801123,0.61124832787158379,0.79843554989360688,0.83458145871274936,0.50487952122675983,0.76963144546618423,0.77685601940567695,0.79792318274356822,0.62029952502818553,0.45579758056916764,0.84324170499381546,0.97323981866677545,0.98613995925397213,0.10177061269963505,0.59085225953369525,0.00047716991372487305,1e-08
