year,iter,incidence(millions),beta_H1,beta_H3,beta_B,susceptibility_H1_0,susceptibility_H1_5,susceptibility_H1_25,susceptibility_H1_65,susceptibility_H3_0,susceptibility_H3_5,susceptibility_H3_25,susceptibility_H3_65,susceptibility_B_0,susceptibility_B_5,susceptibility_B_25,susceptibility_B_65,vac_eff_hospitalization,vac_eff_mortality,prob_hosp_scaling,prob_death_scaling
2014-15,751,29.505161011241672,0.0017480771850644228,0.0018693624040411194,0.0020710803449008885,0.87434601088663422,0.67718265893507512,0.42615901626192182,0.91605738391159397,0.52078335970680378,0.65448126666684292,0.6025791119819931,0.68395979258381845,0.88669552709820365,0.6581092424678413,0.41614288209122613,0.66199336600909431,0.041415176024788336,0.21328779323157654,0.00023937136008145288,5.539419825606462e-05
