year,iter,incidence(millions),beta_H1,beta_H3,beta_B,susceptibility_H1_0,susceptibility_H1_5,susceptibility_H1_25,susceptibility_H1_65,susceptibility_H3_0,susceptibility_H3_5,susceptibility_H3_25,susceptibility_H3_65,susceptibility_B_0,susceptibility_B_5,susceptibility_B_25,susceptibility_B_65,vac_eff_hospitalization,vac_eff_mortality,prob_hosp_scaling,prob_death_scaling
2014-15,984,30.16927215795802,0.0015666052975468747,0.0025710811494862318,0.0018952530336112661,0.78196883007848084,0.82645225044163162,0.83904728624449454,0.71433578635125894,0.80024125056281359,0.50376619720561833,0.58337271373091815,0.4637004534028567,0.88541739336165581,0.85931213731936651,0.96724939557807277,0.77908058941459446,0.86047553510888486,0.62229641624977949,0.00063029958817439891,8.0779720446733094e-05
