year,iter,incidence(millions),beta_H1,beta_H3,beta_B,susceptibility_H1_0,susceptibility_H1_5,susceptibility_H1_25,susceptibility_H1_65,susceptibility_H3_0,susceptibility_H3_5,susceptibility_H3_25,susceptibility_H3_65,susceptibility_B_0,susceptibility_B_5,susceptibility_B_25,susceptibility_B_65,vac_eff_hospitalization,vac_eff_mortality,prob_hosp_scaling,prob_death_scaling
2014-15,755,29.93012724099293,0.0016869453660339206,0.0021491140587455715,0.0021874431385723869,0.9135749390975717,0.42429747277079793,0.82124220597180564,0.46028765522223802,0.96248691386254337,0.57168316790359408,0.41023696133724891,0.69578497318489751,0.92613230702629701,0.7376731844758373,0.44980460667856242,0.94452644576787059,0.79547243423102798,0.81584900286882056,0.00061450442422406049,1e-08
