year,iter,incidence(millions),beta_H1,beta_H3,beta_B,susceptibility_H1_0,susceptibility_H1_5,susceptibility_H1_25,susceptibility_H1_65,susceptibility_H3_0,susceptibility_H3_5,susceptibility_H3_25,susceptibility_H3_65,susceptibility_B_0,susceptibility_B_5,susceptibility_B_25,susceptibility_B_65,vac_eff_hospitalization,vac_eff_mortality,prob_hosp_scaling,prob_death_scaling
2013-14,997,29.934706033930798,0.0019261099443476093,0.0013692011412519967,0.0017456806791520951,0.44561079487636635,0.92776354909749537,0.53097376636366267,0.54384991346473222,0.78316803557436709,0.89791487458258779,0.86891207176894147,0.57092665000387921,0.55600055735141396,0.83830727069275235,0.5847486890594128,0.66879938738218636,0.29749043853293955,0.92303913919594671,0.00048586775007913863,8.0710985455145767e-05
