year,iter,incidence(millions),beta_H1,beta_H3,beta_B,susceptibility_H1_0,susceptibility_H1_5,susceptibility_H1_25,susceptibility_H1_65,susceptibility_H3_0,susceptibility_H3_5,susceptibility_H3_25,susceptibility_H3_65,susceptibility_B_0,susceptibility_B_5,susceptibility_B_25,susceptibility_B_65,vac_eff_hospitalization,vac_eff_mortality,prob_hosp_scaling,prob_death_scaling
2015-16,95,26.761189456996025,0.0017163314642106298,0.0013930524327792626,0.0016265697511638755,0.52213317729343356,0.60347506352105218,0.94631871777945165,0.65866961976209248,0.93378497693634022,0.82832932645593949,0.88884668725233884,0.99442614580102939,0.98147564030637668,0.87143431577022934,0.79591962400584726,0.78199171888723873,0.081343573183792706,0.57644353703453333,0.00048564965550212946,5.5010387309872844e-05
