year,iter,incidence(millions),beta_H1,beta_H3,beta_B,susceptibility_H1_0,susceptibility_H1_5,susceptibility_H1_25,susceptibility_H1_65,susceptibility_H3_0,susceptibility_H3_5,susceptibility_H3_25,susceptibility_H3_65,susceptibility_B_0,susceptibility_B_5,susceptibility_B_25,susceptibility_B_65,vac_eff_hospitalization,vac_eff_mortality,prob_hosp_scaling,prob_death_scaling
2015-16,539,25.96027894251382,0.0017239306655254527,0.001878992766154497,0.0017936881127039173,0.94764543269100954,0.99473647813380883,0.65257078427618798,0.65079118332617458,0.66061123743380368,0.83890203962534904,0.82166358047078658,0.45845998418454315,0.42927223696209749,0.70442288664162944,0.41719245228102741,0.76313294851755398,0.3823511950989642,0.82076663891964818,0.0003997248246906393,5.0292181247468815e-05
