year,iter,incidence(millions),beta_H1,beta_H3,beta_B,susceptibility_H1_0,susceptibility_H1_5,susceptibility_H1_25,susceptibility_H1_65,susceptibility_H3_0,susceptibility_H3_5,susceptibility_H3_25,susceptibility_H3_65,susceptibility_B_0,susceptibility_B_5,susceptibility_B_25,susceptibility_B_65,vac_eff_hospitalization,vac_eff_mortality,prob_hosp_scaling,prob_death_scaling
2014-15,740,32.63702597546152,0.0023318458510864226,0.0016465018008585131,0.0022995878783582668,0.75258578622876815,0.4514091954654007,0.44447189788554936,0.44157943170453573,0.41326376559078448,0.91221904016205846,0.54256172053758334,0.88809717216580442,0.40802218143425706,0.77554624306487452,0.47657773019465788,0.69148465659571934,0.62129233987493748,0.93511341305082452,0.00046278432784840895,7.1101413696650351e-05
