year,iter,incidence(millions),beta_H1,beta_H3,beta_B,susceptibility_H1_0,susceptibility_H1_5,susceptibility_H1_25,susceptibility_H1_65,susceptibility_H3_0,susceptibility_H3_5,susceptibility_H3_25,susceptibility_H3_65,susceptibility_B_0,susceptibility_B_5,susceptibility_B_25,susceptibility_B_65,vac_eff_hospitalization,vac_eff_mortality,prob_hosp_scaling,prob_death_scaling
2012-13,214,36.600715633555794,0.0021149191683088042,0.0021012717375222811,0.0021099624417286744,0.55768168398481877,0.60849398862429849,0.61243792605315672,0.73118265309840169,0.58479811367772538,0.58859850033986116,0.86900776217631537,0.89562185891420065,0.90755968139339704,0.80476186269907324,0.84747883013680414,0.90780782473829968,0.47216707173425515,0.16430558418021901,0.00025387017708328186,7.2480911096794998e-05
