year,iter,incidence(millions),beta_H1,beta_H3,beta_B,susceptibility_H1_0,susceptibility_H1_5,susceptibility_H1_25,susceptibility_H1_65,susceptibility_H3_0,susceptibility_H3_5,susceptibility_H3_25,susceptibility_H3_65,susceptibility_B_0,susceptibility_B_5,susceptibility_B_25,susceptibility_B_65,vac_eff_hospitalization,vac_eff_mortality,prob_hosp_scaling,prob_death_scaling
2012-13,226,33.727270075881385,0.0014596925824945095,0.001618055008484387,0.0019173140364768804,0.90356841065623716,0.65606000110695917,0.98319323602788322,0.97526253741750413,0.73902463580600386,0.96218972252025303,0.8700892826534703,0.59977064270773728,0.53477715449047647,0.89414765926952455,0.87066985744896974,0.43958360217521142,0.078532046644441633,0.64785557458743348,0.00076692202852446378,6.9156161275452099e-05
