year,iter,incidence(millions),beta_H1,beta_H3,beta_B,susceptibility_H1_0,susceptibility_H1_5,susceptibility_H1_25,susceptibility_H1_65,susceptibility_H3_0,susceptibility_H3_5,susceptibility_H3_25,susceptibility_H3_65,susceptibility_B_0,susceptibility_B_5,susceptibility_B_25,susceptibility_B_65,vac_eff_hospitalization,vac_eff_mortality,prob_hosp_scaling,prob_death_scaling
2014-15,358,29.239937347075326,0.0016015042707989702,0.001552440921295084,0.0015676012401629191,0.63928928893680015,0.4656501247151395,0.84477665353679487,0.89814830489207464,0.55089086505128471,0.87762930443648302,0.65072484461191282,0.95975927123816351,0.91239289239778798,0.83836588987850158,0.93022377535310163,0.65331982206391914,0.4076304042335317,0.47847503102391176,0.00051901677986182504,5.7628069193460529e-05
