year,iter,incidence(millions),beta_H1,beta_H3,beta_B,susceptibility_H1_0,susceptibility_H1_5,susceptibility_H1_25,susceptibility_H1_65,susceptibility_H3_0,susceptibility_H3_5,susceptibility_H3_25,susceptibility_H3_65,susceptibility_B_0,susceptibility_B_5,susceptibility_B_25,susceptibility_B_65,vac_eff_hospitalization,vac_eff_mortality,prob_hosp_scaling,prob_death_scaling
2015-16,349,24.915899617800147,0.0027826999624451232,0.0022896334854428102,0.0024826584259989293,0.94024977939802779,0.50359196932780059,0.45318383885212032,0.79327274498512312,0.6552577236820547,0.67739705369474867,0.41687665790118611,0.87182173872401825,0.66658733369234857,0.41594742557260189,0.62731706536844212,0.95938380079187402,0.21091189543435801,0.74314309597928974,0.00024342252583497981,1.7325276924551325e-05
