year,iter,incidence(millions),beta_H1,beta_H3,beta_B,susceptibility_H1_0,susceptibility_H1_5,susceptibility_H1_25,susceptibility_H1_65,susceptibility_H3_0,susceptibility_H3_5,susceptibility_H3_25,susceptibility_H3_65,susceptibility_B_0,susceptibility_B_5,susceptibility_B_25,susceptibility_B_65,vac_eff_hospitalization,vac_eff_mortality,prob_hosp_scaling,prob_death_scaling
2014-15,749,31.901848398188356,0.0019915276374928848,0.0017689663050601268,0.0018294077999200242,0.44202272007178856,0.53417917019273475,0.67348691989809262,0.56685540947833069,0.8169470423627927,0.68354559881665078,0.7572630418476356,0.97664301737197157,0.48282648287502911,0.66323503127341721,0.96670663167172122,0.95484689225466579,0.86415802268182684,0.8891625465268892,0.000635186589947212,4.1119955282720166e-05
