year,iter,incidence(millions),beta_H1,beta_H3,beta_B,susceptibility_H1_0,susceptibility_H1_5,susceptibility_H1_25,susceptibility_H1_65,susceptibility_H3_0,susceptibility_H3_5,susceptibility_H3_25,susceptibility_H3_65,susceptibility_B_0,susceptibility_B_5,susceptibility_B_25,susceptibility_B_65,vac_eff_hospitalization,vac_eff_mortality,prob_hosp_scaling,prob_death_scaling
2014-15,817,30.8059036903852,0.0022081872822574677,0.0018911071008304581,0.0019119328777062461,0.63946231872374271,0.5462222637895876,0.44679568897370814,0.82677345518434076,0.88860460210721981,0.68994053143927414,0.68036094056177987,0.58897630943598889,0.77502184325546297,0.70671345971865596,0.89518946102035257,0.99597733700297164,0.091415259419723449,0.8782049537193809,0.00094782474093813018,6.7329006936622804e-05
