year,iter,incidence(millions),beta_H1,beta_H3,beta_B,susceptibility_H1_0,susceptibility_H1_5,susceptibility_H1_25,susceptibility_H1_65,susceptibility_H3_0,susceptibility_H3_5,susceptibility_H3_25,susceptibility_H3_65,susceptibility_B_0,susceptibility_B_5,susceptibility_B_25,susceptibility_B_65,vac_eff_hospitalization,vac_eff_mortality,prob_hosp_scaling,prob_death_scaling
2015-16,835,24.74330822401153,0.0020942047927683949,0.0016924519270826166,0.0018241250693711852,0.94628594282312006,0.54399060680337263,0.64177890830581907,0.70127963728851261,0.94889333848428548,0.51804880455333135,0.88239160824000495,0.83615729453273524,0.70965994313451608,0.46587301694488714,0.95783559073344871,0.40143570646746823,0.22312733188128464,0.60203775840849683,0.00029867909400826953,2.4823501935111736e-05
