year,iter,incidence(millions),beta_H1,beta_H3,beta_B,susceptibility_H1_0,susceptibility_H1_5,susceptibility_H1_25,susceptibility_H1_65,susceptibility_H3_0,susceptibility_H3_5,susceptibility_H3_25,susceptibility_H3_65,susceptibility_B_0,susceptibility_B_5,susceptibility_B_25,susceptibility_B_65,vac_eff_hospitalization,vac_eff_mortality,prob_hosp_scaling,prob_death_scaling
2015-16,85,25.201251760360115,0.0027663100044728606,0.0017771376192227128,0.0023586268820726675,0.43495875428489778,0.50566487088003464,0.50476323339147566,0.49524741779993015,0.49008102505171902,0.58215959136650675,0.94384458906636248,0.63479581459461887,0.41883342033263671,0.60873307518921882,0.67882962094551835,0.45913146450073405,0.93626126864770476,0.51752552243892791,0.00053958957363753335,8.5510090230112024e-05
