year,iter,incidence(millions),beta_H1,beta_H3,beta_B,susceptibility_H1_0,susceptibility_H1_5,susceptibility_H1_25,susceptibility_H1_65,susceptibility_H3_0,susceptibility_H3_5,susceptibility_H3_25,susceptibility_H3_65,susceptibility_B_0,susceptibility_B_5,susceptibility_B_25,susceptibility_B_65,vac_eff_hospitalization,vac_eff_mortality,prob_hosp_scaling,prob_death_scaling
2014-15,355,31.34741027831376,0.0018628441993284173,0.0014785829130818384,0.0020002757806645843,0.98881060001432053,0.41281207019676691,0.490623039736237,0.46130482003022866,0.83345616468756911,0.85414827330948229,0.61734956097922433,0.90450993815839653,0.89702256018803728,0.74926672532601191,0.59554631602236496,0.43373668885298994,0.82323372370319903,0.51874280805598516,0.00031671362680485426,1e-08
