year,iter,incidence(millions),beta_H1,beta_H3,beta_B,susceptibility_H1_0,susceptibility_H1_5,susceptibility_H1_25,susceptibility_H1_65,susceptibility_H3_0,susceptibility_H3_5,susceptibility_H3_25,susceptibility_H3_65,susceptibility_B_0,susceptibility_B_5,susceptibility_B_25,susceptibility_B_65,vac_eff_hospitalization,vac_eff_mortality,prob_hosp_scaling,prob_death_scaling
2015-16,527,27.38421549088057,0.0019772350826834928,0.002517036839681519,0.0018997096670731461,0.41605755202515871,0.71539314204497406,0.92438013246994777,0.90804567300397543,0.56425883148800293,0.72412833354329786,0.45782206189903835,0.76603256313804025,0.61291332209626581,0.91090929903063789,0.74624473756748555,0.95017559753952907,0.050511876204819339,0.47290357009110201,0.00022640365923531913,4.9075900545758611e-05
