year,iter,incidence(millions),beta_H1,beta_H3,beta_B,susceptibility_H1_0,susceptibility_H1_5,susceptibility_H1_25,susceptibility_H1_65,susceptibility_H3_0,susceptibility_H3_5,susceptibility_H3_25,susceptibility_H3_65,susceptibility_B_0,susceptibility_B_5,susceptibility_B_25,susceptibility_B_65,vac_eff_hospitalization,vac_eff_mortality,prob_hosp_scaling,prob_death_scaling
2014-15,983,30.76113983411207,0.00052913421160738494,0.0019378379890526154,0.0028536015114970503,0.54968543047295604,0.69916280145101761,0.92690191542729305,0.79696288370904611,0.91520694860799745,0.85953455673099333,0.50823535455764901,0.79359411550471448,0.62100275000281069,0.66441118549444234,0.5067933514247368,0.62539620396559858,0.60665065712850874,0.52443318214841406,0.00044827567022159842,4.1169529572726571e-05
