year,iter,incidence(millions),beta_H1,beta_H3,beta_B,susceptibility_H1_0,susceptibility_H1_5,susceptibility_H1_25,susceptibility_H1_65,susceptibility_H3_0,susceptibility_H3_5,susceptibility_H3_25,susceptibility_H3_65,susceptibility_B_0,susceptibility_B_5,susceptibility_B_25,susceptibility_B_65,vac_eff_hospitalization,vac_eff_mortality,prob_hosp_scaling,prob_death_scaling
2012-13,296,32.6093677119383,0.001347736161070201,0.0018001585522079977,0.0022662680169365235,0.54661601454336928,0.71997653173185083,0.94721586259211421,0.95748573208492749,0.72178922891362862,0.82082742857980695,0.46884432916921093,0.50555238142417591,0.63499520411995913,0.4266960730175306,0.79384341288478444,0.53604361211683516,0.24146205373619767,0.21029246283833564,0.00019652141924508815,5.1427099287015832e-05
