year,iter,incidence(millions),beta_H1,beta_H3,beta_B,susceptibility_H1_0,susceptibility_H1_5,susceptibility_H1_25,susceptibility_H1_65,susceptibility_H3_0,susceptibility_H3_5,susceptibility_H3_25,susceptibility_H3_65,susceptibility_B_0,susceptibility_B_5,susceptibility_B_25,susceptibility_B_65,vac_eff_hospitalization,vac_eff_mortality,prob_hosp_scaling,prob_death_scaling
2012-13,236,34.8580790542233,0.0013925942004248681,0.0022717657590894391,0.002438756908209605,0.46334955112598725,0.88712503362406059,0.81547750099077088,0.49797028545339184,0.50196412239660104,0.5886832731740268,0.60119742175475954,0.82172926737919993,0.9563787134841566,0.68946040780569029,0.57581750151369537,0.50000425220769418,0.043221627039381594,0.15766996728480526,0.0003132581593589534,3.6628328114129971e-05
