year,iter,incidence(millions),beta_H1,beta_H3,beta_B,susceptibility_H1_0,susceptibility_H1_5,susceptibility_H1_25,susceptibility_H1_65,susceptibility_H3_0,susceptibility_H3_5,susceptibility_H3_25,susceptibility_H3_65,susceptibility_B_0,susceptibility_B_5,susceptibility_B_25,susceptibility_B_65,vac_eff_hospitalization,vac_eff_mortality,prob_hosp_scaling,prob_death_scaling
2014-15,96,29.88427310316139,1.346732969276232e-05,0.0014739968197925446,0.0019115023883850557,0.65802860621249437,0.92938327544319033,0.46301247272396601,0.88683798194709573,0.66888245348501396,0.85320189800774848,0.59903716758502645,0.80058740725279431,0.55418419974404576,0.47087155267960612,0.85120606873320359,0.5354923712612607,0.81132715484846818,0.70925356774518278,0.00027586660603595714,8.5941720117832521e-05
