year,iter,incidence(millions),beta_H1,beta_H3,beta_B,susceptibility_H1_0,susceptibility_H1_5,susceptibility_H1_25,susceptibility_H1_65,susceptibility_H3_0,susceptibility_H3_5,susceptibility_H3_25,susceptibility_H3_65,susceptibility_B_0,susceptibility_B_5,susceptibility_B_25,susceptibility_B_65,vac_eff_hospitalization,vac_eff_mortality,prob_hosp_scaling,prob_death_scaling
2012-13,292,32.51516547549633,0.0017839127894628271,0.0025350328677353207,0.0020911266171440568,0.78387193571378466,0.47584505319935333,0.51028224983825854,0.69942834493047745,0.72551619558635072,0.44137625636409894,0.53906567505601999,0.89151210041512896,0.98384765035883837,0.65636483915041566,0.7473438779289584,0.4464384509851973,0.26143301377349659,0.972212006062801,0.00061966163009979924,3.8973295565680743e-05
