year,iter,incidence(millions),beta_H1,beta_H3,beta_B,susceptibility_H1_0,susceptibility_H1_5,susceptibility_H1_25,susceptibility_H1_65,susceptibility_H3_0,susceptibility_H3_5,susceptibility_H3_25,susceptibility_H3_65,susceptibility_B_0,susceptibility_B_5,susceptibility_B_25,susceptibility_B_65,vac_eff_hospitalization,vac_eff_mortality,prob_hosp_scaling,prob_death_scaling
2011-12,996,9.117576436052405,0.0016915644334922209,0.00146545694893635,0.0013689388721420115,0.82220618960764869,0.94846938521642898,0.57300738571862597,0.50954052564258867,0.51362012794843215,0.77080537610938782,0.94787492502503889,0.57094583790558018,0.73535064564205488,0.97344767203544036,0.84277003095739045,0.94357287490519615,0.25190226283596362,0.37155311125053048,0.00045702942085495968,6.6631882812195897e-05
