year,iter,incidence(millions),beta_H1,beta_H3,beta_B,susceptibility_H1_0,susceptibility_H1_5,susceptibility_H1_25,susceptibility_H1_65,susceptibility_H3_0,susceptibility_H3_5,susceptibility_H3_25,susceptibility_H3_65,susceptibility_B_0,susceptibility_B_5,susceptibility_B_25,susceptibility_B_65,vac_eff_hospitalization,vac_eff_mortality,prob_hosp_scaling,prob_death_scaling
2015-16,775,27.072288250082124,0.0016124162694404753,0.0016159009239036237,0.0018966365103798011,0.544944149022068,0.86541955666210579,0.84919212424605051,0.82012663810944608,0.77851515634687107,0.95741606489541364,0.53339239308073572,0.88503613386404745,0.81782017316547684,0.44865018833826331,0.88156706974223709,0.71225246374071283,0.86702885658556583,0.66806183304991695,0.00022746429883424568,8.4534698721938639e-05
