year,iter,incidence(millions),beta_H1,beta_H3,beta_B,susceptibility_H1_0,susceptibility_H1_5,susceptibility_H1_25,susceptibility_H1_65,susceptibility_H3_0,susceptibility_H3_5,susceptibility_H3_25,susceptibility_H3_65,susceptibility_B_0,susceptibility_B_5,susceptibility_B_25,susceptibility_B_65,vac_eff_hospitalization,vac_eff_mortality,prob_hosp_scaling,prob_death_scaling
2012-13,229,37.59706559785561,0.0014258705664699778,0.0024435538002052781,0.002014440616691815,0.61063372125005511,0.66289594282783604,0.7361034486000918,0.60785877711453462,0.77229735097428331,0.40733674789180974,0.4731391771629781,0.57817412626768527,0.56873038937604259,0.50748096778030849,0.78848594841213093,0.9713770692210294,0.70772190248005162,0.94295254318224653,0.00030919500042475567,3.3566094513548528e-05
