year,iter,incidence(millions),beta_H1,beta_H3,beta_B,susceptibility_H1_0,susceptibility_H1_5,susceptibility_H1_25,susceptibility_H1_65,susceptibility_H3_0,susceptibility_H3_5,susceptibility_H3_25,susceptibility_H3_65,susceptibility_B_0,susceptibility_B_5,susceptibility_B_25,susceptibility_B_65,vac_eff_hospitalization,vac_eff_mortality,prob_hosp_scaling,prob_death_scaling
2014-15,794,29.81074801934576,0.0014449226586184527,0.0025133217639067285,0.0015912687227170874,0.6819225482916681,0.6994644977807889,0.85917854743535971,0.68089105469450573,0.81395696980060261,0.53053977092165838,0.4296379295746709,0.48055364653334143,0.46111073542644937,0.98305364301443166,0.92127990243343527,0.54834249582895711,0.053296010569687857,0.80263036575352353,0.00030443084732162395,8.4990361922998581e-05
