year,iter,incidence(millions),beta_H1,beta_H3,beta_B,susceptibility_H1_0,susceptibility_H1_5,susceptibility_H1_25,susceptibility_H1_65,susceptibility_H3_0,susceptibility_H3_5,susceptibility_H3_25,susceptibility_H3_65,susceptibility_B_0,susceptibility_B_5,susceptibility_B_25,susceptibility_B_65,vac_eff_hospitalization,vac_eff_mortality,prob_hosp_scaling,prob_death_scaling
2015-16,219,25.149383186349425,0.0023801628422451815,0.0015177131759522844,0.0016496192745888982,0.8499893534508236,0.47286306681905027,0.55947293681896582,0.59355222645904893,0.41730745396569868,0.98860950169139539,0.68731953411196889,0.75458280153672408,0.60374086272073124,0.87882218929125244,0.77027173990610032,0.75346550487203268,0.88707603382789357,0.93338831008020529,0.00035740281534796248,4.3907794048780868e-05
