year,iter,incidence(millions),beta_H1,beta_H3,beta_B,susceptibility_H1_0,susceptibility_H1_5,susceptibility_H1_25,susceptibility_H1_65,susceptibility_H3_0,susceptibility_H3_5,susceptibility_H3_25,susceptibility_H3_65,susceptibility_B_0,susceptibility_B_5,susceptibility_B_25,susceptibility_B_65,vac_eff_hospitalization,vac_eff_mortality,prob_hosp_scaling,prob_death_scaling
2015-16,522,26.04333912741509,0.0017986681882440902,0.0015390944923656114,0.001508601913434271,0.51545441297875949,0.65108056006149662,0.81917002635378666,0.83600034411470214,0.70647930658241198,0.97156010765212653,0.81740740612739082,0.61349447367646626,0.47099570956985526,0.87965437678925751,0.88291922290520519,0.70513270543492612,0.90953717750540464,0.35057930468471821,0.00033373489974725112,4.2771243845052265e-05
