year,iter,incidence(millions),beta_H1,beta_H3,beta_B,susceptibility_H1_0,susceptibility_H1_5,susceptibility_H1_25,susceptibility_H1_65,susceptibility_H3_0,susceptibility_H3_5,susceptibility_H3_25,susceptibility_H3_65,susceptibility_B_0,susceptibility_B_5,susceptibility_B_25,susceptibility_B_65,vac_eff_hospitalization,vac_eff_mortality,prob_hosp_scaling,prob_death_scaling
2014-15,689,30.25559138131676,0.0015180716256320004,0.001664732144369685,0.0018928689220118478,0.75334122807605464,0.44753617492511755,0.95306268625305468,0.62851902801320758,0.89147156153326657,0.70172282740139702,0.69848931138845038,0.72886365254655971,0.94361295885765784,0.55982676704166912,0.79896436358025624,0.95012372668214351,0.32384797609504112,0.45533662303635364,0.00035409684087467364,9.1121654131665064e-05
