year,iter,incidence(millions),beta_H1,beta_H3,beta_B,susceptibility_H1_0,susceptibility_H1_5,susceptibility_H1_25,susceptibility_H1_65,susceptibility_H3_0,susceptibility_H3_5,susceptibility_H3_25,susceptibility_H3_65,susceptibility_B_0,susceptibility_B_5,susceptibility_B_25,susceptibility_B_65,vac_eff_hospitalization,vac_eff_mortality,prob_hosp_scaling,prob_death_scaling
2015-16,290,26.156165520393373,0.0018498146611792832,0.002479954675324636,0.0016856821341616479,0.70382239040039374,0.85257398886624436,0.79487925760753897,0.67089093288544221,0.62570664161814549,0.4270403657679106,0.61445725124703521,0.68558484791550989,0.45333515187529566,0.93316019730113853,0.82342972488840649,0.53823688564543304,0.20628370011518798,0.62968810883472826,0.00045871042200601453,5.8092387079211605e-05
