year,iter,incidence(millions),beta_H1,beta_H3,beta_B,susceptibility_H1_0,susceptibility_H1_5,susceptibility_H1_25,susceptibility_H1_65,susceptibility_H3_0,susceptibility_H3_5,susceptibility_H3_25,susceptibility_H3_65,susceptibility_B_0,susceptibility_B_5,susceptibility_B_25,susceptibility_B_65,vac_eff_hospitalization,vac_eff_mortality,prob_hosp_scaling,prob_death_scaling
2015-16,82,25.305122201458772,0.0021345859043259696,0.0017436422971006671,0.0018603423659605545,0.89892868997957487,0.54507893409259478,0.64767131767692654,0.89954984002773031,0.49646621372072092,0.7406695498531386,0.56159059111995369,0.52625341768236045,0.95307709828913434,0.71797020869621631,0.69440149341162516,0.89682591829934222,0.58807311511562776,0.62806789066031887,0.00097975834533348127,2.2827077285403341e-05
