year,iter,incidence(millions),beta_H1,beta_H3,beta_B,susceptibility_H1_0,susceptibility_H1_5,susceptibility_H1_25,susceptibility_H1_65,susceptibility_H3_0,susceptibility_H3_5,susceptibility_H3_25,susceptibility_H3_65,susceptibility_B_0,susceptibility_B_5,susceptibility_B_25,susceptibility_B_65,vac_eff_hospitalization,vac_eff_mortality,prob_hosp_scaling,prob_death_scaling
2014-15,680,29.52741340352057,0.0018153224749479224,0.0016194096049040874,0.0014364378239418163,0.42290722882410348,0.61306678212794963,0.48368934955413301,0.93901152696475054,0.81164658472929396,0.84216744326505899,0.42614669237888703,0.99468110762617412,0.70607764966689912,0.99321682830486679,0.89327162965067863,0.54686944056658326,0.31761356227508397,0.29927023471021186,0.00030649377643743314,4.8921928828105088e-05
