year,iter,incidence(millions),beta_H1,beta_H3,beta_B,susceptibility_H1_0,susceptibility_H1_5,susceptibility_H1_25,susceptibility_H1_65,susceptibility_H3_0,susceptibility_H3_5,susceptibility_H3_25,susceptibility_H3_65,susceptibility_B_0,susceptibility_B_5,susceptibility_B_25,susceptibility_B_65,vac_eff_hospitalization,vac_eff_mortality,prob_hosp_scaling,prob_death_scaling
2017-18,607,49.603067142944184,0.0021020592134990412,0.0020998433095509306,0.0023751756744856412,0.82869610505163571,0.50450782049109799,0.92633719298446016,0.6591272249907203,0.42820495295503469,0.76888648677122906,0.60552080905114447,0.56711486412910039,0.97447021244197718,0.51953427546085806,0.44622548947585983,0.74703378812634802,0.18892968054440218,0.26474541116347566,0.00014823065059882401,8.7459440717363446e-05
