year,iter,incidence(millions),beta_H1,beta_H3,beta_B,susceptibility_H1_0,susceptibility_H1_5,susceptibility_H1_25,susceptibility_H1_65,susceptibility_H3_0,susceptibility_H3_5,susceptibility_H3_25,susceptibility_H3_65,susceptibility_B_0,susceptibility_B_5,susceptibility_B_25,susceptibility_B_65,vac_eff_hospitalization,vac_eff_mortality,prob_hosp_scaling,prob_death_scaling
2015-16,76,25.469712013889204,0.0022662745013844465,0.0022343995135573613,0.00229829876202442,0.75980622077081184,0.7961296273609495,0.62788679141808723,0.74771734683821012,0.85840635645666563,0.46789563721458827,0.7821111555201703,0.46022864348803827,0.8274049146501955,0.69575827538567669,0.72716020450493568,0.77554424206817085,0.40851358315605268,0.84968138666839077,0.00065446506061073162,6.0873437460473578e-05
