year,iter,incidence(millions),beta_H1,beta_H3,beta_B,susceptibility_H1_0,susceptibility_H1_5,susceptibility_H1_25,susceptibility_H1_65,susceptibility_H3_0,susceptibility_H3_5,susceptibility_H3_25,susceptibility_H3_65,susceptibility_B_0,susceptibility_B_5,susceptibility_B_25,susceptibility_B_65,vac_eff_hospitalization,vac_eff_mortality,prob_hosp_scaling,prob_death_scaling
2015-16,330,26.315049304543216,0.0025711537260503237,0.0017655583015016019,0.0019277003708706442,0.88293700349706639,0.41100539537168557,0.59136933287819249,0.51771517980623749,0.42816660156833097,0.57698112085090125,0.79733925983092513,0.96565622042812072,0.65775329050045461,0.47084455790172108,0.97103777207382402,0.57391490829728786,0.46890057422634174,0.63769709087568649,0.00032561689378535208,4.3127736900572256e-05
