year,iter,incidence(millions),beta_H1,beta_H3,beta_B,susceptibility_H1_0,susceptibility_H1_5,susceptibility_H1_25,susceptibility_H1_65,susceptibility_H3_0,susceptibility_H3_5,susceptibility_H3_25,susceptibility_H3_65,susceptibility_B_0,susceptibility_B_5,susceptibility_B_25,susceptibility_B_65,vac_eff_hospitalization,vac_eff_mortality,prob_hosp_scaling,prob_death_scaling
2012-13,256,35.40819194159466,0.00042304370843537775,0.0027162029279605426,0.0021796323897693148,0.91704604202826678,0.80449826510965727,0.86505716273065669,0.71097077379548412,0.93728505181241284,0.50879647187714294,0.44614285009078203,0.61257853678773233,0.5820754441608853,0.97734526693512858,0.4375303790832763,0.59059693637958244,0.34131353298471834,0.58802922128400503,0.00027387623345104251,3.8299704520683431e-05
