year,iter,incidence(millions),beta_H1,beta_H3,beta_B,susceptibility_H1_0,susceptibility_H1_5,susceptibility_H1_25,susceptibility_H1_65,susceptibility_H3_0,susceptibility_H3_5,susceptibility_H3_25,susceptibility_H3_65,susceptibility_B_0,susceptibility_B_5,susceptibility_B_25,susceptibility_B_65,vac_eff_hospitalization,vac_eff_mortality,prob_hosp_scaling,prob_death_scaling
2014-15,98,29.622405412408956,0.0011449381613810039,0.0012682606063190716,0.0019904678196045467,0.89534396268669947,0.94380599637285911,0.92897103025826833,0.70843389415787228,0.59226219451726847,0.9575774333168009,0.98472705858234333,0.82757249319115922,0.74658743458798416,0.90020359275150486,0.45121722164963285,0.48899800154788198,0.36582078655262568,0.58256410255042634,0.000470857831830096,9.42449401715173e-05
