year,iter,incidence(millions),beta_H1,beta_H3,beta_B,susceptibility_H1_0,susceptibility_H1_5,susceptibility_H1_25,susceptibility_H1_65,susceptibility_H3_0,susceptibility_H3_5,susceptibility_H3_25,susceptibility_H3_65,susceptibility_B_0,susceptibility_B_5,susceptibility_B_25,susceptibility_B_65,vac_eff_hospitalization,vac_eff_mortality,prob_hosp_scaling,prob_death_scaling
2015-16,751,24.647570599959355,0.0015907270197046963,0.00028783957957517758,0.0019965775770257599,0.91006013613710213,0.86564067480945894,0.85382563745747264,0.66415457249475485,0.49778641208460661,0.53775674432186849,0.8430467701023574,0.68106590187768767,0.75537420851047998,0.51314122251235539,0.79109310025098201,0.75097430154079536,0.1404435328127463,0.11956369648611648,0.00092429640991842366,1e-08
