year,iter,incidence(millions),beta_H1,beta_H3,beta_B,susceptibility_H1_0,susceptibility_H1_5,susceptibility_H1_25,susceptibility_H1_65,susceptibility_H3_0,susceptibility_H3_5,susceptibility_H3_25,susceptibility_H3_65,susceptibility_B_0,susceptibility_B_5,susceptibility_B_25,susceptibility_B_65,vac_eff_hospitalization,vac_eff_mortality,prob_hosp_scaling,prob_death_scaling
2014-15,807,30.174386204534372,0.0013556174512955321,0.0020317276133168249,0.0020274622906690243,0.66428442921336983,0.93589463890015501,0.42287895037732015,0.41097612329142941,0.49178703873233376,0.65976614864596672,0.45095378746564335,0.49058573939419858,0.90284636852320344,0.40600108867020757,0.77895741435287147,0.43659325710243874,0.12929270748894867,0.86892583930843159,0.00049556509715376063,0.00012241992907785493
