year,iter,incidence(millions),beta_H1,beta_H3,beta_B,susceptibility_H1_0,susceptibility_H1_5,susceptibility_H1_25,susceptibility_H1_65,susceptibility_H3_0,susceptibility_H3_5,susceptibility_H3_25,susceptibility_H3_65,susceptibility_B_0,susceptibility_B_5,susceptibility_B_25,susceptibility_B_65,vac_eff_hospitalization,vac_eff_mortality,prob_hosp_scaling,prob_death_scaling
2012-13,88,32.85776159948165,0.0016119286164191227,0.0016685014641156237,0.001766715735452562,0.61063773202772809,0.50840725893326288,0.74400442113922682,0.99360986497644843,0.64031613661121822,0.63117797189187241,0.8966887428212974,0.57568243200414104,0.41497606560914535,0.61682999444740194,0.92064876364073522,0.98215868264729123,0.90967441214934364,0.17384976707754429,0.00034196208347847534,5.5338382103031769e-05
