year,iter,incidence(millions),beta_H1,beta_H3,beta_B,susceptibility_H1_0,susceptibility_H1_5,susceptibility_H1_25,susceptibility_H1_65,susceptibility_H3_0,susceptibility_H3_5,susceptibility_H3_25,susceptibility_H3_65,susceptibility_B_0,susceptibility_B_5,susceptibility_B_25,susceptibility_B_65,vac_eff_hospitalization,vac_eff_mortality,prob_hosp_scaling,prob_death_scaling
2015-16,761,26.17162993201411,0.0023192441338180658,0.0010421101596955196,0.0024702972926688438,0.98491093430451548,0.63898205499164307,0.5032232393037922,0.81942757201452654,0.50874081343556499,0.78805039183653536,0.50482427755419679,0.50131585109476173,0.9480919590911101,0.52109150707730323,0.49149756212297846,0.56583622658499966,0.43275375557264739,0.39976672120599788,0.00055112083894826025,1.7404811230359307e-05
