year,iter,incidence(millions),beta_H1,beta_H3,beta_B,susceptibility_H1_0,susceptibility_H1_5,susceptibility_H1_25,susceptibility_H1_65,susceptibility_H3_0,susceptibility_H3_5,susceptibility_H3_25,susceptibility_H3_65,susceptibility_B_0,susceptibility_B_5,susceptibility_B_25,susceptibility_B_65,vac_eff_hospitalization,vac_eff_mortality,prob_hosp_scaling,prob_death_scaling
2015-16,758,24.86802198181136,0.0023707644862381305,0.0018090662923224143,0.0021795386958808338,0.71813377586161253,0.55404169538557835,0.58606545325079185,0.67596579310303373,0.7845238575364113,0.41259408185082092,0.96516729686102687,0.83176524989641898,0.57859677272509302,0.65538380847071243,0.6967175105561374,0.73185609226199888,0.91366224267570639,0.8291430898987926,0.00054632743107246862,4.2857627815640065e-05
