year,iter,incidence(millions),beta_H1,beta_H3,beta_B,susceptibility_H1_0,susceptibility_H1_5,susceptibility_H1_25,susceptibility_H1_65,susceptibility_H3_0,susceptibility_H3_5,susceptibility_H3_25,susceptibility_H3_65,susceptibility_B_0,susceptibility_B_5,susceptibility_B_25,susceptibility_B_65,vac_eff_hospitalization,vac_eff_mortality,prob_hosp_scaling,prob_death_scaling
2017-18,606,47.84278909414867,0.002068986930095329,0.0025966114511482563,0.0019456937147551701,0.89755597014719268,0.59870688833101415,0.78440205241393046,0.50200778721624539,0.99141392972003151,0.4326397103064421,0.53945435713738343,0.47689792005325532,0.8525632460541126,0.82537067729024005,0.50796665899912097,0.82340058192171961,0.14093149854592685,0.61656100673281511,0.00053807826338575504,6.6459138689412001e-05
