year,iter,incidence(millions),beta_H1,beta_H3,beta_B,susceptibility_H1_0,susceptibility_H1_5,susceptibility_H1_25,susceptibility_H1_65,susceptibility_H3_0,susceptibility_H3_5,susceptibility_H3_25,susceptibility_H3_65,susceptibility_B_0,susceptibility_B_5,susceptibility_B_25,susceptibility_B_65,vac_eff_hospitalization,vac_eff_mortality,prob_hosp_scaling,prob_death_scaling
2012-13,94,34.32376671142874,0.0016504582726564188,0.0025979363317151782,0.003000992921176282,0.71233482773438261,0.56160290665862955,0.9170672609006012,0.67912084340975887,0.46706037752413138,0.50815355468653722,0.60632742360156477,0.66002986171718059,0.47606455929053498,0.46965516280645087,0.5981891234598552,0.8658095725682915,0.78890588637430348,0.97857289721479623,0.00027172565518646108,6.70879727924234e-05
