year,iter,incidence(millions),beta_H1,beta_H3,beta_B,susceptibility_H1_0,susceptibility_H1_5,susceptibility_H1_25,susceptibility_H1_65,susceptibility_H3_0,susceptibility_H3_5,susceptibility_H3_25,susceptibility_H3_65,susceptibility_B_0,susceptibility_B_5,susceptibility_B_25,susceptibility_B_65,vac_eff_hospitalization,vac_eff_mortality,prob_hosp_scaling,prob_death_scaling
2015-16,831,25.743253923761856,0.0029284366896051295,0.0016354358312871131,0.0015259836835446183,0.45642682566629889,0.46465788277809023,0.46417807449153092,0.81582363964462501,0.95778585815756156,0.96960658122193111,0.88411227256025726,0.61902660454267378,0.42600612540631633,0.88191375409742401,0.98327466251397322,0.91081777950620157,0.71748055362417085,0.61816832318519999,0.00059655933409547002,4.106745032983472e-05
