year,iter,incidence(millions),beta_H1,beta_H3,beta_B,susceptibility_H1_0,susceptibility_H1_5,susceptibility_H1_25,susceptibility_H1_65,susceptibility_H3_0,susceptibility_H3_5,susceptibility_H3_25,susceptibility_H3_65,susceptibility_B_0,susceptibility_B_5,susceptibility_B_25,susceptibility_B_65,vac_eff_hospitalization,vac_eff_mortality,prob_hosp_scaling,prob_death_scaling
2014-15,660,32.359734290381006,0.0011671276913239326,0.0018829726449801631,2.8155748005576076e-05,0.92202488640351987,0.928979306816476,0.92201012266025495,0.62470550678478687,0.4969479579074591,0.46261323027995854,0.75726388802885092,0.41034284908527552,0.56160901312214195,0.58005206205747617,0.88423055055964284,0.66688709160726056,0.56698566372906822,0.086861734500212395,0.00025719835450582762,6.8859056486625381e-05
