year,iter,incidence(millions),beta_H1,beta_H3,beta_B,susceptibility_H1_0,susceptibility_H1_5,susceptibility_H1_25,susceptibility_H1_65,susceptibility_H3_0,susceptibility_H3_5,susceptibility_H3_25,susceptibility_H3_65,susceptibility_B_0,susceptibility_B_5,susceptibility_B_25,susceptibility_B_65,vac_eff_hospitalization,vac_eff_mortality,prob_hosp_scaling,prob_death_scaling
2015-16,291,24.997470060889835,0.0025041137681635628,0.0021493001696782366,0.0014587798951294362,0.44101430741802977,0.59687172555356349,0.4912417328835138,0.65984944694265368,0.60121343816656092,0.6241890024087694,0.50741237744910106,0.94270952194796309,0.99853466337060715,0.94180379406196413,0.84291742577620554,0.77554693842017319,0.0793801064609998,0.57129277823308366,0.00022608968633025528,2.7367274057610302e-05
