year,iter,incidence(millions),beta_H1,beta_H3,beta_B,susceptibility_H1_0,susceptibility_H1_5,susceptibility_H1_25,susceptibility_H1_65,susceptibility_H3_0,susceptibility_H3_5,susceptibility_H3_25,susceptibility_H3_65,susceptibility_B_0,susceptibility_B_5,susceptibility_B_25,susceptibility_B_65,vac_eff_hospitalization,vac_eff_mortality,prob_hosp_scaling,prob_death_scaling
2015-16,819,27.117471220379365,0.001871523355938931,0.00054631325065862546,0.0018257604458550292,0.6725991823375812,0.56594307171545999,0.99727276275940757,0.61278701367943622,0.88240080735968562,0.84239021499563105,0.86957301787637775,0.48796507102050563,0.96581583423167294,0.77216399062090846,0.96579940772045059,0.79040384103875128,0.036454006471468126,0.23503415671112404,0.0010482602087771298,2.8201079819323294e-05
