year,iter,incidence(millions),beta_H1,beta_H3,beta_B,susceptibility_H1_0,susceptibility_H1_5,susceptibility_H1_25,susceptibility_H1_65,susceptibility_H3_0,susceptibility_H3_5,susceptibility_H3_25,susceptibility_H3_65,susceptibility_B_0,susceptibility_B_5,susceptibility_B_25,susceptibility_B_65,vac_eff_hospitalization,vac_eff_mortality,prob_hosp_scaling,prob_death_scaling
2015-16,756,25.963327114211392,0.001795037225410967,0.0021439609336134091,0.001870911431756328,0.74310667081625947,0.67179809830288906,0.83966619721276392,0.8296595489848364,0.40859689455870213,0.42154681575744646,0.734312551850553,0.73015617495742702,0.7559543635870607,0.7404945172966233,0.64055388112150946,0.851841315478852,0.63662569222704679,0.80936766156716056,0.00038416880122560393,2.5647131739803264e-05
