year,iter,incidence(millions),beta_H1,beta_H3,beta_B,susceptibility_H1_0,susceptibility_H1_5,susceptibility_H1_25,susceptibility_H1_65,susceptibility_H3_0,susceptibility_H3_5,susceptibility_H3_25,susceptibility_H3_65,susceptibility_B_0,susceptibility_B_5,susceptibility_B_25,susceptibility_B_65,vac_eff_hospitalization,vac_eff_mortality,prob_hosp_scaling,prob_death_scaling
2012-13,90,32.8804223861396,0.0022807869070528564,0.0020359647099554845,0.0020773347411632281,0.51049894397516649,0.42490956255254464,0.48417403533512815,0.8889162704608784,0.518609463736319,0.70672505581773959,0.55599578369237801,0.74757507566438253,0.45539685057481033,0.61290966513282741,0.78625054346264267,0.83155818603989862,0.32172617447096324,0.98600367255874433,0.00030277095640668383,1e-08
