year,iter,incidence(millions),beta_H1,beta_H3,beta_B,susceptibility_H1_0,susceptibility_H1_5,susceptibility_H1_25,susceptibility_H1_65,susceptibility_H3_0,susceptibility_H3_5,susceptibility_H3_25,susceptibility_H3_65,susceptibility_B_0,susceptibility_B_5,susceptibility_B_25,susceptibility_B_65,vac_eff_hospitalization,vac_eff_mortality,prob_hosp_scaling,prob_death_scaling
2014-15,667,30.667210065785852,0.0014980056483427373,0.0016711687149978394,0.0017504325642209162,0.99881520856629669,0.69368817434312335,0.48717844272713051,0.85047583176709529,0.91452821336401113,0.54879559388182386,0.72258785902725331,0.89268972042920702,0.99680787168556506,0.85494698986814965,0.65265891484402372,0.72553553887886335,0.65220475917424148,0.98033522253190108,0.0001943308040705527,5.6696048603310789e-05
