year,iter,incidence(millions),beta_H1,beta_H3,beta_B,susceptibility_H1_0,susceptibility_H1_5,susceptibility_H1_25,susceptibility_H1_65,susceptibility_H3_0,susceptibility_H3_5,susceptibility_H3_25,susceptibility_H3_65,susceptibility_B_0,susceptibility_B_5,susceptibility_B_25,susceptibility_B_65,vac_eff_hospitalization,vac_eff_mortality,prob_hosp_scaling,prob_death_scaling
2015-16,759,25.77324335658907,0.0018959479309217375,0.0019693667058598985,0.0016575497930795269,0.95765821462094336,0.41918982103495256,0.82715703550835262,0.74535138714350457,0.64427374475088361,0.61315698136719099,0.69882347957609858,0.90481850043545142,0.65532230059724006,0.98342101330264753,0.72108693267276636,0.83328671847820701,0.58402473077773498,0.9314970493658552,0.00044413617335709032,4.2169182508322578e-05
