year,iter,incidence(millions),beta_H1,beta_H3,beta_B,susceptibility_H1_0,susceptibility_H1_5,susceptibility_H1_25,susceptibility_H1_65,susceptibility_H3_0,susceptibility_H3_5,susceptibility_H3_25,susceptibility_H3_65,susceptibility_B_0,susceptibility_B_5,susceptibility_B_25,susceptibility_B_65,vac_eff_hospitalization,vac_eff_mortality,prob_hosp_scaling,prob_death_scaling
2014-15,810,29.84136570642273,0.0017266639295233088,0.0019379130092699315,0.00223642767061355,0.44199344385597361,0.65934321353616565,0.78519692613253611,0.77691345791212885,0.66457552293727218,0.80688230689810769,0.48129737355690866,0.78979931704542694,0.98810593843041672,0.62083607135428986,0.69926071405820378,0.78505096452419654,0.72527713479173705,0.79340089807011993,0.0002964234693215162,0.00014226682251650136
