year,iter,incidence(millions),beta_H1,beta_H3,beta_B,susceptibility_H1_0,susceptibility_H1_5,susceptibility_H1_25,susceptibility_H1_65,susceptibility_H3_0,susceptibility_H3_5,susceptibility_H3_25,susceptibility_H3_65,susceptibility_B_0,susceptibility_B_5,susceptibility_B_25,susceptibility_B_65,vac_eff_hospitalization,vac_eff_mortality,prob_hosp_scaling,prob_death_scaling
2015-16,804,25.172929897560728,0.0020855311209250216,0.002413912216339742,0.0020042760691609263,0.77021887150529955,0.89986069072271535,0.44404282907471726,0.73638111731637013,0.51677004750681965,0.71182997300018347,0.47534643205180915,0.70311231716519895,0.50762144541184862,0.50057770407606783,0.8549233080813301,0.96304137654919231,0.082805250430704025,0.117945832805672,0.00033536796051880646,2.5715069897125353e-05
