year,iter,incidence(millions),beta_H1,beta_H3,beta_B,susceptibility_H1_0,susceptibility_H1_5,susceptibility_H1_25,susceptibility_H1_65,susceptibility_H3_0,susceptibility_H3_5,susceptibility_H3_25,susceptibility_H3_65,susceptibility_B_0,susceptibility_B_5,susceptibility_B_25,susceptibility_B_65,vac_eff_hospitalization,vac_eff_mortality,prob_hosp_scaling,prob_death_scaling
2014-15,357,31.9597743090051,0.0019742348961098166,0.0019274768342862347,0.0018234755291521298,0.56864571831544797,0.58076002385554248,0.44901924142460453,0.82966422093912484,0.63356603480001994,0.71511363816654649,0.51934684279751542,0.50550564216851068,0.74227652988409965,0.53953048656157931,0.77239950943604496,0.42432064514942969,0.9569615697470979,0.038192428647393362,0.00039049282149405951,0.00011297833730450346
