year,iter,incidence(millions),beta_H1,beta_H3,beta_B,susceptibility_H1_0,susceptibility_H1_5,susceptibility_H1_25,susceptibility_H1_65,susceptibility_H3_0,susceptibility_H3_5,susceptibility_H3_25,susceptibility_H3_65,susceptibility_B_0,susceptibility_B_5,susceptibility_B_25,susceptibility_B_65,vac_eff_hospitalization,vac_eff_mortality,prob_hosp_scaling,prob_death_scaling
2014-15,732,30.23338162594463,0.001406593321819416,0.0015273034349054804,0.0023641642644801619,0.72239129893169263,0.88334437822776313,0.76702394005822305,0.54659359716525902,0.65449067473672318,0.9081325633864421,0.87709549990036839,0.58611636584317484,0.45792476047234121,0.69140924721429042,0.70876398754418957,0.46476222892415336,0.54502036619087668,0.32740745851992914,0.00075374940496542031,0.00013004263448662678
