year,iter,incidence(millions),beta_H1,beta_H3,beta_B,susceptibility_H1_0,susceptibility_H1_5,susceptibility_H1_25,susceptibility_H1_65,susceptibility_H3_0,susceptibility_H3_5,susceptibility_H3_25,susceptibility_H3_65,susceptibility_B_0,susceptibility_B_5,susceptibility_B_25,susceptibility_B_65,vac_eff_hospitalization,vac_eff_mortality,prob_hosp_scaling,prob_death_scaling
2015-16,524,25.09231380689209,0.0018932618746235197,0.0021727395365906954,0.0024771603863701919,0.90748125085513287,0.47617071797509514,0.9715473326200087,0.50285063169894251,0.66149951238570603,0.7563297393643067,0.64524731117072665,0.95033682057856228,0.53592013686370488,0.43284032405276107,0.65987372963229118,0.64872987916162261,0.98723500052053859,0.77228623183463174,0.0003453610935989504,4.6802850828586706e-05
