year,iter,incidence(millions),beta_H1,beta_H3,beta_B,susceptibility_H1_0,susceptibility_H1_5,susceptibility_H1_25,susceptibility_H1_65,susceptibility_H3_0,susceptibility_H3_5,susceptibility_H3_25,susceptibility_H3_65,susceptibility_B_0,susceptibility_B_5,susceptibility_B_25,susceptibility_B_65,vac_eff_hospitalization,vac_eff_mortality,prob_hosp_scaling,prob_death_scaling
2014-15,677,30.10247541966828,1.0281763030695057e-05,0.0018201268196167963,0.0021919236645286944,0.54099575441220538,0.49966015433996136,0.50001600902002463,0.81565711195197077,0.80743633075122467,0.61932525543994799,0.69863967803035276,0.86262924451089451,0.97534276251598861,0.49970525569052493,0.64239131331918009,0.98526545738677218,0.69520740199492082,0.83244898459096328,0.00047622127314483897,9.8764415075947021e-05
