year,iter,incidence(millions),beta_H1,beta_H3,beta_B,susceptibility_H1_0,susceptibility_H1_5,susceptibility_H1_25,susceptibility_H1_65,susceptibility_H3_0,susceptibility_H3_5,susceptibility_H3_25,susceptibility_H3_65,susceptibility_B_0,susceptibility_B_5,susceptibility_B_25,susceptibility_B_65,vac_eff_hospitalization,vac_eff_mortality,prob_hosp_scaling,prob_death_scaling
2015-16,338,25.397481752631432,0.0016496532336215397,0.0016514505201954965,0.0026518645453381673,0.5124239282033155,0.83427021168908699,0.71080888101552098,0.89680572550574245,0.9710533337654883,0.98795507869721466,0.60542566955694455,0.42395822443814346,0.91294535498169604,0.41302730824756628,0.45364454100350393,0.57415656109059177,0.81350952663013165,0.77109703941180419,0.00074371073162743384,4.0504774341865168e-05
