year,iter,incidence(millions),beta_H1,beta_H3,beta_B,susceptibility_H1_0,susceptibility_H1_5,susceptibility_H1_25,susceptibility_H1_65,susceptibility_H3_0,susceptibility_H3_5,susceptibility_H3_25,susceptibility_H3_65,susceptibility_B_0,susceptibility_B_5,susceptibility_B_25,susceptibility_B_65,vac_eff_hospitalization,vac_eff_mortality,prob_hosp_scaling,prob_death_scaling
2015-16,293,25.04504277135209,0.0017435165249846674,4.4421169227037982e-05,0.0018625448827516156,0.72155804571917381,0.89674603712848056,0.75498162670489388,0.78201096851399132,0.89619417715168981,0.47939401413069938,0.82636294143458922,0.53943996271536288,0.51471358182658544,0.9257578119486336,0.67223952565439926,0.63040057347022938,0.88501840679588795,0.67724835819779083,0.0010264224056369398,5.3633457250457095e-05
