year,iter,incidence(millions),beta_H1,beta_H3,beta_B,susceptibility_H1_0,susceptibility_H1_5,susceptibility_H1_25,susceptibility_H1_65,susceptibility_H3_0,susceptibility_H3_5,susceptibility_H3_25,susceptibility_H3_65,susceptibility_B_0,susceptibility_B_5,susceptibility_B_25,susceptibility_B_65,vac_eff_hospitalization,vac_eff_mortality,prob_hosp_scaling,prob_death_scaling
2013-14,994,29.802494122245225,0.0027136815701547246,0.0013108890461055456,0.001552758657702602,0.81457200330388635,0.51480758196850296,0.4939732654317297,0.65245216937071282,0.98531492887760641,0.98659965212534295,0.84711440888127054,0.5002183947607709,0.47620355939018782,0.96439294957689747,0.43059231955573635,0.53296408593394617,0.51448633358426499,0.72123853242384361,0.00057433004599882764,9.0296544974610704e-05
