year,iter,incidence(millions),beta_H1,beta_H3,beta_B,susceptibility_H1_0,susceptibility_H1_5,susceptibility_H1_25,susceptibility_H1_65,susceptibility_H3_0,susceptibility_H3_5,susceptibility_H3_25,susceptibility_H3_65,susceptibility_B_0,susceptibility_B_5,susceptibility_B_25,susceptibility_B_65,vac_eff_hospitalization,vac_eff_mortality,prob_hosp_scaling,prob_death_scaling
2012-13,237,35.0791598462972,0.0012719686387923645,0.0023086559191433653,0.0026340400519717089,0.64338703577117939,0.999276102500678,0.98510620718408048,0.93593831198136468,0.80947745490878575,0.73367807089777448,0.42609101641377978,0.74307869462282727,0.72319191533698068,0.64556242120219287,0.55036823835154769,0.77887394390986886,0.75013039419438532,0.44718580042672623,0.00035405138847849349,6.9378592978786013e-05
