year,iter,incidence(millions),beta_H1,beta_H3,beta_B,susceptibility_H1_0,susceptibility_H1_5,susceptibility_H1_25,susceptibility_H1_65,susceptibility_H3_0,susceptibility_H3_5,susceptibility_H3_25,susceptibility_H3_65,susceptibility_B_0,susceptibility_B_5,susceptibility_B_25,susceptibility_B_65,vac_eff_hospitalization,vac_eff_mortality,prob_hosp_scaling,prob_death_scaling
2015-16,531,26.759395330188752,0.0017298592774198096,0.0018726717500339718,0.0014883044970180892,0.50822480015364235,0.66306605554934561,0.91867962764095767,0.78949106382131107,0.71567967642805774,0.74268759385924332,0.68080959929514806,0.5152517954426663,0.76476723434182103,0.94071103797561917,0.94150447399347814,0.88652180698827454,0.89941141224217613,0.84695131422118686,0.00025578634980194526,1e-08
