year,iter,incidence(millions),beta_H1,beta_H3,beta_B,susceptibility_H1_0,susceptibility_H1_5,susceptibility_H1_25,susceptibility_H1_65,susceptibility_H3_0,susceptibility_H3_5,susceptibility_H3_25,susceptibility_H3_65,susceptibility_B_0,susceptibility_B_5,susceptibility_B_25,susceptibility_B_65,vac_eff_hospitalization,vac_eff_mortality,prob_hosp_scaling,prob_death_scaling
2011-12,994,9.499869259415297,0.0016771139314654682,0.0020287042132106636,0.001574197522743348,0.97943148675903224,0.59392972157054469,0.87458361115060745,0.50465204789255758,0.56992843133578508,0.72661505746646005,0.41453278634730539,0.53384617382078159,0.56232805442708367,0.51152998517586146,0.69492873843846548,0.98474101760507138,0.042089896953621253,0.88189562636745333,0.00039696227989338695,0.00010492777644577345
