year,iter,incidence(millions),beta_H1,beta_H3,beta_B,susceptibility_H1_0,susceptibility_H1_5,susceptibility_H1_25,susceptibility_H1_65,susceptibility_H3_0,susceptibility_H3_5,susceptibility_H3_25,susceptibility_H3_65,susceptibility_B_0,susceptibility_B_5,susceptibility_B_25,susceptibility_B_65,vac_eff_hospitalization,vac_eff_mortality,prob_hosp_scaling,prob_death_scaling
2015-16,796,26.32150193754961,0.0015287033836881014,0.0017962957840623739,0.0020064811941681859,0.77360879408233241,0.96551460234174868,0.89376263079651397,0.82680730094617017,0.89254748854206423,0.69903152119836953,0.68541963256939153,0.62161674935658351,0.44482511503031297,0.76860189165637205,0.52913302488087921,0.75253382401153412,0.012143885029198387,0.82699784466880777,0.00038071287836172196,9.6591013660773939e-05
