year,iter,incidence(millions),beta_H1,beta_H3,beta_B,susceptibility_H1_0,susceptibility_H1_5,susceptibility_H1_25,susceptibility_H1_65,susceptibility_H3_0,susceptibility_H3_5,susceptibility_H3_25,susceptibility_H3_65,susceptibility_B_0,susceptibility_B_5,susceptibility_B_25,susceptibility_B_65,vac_eff_hospitalization,vac_eff_mortality,prob_hosp_scaling,prob_death_scaling
2014-15,691,31.300835245332788,0.001379217071003136,0.0017590446064693621,0.0018601780433995518,0.46798495315887717,0.95906490936344024,0.43517996463787639,0.80095996585997598,0.61580642167444943,0.50518210099969696,0.82165697780534952,0.66264277130476501,0.41151428262432777,0.63749469126795288,0.81010545983034454,0.98164603527199068,0.92556864496836866,0.010634336945633038,0.00047597048920572371,4.0415616368361107e-05
