year,iter,incidence(millions),beta_H1,beta_H3,beta_B,susceptibility_H1_0,susceptibility_H1_5,susceptibility_H1_25,susceptibility_H1_65,susceptibility_H3_0,susceptibility_H3_5,susceptibility_H3_25,susceptibility_H3_65,susceptibility_B_0,susceptibility_B_5,susceptibility_B_25,susceptibility_B_65,vac_eff_hospitalization,vac_eff_mortality,prob_hosp_scaling,prob_death_scaling
2014-15,735,29.73865019776909,0.0019799140814538707,0.0019489226161246709,0.0025684704379855261,0.60207213745740751,0.51766005791391145,0.66674882362792665,0.59593590549702002,0.92067474100520208,0.80553305252220797,0.46371947149935283,0.90136244004458543,0.85513343970322686,0.70004521847752454,0.44047377382082176,0.61764805216087326,0.57453300182227263,0.92863830754769305,0.0009650300699260983,9.2596389512311639e-05
