year,iter,incidence(millions),beta_H1,beta_H3,beta_B,susceptibility_H1_0,susceptibility_H1_5,susceptibility_H1_25,susceptibility_H1_65,susceptibility_H3_0,susceptibility_H3_5,susceptibility_H3_25,susceptibility_H3_65,susceptibility_B_0,susceptibility_B_5,susceptibility_B_25,susceptibility_B_65,vac_eff_hospitalization,vac_eff_mortality,prob_hosp_scaling,prob_death_scaling
2015-16,781,25.882912990294976,0.0024918678568670027,0.0013506621598112223,0.0018734525281021153,0.7200026837477187,0.69604220180842713,0.45108102021239538,0.47869833198760653,0.8880083053900667,0.99747594641987125,0.93358128002539265,0.66833146065514659,0.70275953467308272,0.46627901829468704,0.82656833307507516,0.60629904996976791,0.14122581952645802,0.4227367621038729,0.00051361467025501373,9.6002877194356628e-05
