year,iter,incidence(millions),beta_H1,beta_H3,beta_B,susceptibility_H1_0,susceptibility_H1_5,susceptibility_H1_25,susceptibility_H1_65,susceptibility_H3_0,susceptibility_H3_5,susceptibility_H3_25,susceptibility_H3_65,susceptibility_B_0,susceptibility_B_5,susceptibility_B_25,susceptibility_B_65,vac_eff_hospitalization,vac_eff_mortality,prob_hosp_scaling,prob_death_scaling
2015-16,800,25.749778997397076,0.0020234475604145041,0.001596636600765422,0.0020860658964207413,0.58951774265882817,0.62355051019851437,0.97701909723273317,0.73510108399126106,0.75849083767499392,0.97508808669962144,0.87864880567376646,0.55159304219389449,0.89769375547635533,0.58571259504325712,0.87279038612361881,0.89515890404851151,0.28690713558525804,0.7872955863311345,0.00028220820063462604,4.1164079236544193e-05
