year,iter,incidence(millions),beta_H1,beta_H3,beta_B,susceptibility_H1_0,susceptibility_H1_5,susceptibility_H1_25,susceptibility_H1_65,susceptibility_H3_0,susceptibility_H3_5,susceptibility_H3_25,susceptibility_H3_65,susceptibility_B_0,susceptibility_B_5,susceptibility_B_25,susceptibility_B_65,vac_eff_hospitalization,vac_eff_mortality,prob_hosp_scaling,prob_death_scaling
2014-15,987,30.23556028549426,0.0022185864486259366,0.0020106562301352437,0.0020578550912316862,0.53304752698252789,0.60616317908206141,0.56666824078864186,0.54491504674463642,0.41187109580393066,0.70881535737625334,0.75530939319771895,0.52103227159067678,0.86340085533049771,0.44876660037846272,0.99808788792614,0.82688260122714663,0.33550445161728254,0.34487909307305786,0.0006733835522034215,0.00011543698508714728
