year,iter,incidence(millions),beta_H1,beta_H3,beta_B,susceptibility_H1_0,susceptibility_H1_5,susceptibility_H1_25,susceptibility_H1_65,susceptibility_H3_0,susceptibility_H3_5,susceptibility_H3_25,susceptibility_H3_65,susceptibility_B_0,susceptibility_B_5,susceptibility_B_25,susceptibility_B_65,vac_eff_hospitalization,vac_eff_mortality,prob_hosp_scaling,prob_death_scaling
2012-13,686,34.89520213654766,0.0013550434399101641,0.0021497685238967001,0.0020764771371302171,0.55194683996056404,0.98992372979066501,0.77615010425653863,0.41078716053867648,0.60694236464554263,0.7259691551360461,0.55796928839846394,0.76088802658839982,0.90255114615781218,0.85364991447383431,0.6325156404636707,0.72443773336718331,0.90720872245444273,0.95522694891221349,0.00049050855182325437,1e-08
