year,iter,incidence(millions),beta_H1,beta_H3,beta_B,susceptibility_H1_0,susceptibility_H1_5,susceptibility_H1_25,susceptibility_H1_65,susceptibility_H3_0,susceptibility_H3_5,susceptibility_H3_25,susceptibility_H3_65,susceptibility_B_0,susceptibility_B_5,susceptibility_B_25,susceptibility_B_65,vac_eff_hospitalization,vac_eff_mortality,prob_hosp_scaling,prob_death_scaling
2014-15,814,31.26748042456961,0.0018006839378465478,0.0015181248951183779,0.0020636015096000548,0.98350792674063547,0.61615709217644221,0.49804108314085915,0.493795945952827,0.95383823824320779,0.88291895617433358,0.54853406402285332,0.95532209123737388,0.75161985654176933,0.52439360078862862,0.7140271133278222,0.63477597293498911,0.26404701117097473,0.34660134349607163,0.00064598662268133822,3.9478351472055362e-05
