year,iter,incidence(millions),beta_H1,beta_H3,beta_B,susceptibility_H1_0,susceptibility_H1_5,susceptibility_H1_25,susceptibility_H1_65,susceptibility_H3_0,susceptibility_H3_5,susceptibility_H3_25,susceptibility_H3_65,susceptibility_B_0,susceptibility_B_5,susceptibility_B_25,susceptibility_B_65,vac_eff_hospitalization,vac_eff_mortality,prob_hosp_scaling,prob_death_scaling
2012-13,215,35.56747436144099,0.0016008059481308345,0.001557373852228261,0.001788275989916932,0.82688533119629182,0.58669562840352885,0.93735831711934736,0.46012143517228082,0.4089620061273318,0.89266019306866295,0.98495550467559445,0.87299461342325202,0.5299217345589613,0.7833853838868734,0.46211761259216561,0.9194702074909501,0.52913720439368428,0.044202154692702,0.0009180680922726836,7.353956252237337e-05
