year,iter,incidence(millions),beta_H1,beta_H3,beta_B,susceptibility_H1_0,susceptibility_H1_5,susceptibility_H1_25,susceptibility_H1_65,susceptibility_H3_0,susceptibility_H3_5,susceptibility_H3_25,susceptibility_H3_65,susceptibility_B_0,susceptibility_B_5,susceptibility_B_25,susceptibility_B_65,vac_eff_hospitalization,vac_eff_mortality,prob_hosp_scaling,prob_death_scaling
2014-15,795,30.81047844422867,0.0012365026039870552,0.0018034657647251762,0.0021528379064026382,0.66666625907016219,0.99978173972370776,0.71344717457367368,0.8922927862709007,0.78534726204543481,0.633776968760424,0.73378689612927284,0.85437211846013161,0.88333618883425991,0.81368092655754776,0.41218692303887905,0.51909825956278743,0.58148075907935926,0.4730449396423651,0.00047383003442319493,8.0982967702258879e-05
