year,iter,incidence(millions),beta_H1,beta_H3,beta_B,susceptibility_H1_0,susceptibility_H1_5,susceptibility_H1_25,susceptibility_H1_65,susceptibility_H3_0,susceptibility_H3_5,susceptibility_H3_25,susceptibility_H3_65,susceptibility_B_0,susceptibility_B_5,susceptibility_B_25,susceptibility_B_65,vac_eff_hospitalization,vac_eff_mortality,prob_hosp_scaling,prob_death_scaling
2012-13,293,37.15512451548822,0.0021406276183236206,0.0017814644948951353,0.0014649492440457212,0.56576368000459765,0.46665649456794733,0.47409380777461751,0.65051855751928511,0.72623281356120106,0.46534021466552994,0.76942607544149955,0.9193417286508152,0.50009044206670206,0.9350232026211297,0.95408634526530012,0.67084661206860119,0.90691504598317674,0.40397721832948996,0.0003050706961535421,2.5136866890984599e-05
