year,iter,incidence(millions),beta_H1,beta_H3,beta_B,susceptibility_H1_0,susceptibility_H1_5,susceptibility_H1_25,susceptibility_H1_65,susceptibility_H3_0,susceptibility_H3_5,susceptibility_H3_25,susceptibility_H3_65,susceptibility_B_0,susceptibility_B_5,susceptibility_B_25,susceptibility_B_65,vac_eff_hospitalization,vac_eff_mortality,prob_hosp_scaling,prob_death_scaling
2012-13,255,33.824330523882935,0.0014110877978720238,0.0024592436779601323,0.0019969014938629459,0.44353885500023349,0.7887019647465483,0.9769317202602652,0.66294589267245085,0.88883936193874113,0.59145040720443942,0.49392750229359456,0.4786159005648602,0.42603719811944557,0.98713299101842633,0.63511773442420039,0.5139336435234666,0.53859878600436784,0.12811818613190512,0.00039894876478485664,6.5092327677762629e-05
