year,iter,incidence(millions),beta_H1,beta_H3,beta_B,susceptibility_H1_0,susceptibility_H1_5,susceptibility_H1_25,susceptibility_H1_65,susceptibility_H3_0,susceptibility_H3_5,susceptibility_H3_25,susceptibility_H3_65,susceptibility_B_0,susceptibility_B_5,susceptibility_B_25,susceptibility_B_65,vac_eff_hospitalization,vac_eff_mortality,prob_hosp_scaling,prob_death_scaling
2012-13,990,33.805525103438846,0.001516759028403869,0.0022662990336169697,0.0016757339633204915,0.46497204440332518,0.61810255382391333,0.90424889115841744,0.45558456424672816,0.61245285686094841,0.44022113645856992,0.68538757565562258,0.99644511688027959,0.55832561622261745,0.47329334894036329,0.91381480431492845,0.50573992871223228,0.62525288938048207,0.87945320603993471,0.00045002862519483156,5.4704063661870084e-05
