year,iter,incidence(millions),beta_H1,beta_H3,beta_B,susceptibility_H1_0,susceptibility_H1_5,susceptibility_H1_25,susceptibility_H1_65,susceptibility_H3_0,susceptibility_H3_5,susceptibility_H3_25,susceptibility_H3_65,susceptibility_B_0,susceptibility_B_5,susceptibility_B_25,susceptibility_B_65,vac_eff_hospitalization,vac_eff_mortality,prob_hosp_scaling,prob_death_scaling
2015-16,83,26.68582465211429,0.0017223288382401392,0.0020664422126617232,0.0018918508374265453,0.67582450182427278,0.92592559900972993,0.71835581878762966,0.62278640384364237,0.44722045963353102,0.4051521017341555,0.84241628971127747,0.44084801737486923,0.79705225313151484,0.74417842644793564,0.7473078756926651,0.77395920835794385,0.63940960700431659,0.62832996355823334,0.00057519206019435165,3.8399319410409305e-05
