year,iter,incidence(millions),beta_H1,beta_H3,beta_B,susceptibility_H1_0,susceptibility_H1_5,susceptibility_H1_25,susceptibility_H1_65,susceptibility_H3_0,susceptibility_H3_5,susceptibility_H3_25,susceptibility_H3_65,susceptibility_B_0,susceptibility_B_5,susceptibility_B_25,susceptibility_B_65,vac_eff_hospitalization,vac_eff_mortality,prob_hosp_scaling,prob_death_scaling
2011-12,995,11.53109717189404,0.0018205301070362001,0.0018262654192509609,0.0010936238136242671,0.6106925512671747,0.85722417606572665,0.6856154542407108,0.84324962102817025,0.61785625177375825,0.73460259009425266,0.82126000168904123,0.47873080658664446,0.79668159340011213,0.84214733934302655,0.75670212220751076,0.99318796057655256,0.12740444289122516,0.91331012357420671,0.0010065094379368422,9.4957045427002118e-05
