year,iter,incidence(millions),beta_H1,beta_H3,beta_B,susceptibility_H1_0,susceptibility_H1_5,susceptibility_H1_25,susceptibility_H1_65,susceptibility_H3_0,susceptibility_H3_5,susceptibility_H3_25,susceptibility_H3_65,susceptibility_B_0,susceptibility_B_5,susceptibility_B_25,susceptibility_B_65,vac_eff_hospitalization,vac_eff_mortality,prob_hosp_scaling,prob_death_scaling
2015-16,546,26.462200088240667,0.0018029734884106863,0.0021846891544426983,0.0016584015593604784,0.68339162032966971,0.84048567935402452,0.66483056039527566,0.78533371625372339,0.53939470935625433,0.6329326655041958,0.41068211678996347,0.72557937844559217,0.47645694472481381,0.80323336415901814,0.85419360772156705,0.66453519997042254,0.20642559010620248,0.77330465428578599,0.00032545342244721942,4.11850541219283e-05
