year,iter,incidence(millions),beta_H1,beta_H3,beta_B,susceptibility_H1_0,susceptibility_H1_5,susceptibility_H1_25,susceptibility_H1_65,susceptibility_H3_0,susceptibility_H3_5,susceptibility_H3_25,susceptibility_H3_65,susceptibility_B_0,susceptibility_B_5,susceptibility_B_25,susceptibility_B_65,vac_eff_hospitalization,vac_eff_mortality,prob_hosp_scaling,prob_death_scaling
2015-16,662,25.997129442580967,0.0019934278431925079,0.0015132147716595545,0.002397531603527514,0.55242036594900268,0.45256591246343081,0.82651384877332346,0.58303049611470359,0.8693880391719534,0.97346333602322144,0.75904055048411145,0.75149952723698643,0.65337134699179233,0.55774252423511905,0.58565077738917248,0.44628643337181972,0.88283298045749548,0.38641434577768696,0.00019701580571568345,5.0686279127298839e-05
