year,iter,incidence(millions),beta_H1,beta_H3,beta_B,susceptibility_H1_0,susceptibility_H1_5,susceptibility_H1_25,susceptibility_H1_65,susceptibility_H3_0,susceptibility_H3_5,susceptibility_H3_25,susceptibility_H3_65,susceptibility_B_0,susceptibility_B_5,susceptibility_B_25,susceptibility_B_65,vac_eff_hospitalization,vac_eff_mortality,prob_hosp_scaling,prob_death_scaling
2011-12,999,10.311993978776176,0.0026941166073241041,0.0015294501311977071,0.0021813901074478337,0.55124839632705225,0.44485738996373203,0.60337771584981958,0.58259470067642383,0.71890529304991413,0.83798939915159509,0.86264095780271477,0.65577435618083957,0.53507872756901564,0.671637435826685,0.61478465217521538,0.70026254937555099,0.45038588892709153,0.25869992411490206,0.00039371080311967344,1e-08
