year,iter,incidence(millions),beta_H1,beta_H3,beta_B,susceptibility_H1_0,susceptibility_H1_5,susceptibility_H1_25,susceptibility_H1_65,susceptibility_H3_0,susceptibility_H3_5,susceptibility_H3_25,susceptibility_H3_65,susceptibility_B_0,susceptibility_B_5,susceptibility_B_25,susceptibility_B_65,vac_eff_hospitalization,vac_eff_mortality,prob_hosp_scaling,prob_death_scaling
2017-18,608,49.41004068975838,0.0020080059870649647,0.0019410566887283487,0.0016978780227873136,0.9349105398108446,0.89332986254907298,0.78038777757577005,0.56594627519268237,0.96377613503853032,0.49267776919747708,0.93695108878040889,0.60982207051099913,0.66224756459910716,0.87360602419731725,0.89853542913739726,0.53992670238538421,0.62381373135408125,0.43154715043302971,0.0005694269296294685,6.5149685510801358e-05
