year,iter,incidence(millions),beta_H1,beta_H3,beta_B,susceptibility_H1_0,susceptibility_H1_5,susceptibility_H1_25,susceptibility_H1_65,susceptibility_H3_0,susceptibility_H3_5,susceptibility_H3_25,susceptibility_H3_65,susceptibility_B_0,susceptibility_B_5,susceptibility_B_25,susceptibility_B_65,vac_eff_hospitalization,vac_eff_mortality,prob_hosp_scaling,prob_death_scaling
2012-13,687,34.56786939573461,0.00063286059755368607,0.0019120244847527501,0.0028747053694519464,0.47114519861504633,0.4537972346457092,0.9011593377691407,0.60306855736105802,0.78658512781925349,0.69999037521898833,0.589277954268288,0.97461486129132924,0.60588905026371886,0.53995576833510583,0.47304451846443052,0.51289474298353122,0.6135682830623409,0.39706929911120126,0.00017765763482924246,5.2685258493556653e-05
