year,iter,incidence(millions),beta_H1,beta_H3,beta_B,susceptibility_H1_0,susceptibility_H1_5,susceptibility_H1_25,susceptibility_H1_65,susceptibility_H3_0,susceptibility_H3_5,susceptibility_H3_25,susceptibility_H3_65,susceptibility_B_0,susceptibility_B_5,susceptibility_B_25,susceptibility_B_65,vac_eff_hospitalization,vac_eff_mortality,prob_hosp_scaling,prob_death_scaling
2014-15,809,31.01091250254653,0.0013863824618572385,0.0015261033617894326,0.002121931987704162,0.87575512007622192,0.56234206842665024,0.9051630567282869,0.876479714372707,0.85494447494117143,0.88643551464605341,0.64603948785813758,0.65305345975200013,0.83403424851567909,0.51437822889490414,0.72334715838741459,0.590067401429899,0.88534559886907682,0.87408118977776561,0.0010054999604139359,5.3840793387049946e-05
