year,iter,incidence(millions),beta_H1,beta_H3,beta_B,susceptibility_H1_0,susceptibility_H1_5,susceptibility_H1_25,susceptibility_H1_65,susceptibility_H3_0,susceptibility_H3_5,susceptibility_H3_25,susceptibility_H3_65,susceptibility_B_0,susceptibility_B_5,susceptibility_B_25,susceptibility_B_65,vac_eff_hospitalization,vac_eff_mortality,prob_hosp_scaling,prob_death_scaling
2015-16,665,24.462013757150824,0.0017322290006493435,0.001575908898550693,0.0017941123837236783,0.87868547272892017,0.53397299010600052,0.89018415824830077,0.66220755542796228,0.87640504049002166,0.92723159177449255,0.61724561678970169,0.79821335155496342,0.86462977651854556,0.44616467111223324,0.93490032771136855,0.68194755266833829,0.7680137126300528,0.061041907901806247,0.00034571296052510192,4.2095126139451988e-05
