year,iter,incidence(millions),beta_H1,beta_H3,beta_B,susceptibility_H1_0,susceptibility_H1_5,susceptibility_H1_25,susceptibility_H1_65,susceptibility_H3_0,susceptibility_H3_5,susceptibility_H3_25,susceptibility_H3_65,susceptibility_B_0,susceptibility_B_5,susceptibility_B_25,susceptibility_B_65,vac_eff_hospitalization,vac_eff_mortality,prob_hosp_scaling,prob_death_scaling
2012-13,258,35.000033373678306,0.001549665997649663,0.0016931480345072081,0.0019499785162680472,0.63911418315043578,0.71244642768911337,0.84691397105987121,0.49377743056743023,0.44986285911617407,0.98243319810088026,0.64620800652939658,0.89455713002486503,0.58276597838396405,0.940521759962055,0.72093913153308353,0.80226508580652389,0.20169184145369939,0.062814902933121031,0.00029541127464777217,6.4650901986817999e-05
