year,iter,incidence(millions),beta_H1,beta_H3,beta_B,susceptibility_H1_0,susceptibility_H1_5,susceptibility_H1_25,susceptibility_H1_65,susceptibility_H3_0,susceptibility_H3_5,susceptibility_H3_25,susceptibility_H3_65,susceptibility_B_0,susceptibility_B_5,susceptibility_B_25,susceptibility_B_65,vac_eff_hospitalization,vac_eff_mortality,prob_hosp_scaling,prob_death_scaling
2015-16,346,25.590679924444814,0.0019465459503023586,0.0025585879422674873,0.0021331877766659901,0.78740069066442853,0.74299458892009618,0.80929690208708127,0.52109880528258123,0.5163486760023257,0.62818101014774685,0.46617824396980589,0.50293114854361098,0.64742196417688791,0.85120259279382682,0.45467695679830911,0.53926905653702417,0.71482249084956151,0.51872007072252169,0.00013727756535514279,1e-08
