year,iter,incidence(millions),beta_H1,beta_H3,beta_B,susceptibility_H1_0,susceptibility_H1_5,susceptibility_H1_25,susceptibility_H1_65,susceptibility_H3_0,susceptibility_H3_5,susceptibility_H3_25,susceptibility_H3_65,susceptibility_B_0,susceptibility_B_5,susceptibility_B_25,susceptibility_B_65,vac_eff_hospitalization,vac_eff_mortality,prob_hosp_scaling,prob_death_scaling
2015-16,783,27.41819015594017,0.0024693672710414116,0.0022317008104612568,0.0016731429190989799,0.52377895357145798,0.43923172723459081,0.74175316570975403,0.4306153639131205,0.97344119853262179,0.65918644771542523,0.47818909487210032,0.67966061217083551,0.85990179859349847,0.84112096954899185,0.82271923116660939,0.84947391658822169,0.16491587637135646,0.24800283542575574,0.00027314566917263639,5.4038651841947782e-05
