year,iter,incidence(millions),beta_H1,beta_H3,beta_B,susceptibility_H1_0,susceptibility_H1_5,susceptibility_H1_25,susceptibility_H1_65,susceptibility_H3_0,susceptibility_H3_5,susceptibility_H3_25,susceptibility_H3_65,susceptibility_B_0,susceptibility_B_5,susceptibility_B_25,susceptibility_B_65,vac_eff_hospitalization,vac_eff_mortality,prob_hosp_scaling,prob_death_scaling
2015-16,824,26.582799803515243,0.002105003419492657,0.0015699207517494429,0.001617072995642288,0.48188932485348474,0.74316736660395977,0.44496365259707615,0.48124884861630385,0.55417269196484364,0.94548088135860109,0.75467463087404585,0.87636491667321303,0.49162169139286599,0.69880469702455228,0.83263833837213985,0.98173368372334147,0.93293971207399928,0.39830932361865384,0.00023500148470423365,5.9395530940142827e-05
