year,iter,incidence(millions),beta_H1,beta_H3,beta_B,susceptibility_H1_0,susceptibility_H1_5,susceptibility_H1_25,susceptibility_H1_65,susceptibility_H3_0,susceptibility_H3_5,susceptibility_H3_25,susceptibility_H3_65,susceptibility_B_0,susceptibility_B_5,susceptibility_B_25,susceptibility_B_65,vac_eff_hospitalization,vac_eff_mortality,prob_hosp_scaling,prob_death_scaling
2015-16,803,26.21347852614,0.0019007515846790612,0.00179940652624061,0.0018605838514747508,0.74985661086832267,0.82039017070980402,0.84040175988594412,0.66091523613268022,0.52631346029552739,0.54479506096381425,0.96355772761943981,0.80272534406331864,0.64425473364722619,0.78580402115751458,0.88471522622347698,0.9403791456045153,0.33479084784584179,0.048905225084296344,0.00023448487917027139,3.1488315411332124e-05
