year,iter,incidence(millions),beta_H1,beta_H3,beta_B,susceptibility_H1_0,susceptibility_H1_5,susceptibility_H1_25,susceptibility_H1_65,susceptibility_H3_0,susceptibility_H3_5,susceptibility_H3_25,susceptibility_H3_65,susceptibility_B_0,susceptibility_B_5,susceptibility_B_25,susceptibility_B_65,vac_eff_hospitalization,vac_eff_mortality,prob_hosp_scaling,prob_death_scaling
2015-16,535,25.746140237972465,0.0014649978875396208,0.0020414577012183299,0.0017016907120083191,0.54189537084877337,0.89475986612295211,0.96912128800419484,0.73959080829963397,0.52842361801498794,0.86871385450150673,0.45415119339585663,0.87361436429988415,0.92342563404743327,0.67430438726985342,0.90254650497128885,0.74504096296055045,0.76002566169323871,0.40111273360523192,0.00048894286006095911,4.3348018509414832e-05
