year,iter,incidence(millions),beta_H1,beta_H3,beta_B,susceptibility_H1_0,susceptibility_H1_5,susceptibility_H1_25,susceptibility_H1_65,susceptibility_H3_0,susceptibility_H3_5,susceptibility_H3_25,susceptibility_H3_65,susceptibility_B_0,susceptibility_B_5,susceptibility_B_25,susceptibility_B_65,vac_eff_hospitalization,vac_eff_mortality,prob_hosp_scaling,prob_death_scaling
2015-16,77,27.590292505938397,0.0019622099137902027,0.00068366539112263425,0.0023707107888275569,0.51441142521069194,0.80075520583457038,0.79786612192014128,0.85826195161293206,0.52804625250942538,0.99493656183380552,0.68137662899741303,0.60809477173028437,0.68950001236643643,0.65445079328359723,0.49441473583719675,0.79496256813221722,0.29241959581625987,0.52774762086789195,0.00047310530035832299,3.6542660667937543e-05
