year,iter,incidence(millions),beta_H1,beta_H3,beta_B,susceptibility_H1_0,susceptibility_H1_5,susceptibility_H1_25,susceptibility_H1_65,susceptibility_H3_0,susceptibility_H3_5,susceptibility_H3_25,susceptibility_H3_65,susceptibility_B_0,susceptibility_B_5,susceptibility_B_25,susceptibility_B_65,vac_eff_hospitalization,vac_eff_mortality,prob_hosp_scaling,prob_death_scaling
2015-16,337,24.56647866690928,0.0020654243859975496,0.0017606131366721955,0.0025659138457839181,0.66370534700546469,0.85151249058454148,0.65271998198294678,0.40203465129844029,0.88937459375023464,0.75868977755397493,0.43720901338621243,0.46524605119205903,0.55643874170900398,0.50825506363730777,0.62796246871376715,0.9386656885504393,0.86939312120576806,0.64045700199522415,0.0013314880609126001,4.6926590557661019e-05
