year,iter,incidence(millions),beta_H1,beta_H3,beta_B,susceptibility_H1_0,susceptibility_H1_5,susceptibility_H1_25,susceptibility_H1_65,susceptibility_H3_0,susceptibility_H3_5,susceptibility_H3_25,susceptibility_H3_65,susceptibility_B_0,susceptibility_B_5,susceptibility_B_25,susceptibility_B_65,vac_eff_hospitalization,vac_eff_mortality,prob_hosp_scaling,prob_death_scaling
2012-13,997,34.56637250274103,0.0015920870482499794,0.0029436800737452362,0.0017823459952304721,0.56139159493273594,0.4056953570974689,0.92418307429194235,0.87518617875806315,0.50802263974964634,0.40364446357772732,0.44967149317772559,0.79095239283854213,0.52490730412288655,0.98223482857487421,0.50224825141271345,0.73521161134879798,0.79287360555276276,0.23692171681313884,0.00019878301003473098,3.8394886197556932e-05
