year,iter,incidence(millions),beta_H1,beta_H3,beta_B,susceptibility_H1_0,susceptibility_H1_5,susceptibility_H1_25,susceptibility_H1_65,susceptibility_H3_0,susceptibility_H3_5,susceptibility_H3_25,susceptibility_H3_65,susceptibility_B_0,susceptibility_B_5,susceptibility_B_25,susceptibility_B_65,vac_eff_hospitalization,vac_eff_mortality,prob_hosp_scaling,prob_death_scaling
2012-13,249,35.79268658652974,0.0018797619882133243,0.0024294003021128052,0.0020815635597342674,0.93944539838227203,0.59392454447448717,0.48997086499484399,0.82628130746770823,0.86247851308015755,0.51672177466422742,0.47623040070546058,0.97646219685044355,0.89655132574334961,0.42115693222739237,0.79501128978266,0.99984242111743593,0.88006265569265563,0.48603586380099123,0.00038699378530981932,2.0801813766568866e-05
