year,iter,incidence(millions),beta_H1,beta_H3,beta_B,susceptibility_H1_0,susceptibility_H1_5,susceptibility_H1_25,susceptibility_H1_65,susceptibility_H3_0,susceptibility_H3_5,susceptibility_H3_25,susceptibility_H3_65,susceptibility_B_0,susceptibility_B_5,susceptibility_B_25,susceptibility_B_65,vac_eff_hospitalization,vac_eff_mortality,prob_hosp_scaling,prob_death_scaling
2014-15,804,31.60664673661605,0.0014709285752556589,0.001969916685900297,0.0016951614243412294,0.95442706837529356,0.42097225701588192,0.90494063724294416,0.90591800511617593,0.52475060755824776,0.73625105637169086,0.51753735731845929,0.52325600156694618,0.93548550389949003,0.8098862426328024,0.78944048919737142,0.68704543251222272,1e-08,0.98349007627714258,0.00019352743163952857,1e-08
