year,iter,incidence(millions),beta_H1,beta_H3,beta_B,susceptibility_H1_0,susceptibility_H1_5,susceptibility_H1_25,susceptibility_H1_65,susceptibility_H3_0,susceptibility_H3_5,susceptibility_H3_25,susceptibility_H3_65,susceptibility_B_0,susceptibility_B_5,susceptibility_B_25,susceptibility_B_65,vac_eff_hospitalization,vac_eff_mortality,prob_hosp_scaling,prob_death_scaling
2015-16,754,27.13894181603496,0.0016698310287882601,0.002013056750271025,0.0015182802655197558,0.91545969276759864,0.91005010527543551,0.67157780351941399,0.54786301692168538,0.50629178260102647,0.56093470916124177,0.76068567464027725,0.83143380292015001,0.53438330977859305,0.47887300213608408,0.50794984270762344,0.81725865362511563,0.59964248199302161,0.30437961878619679,0.00054056065344304516,3.9125448730581436e-05
