year,iter,incidence(millions),beta_H1,beta_H3,beta_B,susceptibility_H1_0,susceptibility_H1_5,susceptibility_H1_25,susceptibility_H1_65,susceptibility_H3_0,susceptibility_H3_5,susceptibility_H3_25,susceptibility_H3_65,susceptibility_B_0,susceptibility_B_5,susceptibility_B_25,susceptibility_B_65,vac_eff_hospitalization,vac_eff_mortality,prob_hosp_scaling,prob_death_scaling
2014-15,820,31.244224372399568,0.0018703371846377492,0.0022436738090048647,0.0023209185584192049,0.71336596417702036,0.63203213625740085,0.66587330897750241,0.5909911469909841,0.81175941389083617,0.61822464800950716,0.57558828716983745,0.93654990759313728,0.88541194258557687,0.56542819007905643,0.7020454552557478,0.96105492691454364,0.0023760195893037239,0.26203704631516711,0.00012747292425840939,2.0353169818521089e-05
