year,iter,incidence(millions),beta_H1,beta_H3,beta_B,susceptibility_H1_0,susceptibility_H1_5,susceptibility_H1_25,susceptibility_H1_65,susceptibility_H3_0,susceptibility_H3_5,susceptibility_H3_25,susceptibility_H3_65,susceptibility_B_0,susceptibility_B_5,susceptibility_B_25,susceptibility_B_65,vac_eff_hospitalization,vac_eff_mortality,prob_hosp_scaling,prob_death_scaling
2014-15,994,31.230474615654117,0.0019878997244499597,0.0021210021727423034,0.0015984758264248056,0.70512671019036921,0.53991255947351546,0.71933048060452154,0.51644577582742102,0.40870955051689095,0.67329146226396741,0.60984258957456161,0.8438601187817325,0.77354128169521386,0.49014714557993028,0.83817931373854004,0.47903421764695703,0.94651451371845219,0.774610700779091,0.0003123616025389464,6.7601954530760455e-05
