year,iter,incidence(millions),beta_H1,beta_H3,beta_B,susceptibility_H1_0,susceptibility_H1_5,susceptibility_H1_25,susceptibility_H1_65,susceptibility_H3_0,susceptibility_H3_5,susceptibility_H3_25,susceptibility_H3_65,susceptibility_B_0,susceptibility_B_5,susceptibility_B_25,susceptibility_B_65,vac_eff_hospitalization,vac_eff_mortality,prob_hosp_scaling,prob_death_scaling
2014-15,812,30.47342326946418,0.0013019901397136602,0.0019945255914835536,0.000312971723727129,0.55647485998355295,0.86291084079573466,0.7574241865227167,0.57813439292011759,0.49744807200868696,0.63305952238075747,0.48659803048660893,0.42869259088484007,0.49521300690089365,0.97732901226756419,0.83660781852495991,0.57542808695371739,0.16159205498311152,0.99887837083347675,0.0004251987831155879,0.00010363869079299537
