year,iter,incidence(millions),beta_H1,beta_H3,beta_B,susceptibility_H1_0,susceptibility_H1_5,susceptibility_H1_25,susceptibility_H1_65,susceptibility_H3_0,susceptibility_H3_5,susceptibility_H3_25,susceptibility_H3_65,susceptibility_B_0,susceptibility_B_5,susceptibility_B_25,susceptibility_B_65,vac_eff_hospitalization,vac_eff_mortality,prob_hosp_scaling,prob_death_scaling
2014-15,741,32.68627991757281,0.0012322649080380166,0.0018833368521610216,0.0022003815572587127,0.78422226015782415,0.41648248273888638,0.60365119190675587,0.56359273047735303,0.46739663835310363,0.73739904787139343,0.57035507099894578,0.72419287710360036,0.51687747025088759,0.81401830437879141,0.42617690516833595,0.58239886683911102,0.48870173521064064,0.61914975076597067,0.00043419614454959232,7.8700729358172072e-05
