year,iter,incidence(millions),beta_H1,beta_H3,beta_B,susceptibility_H1_0,susceptibility_H1_5,susceptibility_H1_25,susceptibility_H1_65,susceptibility_H3_0,susceptibility_H3_5,susceptibility_H3_25,susceptibility_H3_65,susceptibility_B_0,susceptibility_B_5,susceptibility_B_25,susceptibility_B_65,vac_eff_hospitalization,vac_eff_mortality,prob_hosp_scaling,prob_death_scaling
2012-13,261,34.15433653528593,0.0014561690285269102,0.0022926728268031771,0.0033085521337781754,0.46446237131126028,0.76209717434423052,0.85184114957302282,0.46739651925274805,0.56377885753652868,0.42694514782031756,0.77151819415811884,0.62923899479176948,0.690179156812463,0.40856374386754285,0.42678500173138878,0.86104259075509959,0.90717216956559854,0.46628892785015541,0.00055058552848624709,5.9764564969089218e-05
