year,iter,incidence(millions),beta_H1,beta_H3,beta_B,susceptibility_H1_0,susceptibility_H1_5,susceptibility_H1_25,susceptibility_H1_65,susceptibility_H3_0,susceptibility_H3_5,susceptibility_H3_25,susceptibility_H3_65,susceptibility_B_0,susceptibility_B_5,susceptibility_B_25,susceptibility_B_65,vac_eff_hospitalization,vac_eff_mortality,prob_hosp_scaling,prob_death_scaling
2014-15,670,31.894533995316348,0.0014400774801650029,0.0020011077880175976,0.001785281130812777,0.54912518286582102,0.65366192406356638,0.98076955357590334,0.44540369641908995,0.62452389085764448,0.65033439926134506,0.65803187137057406,0.56508997202741817,0.63119225872399276,0.59623203901592259,0.98995979807263779,0.71794089959641227,0.3026640101804039,0.35488395511369875,0.00052383489778490278,8.2037838777582195e-05
