year,iter,incidence(millions),beta_H1,beta_H3,beta_B,susceptibility_H1_0,susceptibility_H1_5,susceptibility_H1_25,susceptibility_H1_65,susceptibility_H3_0,susceptibility_H3_5,susceptibility_H3_25,susceptibility_H3_65,susceptibility_B_0,susceptibility_B_5,susceptibility_B_25,susceptibility_B_65,vac_eff_hospitalization,vac_eff_mortality,prob_hosp_scaling,prob_death_scaling
2015-16,771,24.023305921728028,0.0019328136752070346,0.0018624139271485318,0.0022347611491707053,0.7540765784749508,0.66050420707492896,0.8668294097249899,0.60833778436057295,0.99292777840793245,0.72416899360583176,0.73357119750835031,0.52838519435051934,0.89844515325106333,0.46437549470500195,0.73705932887563308,0.68180420366562078,0.16936600130529522,0.34894430295703238,0.00056914309915223615,4.4868824283117448e-05
