year,iter,incidence(millions),beta_H1,beta_H3,beta_B,susceptibility_H1_0,susceptibility_H1_5,susceptibility_H1_25,susceptibility_H1_65,susceptibility_H3_0,susceptibility_H3_5,susceptibility_H3_25,susceptibility_H3_65,susceptibility_B_0,susceptibility_B_5,susceptibility_B_25,susceptibility_B_65,vac_eff_hospitalization,vac_eff_mortality,prob_hosp_scaling,prob_death_scaling
2015-16,753,25.8769180351543,0.0022638865548917364,0.0016062568847733383,0.0018618868133338795,0.76473170326696871,0.42567926709692105,0.65535361244530543,0.9403082618305616,0.55020162108419146,0.54052881821137533,0.92125613463014711,0.98727303674012024,0.40945732317889544,0.76972388885034393,0.68744747644609638,0.76827540262987726,0.47192762282655631,0.11410524802840005,0.00023910769324403391,1e-08
