year,iter,incidence(millions),beta_H1,beta_H3,beta_B,susceptibility_H1_0,susceptibility_H1_5,susceptibility_H1_25,susceptibility_H1_65,susceptibility_H3_0,susceptibility_H3_5,susceptibility_H3_25,susceptibility_H3_65,susceptibility_B_0,susceptibility_B_5,susceptibility_B_25,susceptibility_B_65,vac_eff_hospitalization,vac_eff_mortality,prob_hosp_scaling,prob_death_scaling
2014-15,853,32.134561904995,0.0018211276327814163,0.0014500578361274497,0.0015032058699335771,0.4167301200969904,0.45767748384611084,0.63871363472859388,0.7597334732708616,0.69372472789335526,0.82583929564852254,0.81432428059151518,0.95385969353655997,0.87576816767821375,0.8410100989729381,0.97447158129889844,0.77494094842466321,0.33008439784237426,0.65838913282469602,0.00039843676891987423,4.476967799599274e-05
