year,iter,incidence(millions),beta_H1,beta_H3,beta_B,susceptibility_H1_0,susceptibility_H1_5,susceptibility_H1_25,susceptibility_H1_65,susceptibility_H3_0,susceptibility_H3_5,susceptibility_H3_25,susceptibility_H3_65,susceptibility_B_0,susceptibility_B_5,susceptibility_B_25,susceptibility_B_65,vac_eff_hospitalization,vac_eff_mortality,prob_hosp_scaling,prob_death_scaling
2017-18,612,47.91454021015763,0.0018923062415521219,0.0017490712555063292,0.0013644076571054375,0.6112215776120119,0.43556751719506692,0.98914090541191912,0.87493616941858909,0.57392938762030521,0.7767934179472602,0.75792815497105714,0.79672824061923087,0.50099725565683118,0.80234932410359439,0.97932592609340696,0.60297565027885947,0.95735810641298524,0.81098509680206643,0.00016947491799046421,7.1002026561184373e-05
