year,iter,incidence(millions),beta_H1,beta_H3,beta_B,susceptibility_H1_0,susceptibility_H1_5,susceptibility_H1_25,susceptibility_H1_65,susceptibility_H3_0,susceptibility_H3_5,susceptibility_H3_25,susceptibility_H3_65,susceptibility_B_0,susceptibility_B_5,susceptibility_B_25,susceptibility_B_65,vac_eff_hospitalization,vac_eff_mortality,prob_hosp_scaling,prob_death_scaling
2012-13,97,34.27517368489198,0.0013513607987125642,0.0022581888357990909,0.0022819342270509191,0.5118647702470982,0.89361421600016777,0.87272445271566856,0.76807111778078729,0.90384383708632177,0.65968614515399027,0.55614749577790445,0.53772628329376082,0.46304374722955838,0.78419966297635668,0.5900477581255571,0.92503696876609987,0.93196547917029315,0.52254146198373197,0.0002968943106872457,4.8089722523958489e-05
