year,iter,incidence(millions),beta_H1,beta_H3,beta_B,susceptibility_H1_0,susceptibility_H1_5,susceptibility_H1_25,susceptibility_H1_65,susceptibility_H3_0,susceptibility_H3_5,susceptibility_H3_25,susceptibility_H3_65,susceptibility_B_0,susceptibility_B_5,susceptibility_B_25,susceptibility_B_65,vac_eff_hospitalization,vac_eff_mortality,prob_hosp_scaling,prob_death_scaling
2015-16,91,24.624810160763115,0.0016459839297788825,0.0022151668969320748,0.0015642821045531163,0.99111402803950366,0.83984671059861538,0.9781924315246755,0.74164828199250032,0.49812406893693284,0.46983119982307536,0.76116777243945988,0.4256323559669668,0.57640606029233632,0.94706716410488168,0.96879217595617018,0.97051213191720898,0.29813035673688348,0.52767509340508922,0.00043980435072510371,3.7332125731259769e-05
