year,iter,incidence(millions),beta_H1,beta_H3,beta_B,susceptibility_H1_0,susceptibility_H1_5,susceptibility_H1_25,susceptibility_H1_65,susceptibility_H3_0,susceptibility_H3_5,susceptibility_H3_25,susceptibility_H3_65,susceptibility_B_0,susceptibility_B_5,susceptibility_B_25,susceptibility_B_65,vac_eff_hospitalization,vac_eff_mortality,prob_hosp_scaling,prob_death_scaling
2014-15,675,29.70453721195929,0.0027807699729782143,0.0018626547801645632,0.0024674979413258358,0.55370125312591134,0.41173563321073092,0.42638469762388997,0.91826630546622057,0.98790134643747529,0.59626069954689953,0.85775992653836619,0.41100034079243514,0.95321080174046258,0.58204043381193848,0.62615844079433713,0.65274013617358539,0.17799710923821699,0.19466555069406005,0.00061602805348498491,6.4508486988024138e-05
