year,iter,incidence(millions),beta_H1,beta_H3,beta_B,susceptibility_H1_0,susceptibility_H1_5,susceptibility_H1_25,susceptibility_H1_65,susceptibility_H3_0,susceptibility_H3_5,susceptibility_H3_25,susceptibility_H3_65,susceptibility_B_0,susceptibility_B_5,susceptibility_B_25,susceptibility_B_65,vac_eff_hospitalization,vac_eff_mortality,prob_hosp_scaling,prob_death_scaling
2011-12,998,9.35452418772665,0.0019188119863558506,0.0016532004319395055,0.0016196216697479393,0.66821980493438837,0.82990449166389124,0.56351606047366221,0.60276021700425619,0.89130316960524492,0.65144751976658677,0.82616592544613177,0.81966402318145826,0.99097803207295321,0.97595099856469925,0.48963159247436555,0.87375207938818256,0.37353534274816691,0.2801762133653356,0.00052421612537123519,5.1979268572754922e-05
