year,iter,incidence(millions),beta_H1,beta_H3,beta_B,susceptibility_H1_0,susceptibility_H1_5,susceptibility_H1_25,susceptibility_H1_65,susceptibility_H3_0,susceptibility_H3_5,susceptibility_H3_25,susceptibility_H3_65,susceptibility_B_0,susceptibility_B_5,susceptibility_B_25,susceptibility_B_65,vac_eff_hospitalization,vac_eff_mortality,prob_hosp_scaling,prob_death_scaling
2012-13,994,33.80891509771522,0.0011655851613403545,0.0022286229332125762,1.5088869635637714e-05,0.75317290829714889,0.82950402917209298,0.95201602775011995,0.8193674902372694,0.45123551933198747,0.5292032476622045,0.5202331354127212,0.86948120520081695,0.68880213877899221,0.58827496591249506,0.86577324986028492,0.70062673949925003,0.59190953040772809,0.4630597781122982,0.00030252983726269944,4.1347136315594835e-05
