year,iter,incidence(millions),beta_H1,beta_H3,beta_B,susceptibility_H1_0,susceptibility_H1_5,susceptibility_H1_25,susceptibility_H1_65,susceptibility_H3_0,susceptibility_H3_5,susceptibility_H3_25,susceptibility_H3_65,susceptibility_B_0,susceptibility_B_5,susceptibility_B_25,susceptibility_B_65,vac_eff_hospitalization,vac_eff_mortality,prob_hosp_scaling,prob_death_scaling
2012-13,209,33.393537215930934,0.0012235076045647997,0.0015713906390246168,0.0016467452256953008,0.84796184732635616,0.8782269442660231,0.81414485896184741,0.92041135512336347,0.51096558359038802,0.97421846578487403,0.5461614724754954,0.98634628748015607,0.83104471314854145,0.99839886071414607,0.66353027986693225,0.65665245696011487,0.69126522759287223,0.79412485685095235,0.00053347317129764926,6.6653516015369174e-05
