year,iter,incidence(millions),beta_H1,beta_H3,beta_B,susceptibility_H1_0,susceptibility_H1_5,susceptibility_H1_25,susceptibility_H1_65,susceptibility_H3_0,susceptibility_H3_5,susceptibility_H3_25,susceptibility_H3_65,susceptibility_B_0,susceptibility_B_5,susceptibility_B_25,susceptibility_B_65,vac_eff_hospitalization,vac_eff_mortality,prob_hosp_scaling,prob_death_scaling
2014-15,986,31.434014043214436,0.0013028669359946843,0.0017010500496373315,0.0016975211564182469,0.81846843253022672,0.85189405993504574,0.88091180479068454,0.63833026342845511,0.83995176619094614,0.55538115079934869,0.85828545516326116,0.717637682425176,0.81960328793144921,0.77019854037307423,0.88403379275464355,0.66576525724435354,0.89332125592171141,0.52456094910481232,0.00049413779695411941,0.00014153151533019548
