year,iter,incidence(millions),beta_H1,beta_H3,beta_B,susceptibility_H1_0,susceptibility_H1_5,susceptibility_H1_25,susceptibility_H1_65,susceptibility_H3_0,susceptibility_H3_5,susceptibility_H3_25,susceptibility_H3_65,susceptibility_B_0,susceptibility_B_5,susceptibility_B_25,susceptibility_B_65,vac_eff_hospitalization,vac_eff_mortality,prob_hosp_scaling,prob_death_scaling
2015-16,813,24.13364128660569,0.0015708823894692858,0.0017149497133152058,0.0017552140299025298,0.95198355255856826,0.70294125201019386,0.92378780306499531,0.72538483972746937,0.51243426732604425,0.86356367396755029,0.63096159968350463,0.69455207701276733,0.973737470031802,0.46895919012600035,0.90607703130896211,0.85310209049998831,0.65085909483554749,0.58125614128908132,0.0011916019963473246,4.3442175269636785e-05
