year,iter,incidence(millions),beta_H1,beta_H3,beta_B,susceptibility_H1_0,susceptibility_H1_5,susceptibility_H1_25,susceptibility_H1_65,susceptibility_H3_0,susceptibility_H3_5,susceptibility_H3_25,susceptibility_H3_65,susceptibility_B_0,susceptibility_B_5,susceptibility_B_25,susceptibility_B_65,vac_eff_hospitalization,vac_eff_mortality,prob_hosp_scaling,prob_death_scaling
2015-16,525,25.32340391711087,0.0022063024982580393,0.0016990298429653272,0.0025093607530795037,0.56212945873737852,0.48584549610965883,0.68598307576205064,0.43937780993069042,0.80842101288165569,0.83645503818639355,0.5624568688060676,0.99215424353397208,0.50109723084490643,0.41846795734813791,0.59715356806667719,0.92363672297370236,0.50659201120561614,0.71558691260812712,0.00042292911622987539,7.0991993597280256e-05
