year,iter,incidence(millions),beta_H1,beta_H3,beta_B,susceptibility_H1_0,susceptibility_H1_5,susceptibility_H1_25,susceptibility_H1_65,susceptibility_H3_0,susceptibility_H3_5,susceptibility_H3_25,susceptibility_H3_65,susceptibility_B_0,susceptibility_B_5,susceptibility_B_25,susceptibility_B_65,vac_eff_hospitalization,vac_eff_mortality,prob_hosp_scaling,prob_death_scaling
2014-15,758,31.40349239152915,5.7752588467852028e-05,0.0014474266911849165,0.0026543544643279349,0.60376818117101083,0.54479264662239191,0.68200974693582928,0.47121395037792801,0.77286840495353437,0.89947486008355826,0.77951190329943965,0.98881512066279309,0.84612866844548074,0.46739469708766629,0.47617331808197727,0.5663628079914822,0.25335621486755183,0.065949419987515689,0.00066530898692523932,3.8920565702871279e-05
