year,iter,incidence(millions),beta_H1,beta_H3,beta_B,susceptibility_H1_0,susceptibility_H1_5,susceptibility_H1_25,susceptibility_H1_65,susceptibility_H3_0,susceptibility_H3_5,susceptibility_H3_25,susceptibility_H3_65,susceptibility_B_0,susceptibility_B_5,susceptibility_B_25,susceptibility_B_65,vac_eff_hospitalization,vac_eff_mortality,prob_hosp_scaling,prob_death_scaling
2014-15,822,30.07199231005833,0.0020618041599911874,0.0021199110683070566,0.0016310475339748054,0.44290542998090116,0.4413434628407098,0.63119045314281153,0.87664882160352453,0.78265265097550651,0.65443607920165636,0.45333063298955989,0.95584425757731162,0.42628102996239781,0.6556483978483747,0.47542106106664711,0.65819980809999468,0.40431807909894152,0.40909831050028783,0.00039962416728012151,3.1111494307956011e-05
