year,iter,incidence(millions),beta_H1,beta_H3,beta_B,susceptibility_H1_0,susceptibility_H1_5,susceptibility_H1_25,susceptibility_H1_65,susceptibility_H3_0,susceptibility_H3_5,susceptibility_H3_25,susceptibility_H3_65,susceptibility_B_0,susceptibility_B_5,susceptibility_B_25,susceptibility_B_65,vac_eff_hospitalization,vac_eff_mortality,prob_hosp_scaling,prob_death_scaling
2015-16,816,25.65594767093648,0.0020655055372507669,0.0019812120141597944,0.0015447803561061679,0.42327809463200838,0.44427446721576558,0.85922374669608137,0.8421585663060337,0.96932948145771713,0.68540461353030857,0.56618237189304832,0.40799922057162774,0.9065910043009574,0.86990759562670128,0.946189493556719,0.53065841696516891,0.44831944042749172,0.058209892525321771,0.00048553195026063145,4.5948400006434742e-05
