year,iter,incidence(millions),beta_H1,beta_H3,beta_B,susceptibility_H1_0,susceptibility_H1_5,susceptibility_H1_25,susceptibility_H1_65,susceptibility_H3_0,susceptibility_H3_5,susceptibility_H3_25,susceptibility_H3_65,susceptibility_B_0,susceptibility_B_5,susceptibility_B_25,susceptibility_B_65,vac_eff_hospitalization,vac_eff_mortality,prob_hosp_scaling,prob_death_scaling
2015-16,196,24.746067677487254,0.0017479807066210218,0.0018978710580977998,0.0022361049376334319,0.41761331526126433,0.83362140896755998,0.83305335207451048,0.96859617425522149,0.71385101632814418,0.90664472571945032,0.48704816864751471,0.50483946876034591,0.71689714325880893,0.85176821619288035,0.44657449376093677,0.93712360059459732,0.10332846437276572,0.33971013041007581,0.00043820520421838927,2.4704310012391151e-05
