year,iter,incidence(millions),beta_H1,beta_H3,beta_B,susceptibility_H1_0,susceptibility_H1_5,susceptibility_H1_25,susceptibility_H1_65,susceptibility_H3_0,susceptibility_H3_5,susceptibility_H3_25,susceptibility_H3_65,susceptibility_B_0,susceptibility_B_5,susceptibility_B_25,susceptibility_B_65,vac_eff_hospitalization,vac_eff_mortality,prob_hosp_scaling,prob_death_scaling
2015-16,94,24.50672168134403,0.0015565524427224586,0.0017755286238471668,0.0018475197554990164,0.96277665098068321,0.96907948404907129,0.7133809613934895,0.73900026195348467,0.50861488363798579,0.96344488324548316,0.45742978235403831,0.86202100292970596,0.57308117250412893,0.55925434294418375,0.87520982169150685,0.5301678086902859,0.56438030694459451,0.84267308954944231,0.00031007241375990979,5.6400076250684439e-05
