year,iter,incidence(millions),beta_H1,beta_H3,beta_B,susceptibility_H1_0,susceptibility_H1_5,susceptibility_H1_25,susceptibility_H1_65,susceptibility_H3_0,susceptibility_H3_5,susceptibility_H3_25,susceptibility_H3_65,susceptibility_B_0,susceptibility_B_5,susceptibility_B_25,susceptibility_B_65,vac_eff_hospitalization,vac_eff_mortality,prob_hosp_scaling,prob_death_scaling
2015-16,333,25.934722098538384,0.0019412609474155906,0.001633680613842281,0.002177560246049759,0.69913747250291891,0.41732213685866748,0.56688449772099891,0.57117854358693387,0.77946338555043893,0.89364770820870065,0.78888024177063176,0.71717348752119436,0.71891464920471582,0.4956634196950776,0.46236096225465845,0.68023309340678428,0.30583444033950558,0.004477252031027279,9.3102979222381421e-05,9.2615264360440541e-06
