year,iter,incidence(millions),beta_H1,beta_H3,beta_B,susceptibility_H1_0,susceptibility_H1_5,susceptibility_H1_25,susceptibility_H1_65,susceptibility_H3_0,susceptibility_H3_5,susceptibility_H3_25,susceptibility_H3_65,susceptibility_B_0,susceptibility_B_5,susceptibility_B_25,susceptibility_B_65,vac_eff_hospitalization,vac_eff_mortality,prob_hosp_scaling,prob_death_scaling
2014-15,668,30.08272953461254,0.0015310043429802578,0.0014816563270326211,0.001923412936065183,0.43097351428734393,0.94421926394939071,0.4310018095420714,0.49880149696589277,0.7984484424293794,0.98415228616829675,0.70618451221937772,0.55454403398097196,0.880040988535989,0.65535954402513252,0.80270485326752328,0.44162334893114552,0.8407699765093013,0.41374428925192674,0.00072493580291282944,9.0465901159242357e-05
