year,iter,incidence(millions),beta_H1,beta_H3,beta_B,susceptibility_H1_0,susceptibility_H1_5,susceptibility_H1_25,susceptibility_H1_65,susceptibility_H3_0,susceptibility_H3_5,susceptibility_H3_25,susceptibility_H3_65,susceptibility_B_0,susceptibility_B_5,susceptibility_B_25,susceptibility_B_65,vac_eff_hospitalization,vac_eff_mortality,prob_hosp_scaling,prob_death_scaling
2015-16,296,24.72555012009192,0.0019380498383850253,0.0017405460904689196,6.6852581563303648e-05,0.47341498987105007,0.8386734372498712,0.56258926450122504,0.61637277637735166,0.42529254024526147,0.92861993736672654,0.5468911677370909,0.96531665391066723,0.70244312329012726,0.64245189404480463,0.93955901374054895,0.6292195017496548,0.74890759473811885,0.57006647050505244,0.00033773822826549393,5.776456107553507e-05
