year,iter,incidence(millions),beta_H1,beta_H3,beta_B,susceptibility_H1_0,susceptibility_H1_5,susceptibility_H1_25,susceptibility_H1_65,susceptibility_H3_0,susceptibility_H3_5,susceptibility_H3_25,susceptibility_H3_65,susceptibility_B_0,susceptibility_B_5,susceptibility_B_25,susceptibility_B_65,vac_eff_hospitalization,vac_eff_mortality,prob_hosp_scaling,prob_death_scaling
2012-13,996,35.25518844217987,0.0011442958534356173,0.0017220732987120457,0.00014469529041688522,0.79148400608783764,0.96302903020500952,0.61960070433848291,0.66893323399434856,0.62968523012054056,0.7513553747189381,0.45547168831288642,0.70856461306028629,0.48424038216194948,0.77713057974033295,0.845816241975895,0.66938677000156033,0.59922914430640772,0.080979901579503077,0.00030775692141210564,9.5083727077838187e-05
