year,iter,incidence(millions),beta_H1,beta_H3,beta_B,susceptibility_H1_0,susceptibility_H1_5,susceptibility_H1_25,susceptibility_H1_65,susceptibility_H3_0,susceptibility_H3_5,susceptibility_H3_25,susceptibility_H3_65,susceptibility_B_0,susceptibility_B_5,susceptibility_B_25,susceptibility_B_65,vac_eff_hospitalization,vac_eff_mortality,prob_hosp_scaling,prob_death_scaling
2015-16,674,27.10568202668588,0.0024953326379535401,0.0016858941725910737,0.0014909721027726031,0.63283221317677674,0.52433838801635646,0.56427837628436717,0.72779136210857764,0.40586806022980254,0.61406107145616107,0.8544032281555034,0.61763407909633594,0.900608102385827,0.97531405509696245,0.97313091817867947,0.40479125143587702,0.63189866634927505,0.10377986246070287,0.0002209145501290144,2.8853039338472275e-05
