year,iter,incidence(millions),beta_H1,beta_H3,beta_B,susceptibility_H1_0,susceptibility_H1_5,susceptibility_H1_25,susceptibility_H1_65,susceptibility_H3_0,susceptibility_H3_5,susceptibility_H3_25,susceptibility_H3_65,susceptibility_B_0,susceptibility_B_5,susceptibility_B_25,susceptibility_B_65,vac_eff_hospitalization,vac_eff_mortality,prob_hosp_scaling,prob_death_scaling
2015-16,90,25.84501643919805,0.0021720906226809777,0.0016918654662685384,0.0015215676217575358,0.5071485517541523,0.65190021866233816,0.652762689777315,0.58392461420882458,0.52297478967958344,0.54856799205026419,0.88910953626376554,0.99172055629687539,0.75679782038737753,0.45245790115871681,0.57722322147736704,0.67319850167645479,0.35481009163371091,0.75752029593213099,0.00013526008535730272,2.687532368339518e-05
