year,iter,incidence(millions),beta_H1,beta_H3,beta_B,susceptibility_H1_0,susceptibility_H1_5,susceptibility_H1_25,susceptibility_H1_65,susceptibility_H3_0,susceptibility_H3_5,susceptibility_H3_25,susceptibility_H3_65,susceptibility_B_0,susceptibility_B_5,susceptibility_B_25,susceptibility_B_65,vac_eff_hospitalization,vac_eff_mortality,prob_hosp_scaling,prob_death_scaling
2015-16,764,25.30616083511421,0.0020356180608031016,0.0026098167743323075,0.0019657561279717295,0.42965970885624843,0.90959030781842864,0.49945341793292358,0.76475139785513169,0.84049199862902468,0.43094356931960576,0.53850696555367372,0.46628747414150956,0.51831482631339409,0.97718535822579133,0.6192089216065132,0.81862024958777302,0.99325659112656517,0.14308245541475906,0.00034907156155089547,2.9194868270854268e-05
