year,iter,incidence(millions),beta_H1,beta_H3,beta_B,susceptibility_H1_0,susceptibility_H1_5,susceptibility_H1_25,susceptibility_H1_65,susceptibility_H3_0,susceptibility_H3_5,susceptibility_H3_25,susceptibility_H3_65,susceptibility_B_0,susceptibility_B_5,susceptibility_B_25,susceptibility_B_65,vac_eff_hospitalization,vac_eff_mortality,prob_hosp_scaling,prob_death_scaling
2012-13,250,34.172914689158105,0.0019752749382567769,0.0026441635342012715,0.0020987701520457369,0.78050763179673199,0.40432252313822631,0.63197523304258019,0.90753825349866735,0.41606122532374074,0.46693282222426491,0.53950627451453637,0.92431705775015827,0.9071876652768005,0.42450775942862096,0.86788651438648223,0.80957329153160695,0.95558856110275814,0.70120576525949907,0.00021322852398747427,4.0080155859045785e-05
