year,iter,incidence(millions),beta_H1,beta_H3,beta_B,susceptibility_H1_0,susceptibility_H1_5,susceptibility_H1_25,susceptibility_H1_65,susceptibility_H3_0,susceptibility_H3_5,susceptibility_H3_25,susceptibility_H3_65,susceptibility_B_0,susceptibility_B_5,susceptibility_B_25,susceptibility_B_65,vac_eff_hospitalization,vac_eff_mortality,prob_hosp_scaling,prob_death_scaling
2014-15,824,32.12001513079189,0.0018830693605970117,0.0013181136298188179,0.0020643582555319173,0.86853061239816443,0.46187225504788881,0.56299530329663061,0.78589493216298634,0.40061763812608564,0.86455527737859061,0.99458453979566963,0.94472964897367651,0.95557073279224947,0.57678953457122351,0.68186780390509227,0.82741909312369066,0.25166538437739377,0.098573727292104618,0.00036868927409655639,8.2307785452262472e-05
