year,iter,incidence(millions),beta_H1,beta_H3,beta_B,susceptibility_H1_0,susceptibility_H1_5,susceptibility_H1_25,susceptibility_H1_65,susceptibility_H3_0,susceptibility_H3_5,susceptibility_H3_25,susceptibility_H3_65,susceptibility_B_0,susceptibility_B_5,susceptibility_B_25,susceptibility_B_65,vac_eff_hospitalization,vac_eff_mortality,prob_hosp_scaling,prob_death_scaling
2012-13,221,34.63070946293044,0.00130043190483492,0.0021761786286070839,0.0019761667572844588,0.75441121832743963,0.79864993163519471,0.84733318269047175,0.91028238213830215,0.73133515137579785,0.46023987835824931,0.6172964048210009,0.8731994365209127,0.99948139681106052,0.48928922311416778,0.88233964674134113,0.74600722832304178,0.12392338813562359,0.045205341117873277,0.00029833354534253287,2.5379577162587541e-05
