year,iter,incidence(millions),beta_H1,beta_H3,beta_B,susceptibility_H1_0,susceptibility_H1_5,susceptibility_H1_25,susceptibility_H1_65,susceptibility_H3_0,susceptibility_H3_5,susceptibility_H3_25,susceptibility_H3_65,susceptibility_B_0,susceptibility_B_5,susceptibility_B_25,susceptibility_B_65,vac_eff_hospitalization,vac_eff_mortality,prob_hosp_scaling,prob_death_scaling
2015-16,773,27.533599855380313,0.0018630639232032897,0.0022009969433690602,0.0018715050471790895,0.84252253211098949,0.54809536719210883,0.95983808989707031,0.84565096943776052,0.70363742084668957,0.50798105661280624,0.41638455748846459,0.80845443229342928,0.79175011255507466,0.85554916413913773,0.64300307126131107,0.55602152606217903,0.36701663946649499,0.14325022746596849,1e-08,3.5365825053090827e-05
