year,iter,incidence(millions),beta_H1,beta_H3,beta_B,susceptibility_H1_0,susceptibility_H1_5,susceptibility_H1_25,susceptibility_H1_65,susceptibility_H3_0,susceptibility_H3_5,susceptibility_H3_25,susceptibility_H3_65,susceptibility_B_0,susceptibility_B_5,susceptibility_B_25,susceptibility_B_65,vac_eff_hospitalization,vac_eff_mortality,prob_hosp_scaling,prob_death_scaling
2015-16,220,25.312274154293913,0.0026249492555401321,0.0014089545884472532,0.0016633212422403898,0.98840114562537484,0.49627369623258533,0.42354696242287199,0.82843310037189188,0.71978018952744505,0.96627967385374203,0.7979991537804958,0.42046026343759046,0.82940573272300355,0.93208587421035893,0.66768473531926431,0.53462302123578842,0.60895506260628385,1.0006623418767902e-08,0.00063514565636030307,2.8931524512887385e-05
