year,iter,incidence(millions),beta_H1,beta_H3,beta_B,susceptibility_H1_0,susceptibility_H1_5,susceptibility_H1_25,susceptibility_H1_65,susceptibility_H3_0,susceptibility_H3_5,susceptibility_H3_25,susceptibility_H3_65,susceptibility_B_0,susceptibility_B_5,susceptibility_B_25,susceptibility_B_65,vac_eff_hospitalization,vac_eff_mortality,prob_hosp_scaling,prob_death_scaling
2015-16,345,27.479346532294283,0.0019658443648406521,0.0020817377074238697,0.0015259308632654123,0.9046911724012483,0.48173981594141418,0.74069517901160464,0.50528469405123155,0.56316549275382444,0.66314063814029245,0.48308637723772863,0.59830812942742106,0.42659642548705112,0.78500993525003482,0.94217180194687289,0.77425773157251898,0.62380532606282568,0.68804539723327307,0.0002745330535535162,4.4118611586874135e-05
