year,iter,incidence(millions),beta_H1,beta_H3,beta_B,susceptibility_H1_0,susceptibility_H1_5,susceptibility_H1_25,susceptibility_H1_65,susceptibility_H3_0,susceptibility_H3_5,susceptibility_H3_25,susceptibility_H3_65,susceptibility_B_0,susceptibility_B_5,susceptibility_B_25,susceptibility_B_65,vac_eff_hospitalization,vac_eff_mortality,prob_hosp_scaling,prob_death_scaling
2015-16,779,24.96612428739097,0.0020987908247196985,0.0017546284963266268,0.0024723617047421875,0.95735904641336123,0.47616300032606274,0.87562097974722919,0.75078593810407224,0.56277654199864346,0.55294286518880631,0.54178817453240158,0.92532469067689704,0.89622991453525247,0.50818392142826641,0.679678840912322,0.44721099768908246,0.96389673658790986,0.9223684047525349,0.000880183759329356,3.9056272365833866e-05
