year,iter,incidence(millions),beta_H1,beta_H3,beta_B,susceptibility_H1_0,susceptibility_H1_5,susceptibility_H1_25,susceptibility_H1_65,susceptibility_H3_0,susceptibility_H3_5,susceptibility_H3_25,susceptibility_H3_65,susceptibility_B_0,susceptibility_B_5,susceptibility_B_25,susceptibility_B_65,vac_eff_hospitalization,vac_eff_mortality,prob_hosp_scaling,prob_death_scaling
2015-16,526,26.780721734013298,0.0015835798681097524,0.0018463167621640686,0.0017929449631745586,0.85008391763281321,0.85551508113251229,0.85057510813868131,0.85055002954295222,0.88596635674335233,0.89394200377690303,0.48039384747210212,0.54025185935958153,0.4847419388643911,0.49323345602938917,0.9839218076151417,0.73584927364849628,0.10712742669580311,0.27314315295322289,0.00056554819408977108,5.9728228592348387e-05
