year,iter,incidence(millions),beta_H1,beta_H3,beta_B,susceptibility_H1_0,susceptibility_H1_5,susceptibility_H1_25,susceptibility_H1_65,susceptibility_H3_0,susceptibility_H3_5,susceptibility_H3_25,susceptibility_H3_65,susceptibility_B_0,susceptibility_B_5,susceptibility_B_25,susceptibility_B_65,vac_eff_hospitalization,vac_eff_mortality,prob_hosp_scaling,prob_death_scaling
2014-15,988,30.543189647864278,0.0016894124858253257,0.0019719739374081668,0.001654870969936828,0.59631014660044657,0.75022271625676362,0.57335570506317823,0.78866679519639449,0.91570639975799994,0.55004889270623847,0.71850004085296026,0.54310856790070294,0.78444275610191028,0.93841626537202505,0.92096937538005763,0.46438929898125936,0.053608585941087805,0.53734395960966064,0.0007200076493700247,6.4157635318196071e-05
