year,iter,incidence(millions),beta_H1,beta_H3,beta_B,susceptibility_H1_0,susceptibility_H1_5,susceptibility_H1_25,susceptibility_H1_65,susceptibility_H3_0,susceptibility_H3_5,susceptibility_H3_25,susceptibility_H3_65,susceptibility_B_0,susceptibility_B_5,susceptibility_B_25,susceptibility_B_65,vac_eff_hospitalization,vac_eff_mortality,prob_hosp_scaling,prob_death_scaling
2015-16,536,26.301971648422118,0.0023378806025191046,0.0018447962710277932,0.0017075434702681913,0.67246029062742241,0.41623690044043049,0.66006463027564222,0.84911858831238374,0.59911133072340672,0.6251509377745299,0.81147642522836949,0.44487828953908964,0.51908938156773088,0.62141255843516741,0.98454348702418559,0.8494862837131586,0.73484596145000158,0.49901125156818937,0.00032794663330470986,3.0644475198682297e-05
