year,iter,incidence(millions),beta_H1,beta_H3,beta_B,susceptibility_H1_0,susceptibility_H1_5,susceptibility_H1_25,susceptibility_H1_65,susceptibility_H3_0,susceptibility_H3_5,susceptibility_H3_25,susceptibility_H3_65,susceptibility_B_0,susceptibility_B_5,susceptibility_B_25,susceptibility_B_65,vac_eff_hospitalization,vac_eff_mortality,prob_hosp_scaling,prob_death_scaling
2015-16,827,26.288099445001755,0.0016938085305067685,0.0019962184762273849,0.0025979191086183961,0.8896021394657132,0.81412768415619663,0.85810193042079486,0.77288717646077743,0.57945594417040391,0.6278297374887285,0.71662029969903274,0.81367607453910185,0.60024039158650955,0.46616587871856296,0.62298048495251845,0.41637953582507625,0.94552889269104201,0.87960301621421089,0.00031091151236206649,2.7836804418757133e-05
