year,iter,incidence(millions),beta_H1,beta_H3,beta_B,susceptibility_H1_0,susceptibility_H1_5,susceptibility_H1_25,susceptibility_H1_65,susceptibility_H3_0,susceptibility_H3_5,susceptibility_H3_25,susceptibility_H3_65,susceptibility_B_0,susceptibility_B_5,susceptibility_B_25,susceptibility_B_65,vac_eff_hospitalization,vac_eff_mortality,prob_hosp_scaling,prob_death_scaling
2014-15,361,31.034475351867695,0.0015977654077683479,0.0017038561971531307,0.0013287087463464409,0.69845926713579454,0.41400389999088044,0.96641463730157684,0.53912503758178443,0.61108039055288321,0.93033858785984025,0.52704691733820619,0.96545981947681381,0.88623338261938622,0.96148650589771367,0.61031958142596443,0.78118249336716372,0.32634676743168334,0.95583209380366918,0.00038112560319775168,9.3811194747495108e-05
