year,iter,incidence(millions),beta_H1,beta_H3,beta_B,susceptibility_H1_0,susceptibility_H1_5,susceptibility_H1_25,susceptibility_H1_65,susceptibility_H3_0,susceptibility_H3_5,susceptibility_H3_25,susceptibility_H3_65,susceptibility_B_0,susceptibility_B_5,susceptibility_B_25,susceptibility_B_65,vac_eff_hospitalization,vac_eff_mortality,prob_hosp_scaling,prob_death_scaling
2017-18,624,50.51092726399701,0.0017309823390565526,0.0020677974438871316,0.0021325821142784696,0.50550300710537943,0.77790962772902028,0.54244358414112226,0.82252562759657555,0.68824630709716228,0.53841132217552778,0.5893504991421441,0.53144261759730216,0.83819353066629954,0.42543958895932515,0.68260992191303249,0.77182012148388668,0.31484425835708452,0.37350674910742054,0.00045868199149051714,4.6585328250026148e-05
