year,iter,incidence(millions),beta_H1,beta_H3,beta_B,susceptibility_H1_0,susceptibility_H1_5,susceptibility_H1_25,susceptibility_H1_65,susceptibility_H3_0,susceptibility_H3_5,susceptibility_H3_25,susceptibility_H3_65,susceptibility_B_0,susceptibility_B_5,susceptibility_B_25,susceptibility_B_65,vac_eff_hospitalization,vac_eff_mortality,prob_hosp_scaling,prob_death_scaling
2012-13,85,34.49343771443472,0.0018073102168210675,0.0018145292283485159,0.0018677452667659744,0.5831969639109239,0.67151675007133971,0.61592221957570392,0.72946553610859954,0.83694397912629492,0.4407529552277169,0.95895221632363414,0.84464804419661799,0.98612964361977673,0.91061582742756908,0.74130024458948585,0.98095532890276194,0.19522437276179311,0.82629557949649557,0.00036975212059214835,3.0519228736425319e-05
