year,iter,incidence(millions),beta_H1,beta_H3,beta_B,susceptibility_H1_0,susceptibility_H1_5,susceptibility_H1_25,susceptibility_H1_65,susceptibility_H3_0,susceptibility_H3_5,susceptibility_H3_25,susceptibility_H3_65,susceptibility_B_0,susceptibility_B_5,susceptibility_B_25,susceptibility_B_65,vac_eff_hospitalization,vac_eff_mortality,prob_hosp_scaling,prob_death_scaling
2014-15,669,32.256217702711005,0.0017727633237125673,0.002858580897543761,0.0019412478912975151,0.45687278943930559,0.70076968339151424,0.47435705173538006,0.41626680150899842,0.52252360793856989,0.4902192485853713,0.42535688246493941,0.68728487811528338,0.8854030637393393,0.87746270994147835,0.74734628491770194,0.94019040459576175,0.25106155609053632,0.32475168015326955,0.0002121590617586433,4.434685422083362e-05
