year,iter,incidence(millions),beta_H1,beta_H3,beta_B,susceptibility_H1_0,susceptibility_H1_5,susceptibility_H1_25,susceptibility_H1_65,susceptibility_H3_0,susceptibility_H3_5,susceptibility_H3_25,susceptibility_H3_65,susceptibility_B_0,susceptibility_B_5,susceptibility_B_25,susceptibility_B_65,vac_eff_hospitalization,vac_eff_mortality,prob_hosp_scaling,prob_death_scaling
2012-13,224,34.21928748933107,0.001510076270656302,0.0020977236090583551,0.0020906036675163442,0.64794006131831772,0.69430357595275938,0.8717287354411678,0.74921427222824333,0.41067869853383904,0.63648077666272618,0.68450276755389705,0.83533346619926452,0.46583189672411063,0.90358973153713373,0.60723879058619001,0.71476673586255246,0.74530845203858964,0.53941128723804199,0.00043964718575983941,6.0873068627009808e-05
