year,iter,incidence(millions),beta_H1,beta_H3,beta_B,susceptibility_H1_0,susceptibility_H1_5,susceptibility_H1_25,susceptibility_H1_65,susceptibility_H3_0,susceptibility_H3_5,susceptibility_H3_25,susceptibility_H3_65,susceptibility_B_0,susceptibility_B_5,susceptibility_B_25,susceptibility_B_65,vac_eff_hospitalization,vac_eff_mortality,prob_hosp_scaling,prob_death_scaling
2014-15,662,31.50788047359615,0.0012880353550478452,0.001460295796776645,0.002943028125122038,0.62468718695719416,0.99966158734785249,0.47678588447439291,0.43606090609672904,0.64015951184284392,0.93280832329329166,0.5915113338699689,0.78282182551072033,0.74137218744323441,0.40147013997384584,0.44229990642613537,0.66146888000052495,0.44423598785971713,0.69312560069795948,0.00034479215708277389,6.9451180366830734e-05
