year,iter,incidence(millions),beta_H1,beta_H3,beta_B,susceptibility_H1_0,susceptibility_H1_5,susceptibility_H1_25,susceptibility_H1_65,susceptibility_H3_0,susceptibility_H3_5,susceptibility_H3_25,susceptibility_H3_65,susceptibility_B_0,susceptibility_B_5,susceptibility_B_25,susceptibility_B_65,vac_eff_hospitalization,vac_eff_mortality,prob_hosp_scaling,prob_death_scaling
2014-15,857,30.90761843126633,0.0014195316487578546,0.0019070960213887767,0.0021968727540536692,0.75897688991627343,0.83498211508449383,0.91198075414663193,0.81786858223453052,0.81344303080694158,0.76747392915140489,0.62250263258724936,0.87713523679556571,0.86843816255259521,0.8615278998058522,0.44165562825000293,0.98172729673384285,0.37829130704731612,0.72541106797087285,0.00037878195331364495,8.6956150227968099e-05
