year,iter,incidence(millions),beta_H1,beta_H3,beta_B,susceptibility_H1_0,susceptibility_H1_5,susceptibility_H1_25,susceptibility_H1_65,susceptibility_H3_0,susceptibility_H3_5,susceptibility_H3_25,susceptibility_H3_65,susceptibility_B_0,susceptibility_B_5,susceptibility_B_25,susceptibility_B_65,vac_eff_hospitalization,vac_eff_mortality,prob_hosp_scaling,prob_death_scaling
2014-15,757,29.408725879849342,0.00094464309695158066,0.00011067821179017168,0.0026363816440169718,0.61746643169160098,0.75130918526646306,0.74443605356119003,0.75983155140909742,0.83409110622073868,0.86212945681217779,0.94475166544336986,0.74037802441559597,0.89503034337748633,0.57379817198942329,0.4832806942934984,0.79059268836642482,0.037711866054447374,0.6110665257437683,0.0025496367660123864,6.3670689149086801e-05
