year,iter,incidence(millions),beta_H1,beta_H3,beta_B,susceptibility_H1_0,susceptibility_H1_5,susceptibility_H1_25,susceptibility_H1_65,susceptibility_H3_0,susceptibility_H3_5,susceptibility_H3_25,susceptibility_H3_65,susceptibility_B_0,susceptibility_B_5,susceptibility_B_25,susceptibility_B_65,vac_eff_hospitalization,vac_eff_mortality,prob_hosp_scaling,prob_death_scaling
2017-18,620,51.201143612812906,0.0017409571575229266,0.002306795370519199,0.0017083604279040654,0.84570808759565474,0.90814678380042968,0.96142494580950633,0.47052996596470542,0.7386849295919915,0.64428738756703519,0.50608226665185518,0.73518117211094736,0.96642869728540615,0.86450631681240819,0.81344411435386033,0.64668005643349424,0.30926896425679562,0.48792692720661224,0.00030045475094669927,7.5559389128176946e-05
