year,iter,incidence(millions),beta_H1,beta_H3,beta_B,susceptibility_H1_0,susceptibility_H1_5,susceptibility_H1_25,susceptibility_H1_65,susceptibility_H3_0,susceptibility_H3_5,susceptibility_H3_25,susceptibility_H3_65,susceptibility_B_0,susceptibility_B_5,susceptibility_B_25,susceptibility_B_65,vac_eff_hospitalization,vac_eff_mortality,prob_hosp_scaling,prob_death_scaling
2012-13,689,35.62491507866999,0.00057197018410559686,0.0015417794591450207,0.00221938503927116,0.92188124746019784,0.79685112795698432,0.93750343867287778,0.76655578932119139,0.95188104129744644,0.91855967228371749,0.84093221684208652,0.72121850399907772,0.79341610837796894,0.67638777432223884,0.72560249781105823,0.64466816237562652,0.88906360755286973,0.88795176273200194,0.00063120197978511206,9.3969695974027712e-05
