year,iter,incidence(millions),beta_H1,beta_H3,beta_B,susceptibility_H1_0,susceptibility_H1_5,susceptibility_H1_25,susceptibility_H1_65,susceptibility_H3_0,susceptibility_H3_5,susceptibility_H3_25,susceptibility_H3_65,susceptibility_B_0,susceptibility_B_5,susceptibility_B_25,susceptibility_B_65,vac_eff_hospitalization,vac_eff_mortality,prob_hosp_scaling,prob_death_scaling
2015-16,809,25.824074690977643,0.0022883684253479086,0.001509383132772768,0.0017092765616332772,0.67484159542147526,0.50026907208329896,0.69837112321374417,0.57327638947755355,0.91916674648612462,0.76714835779823076,0.97673908297600276,0.83164606459437962,0.96256666854900419,0.789020566358555,0.88262335072691656,0.78904326802038693,0.85815692757637974,0.83916814029706865,0.00036744460426285652,3.3730133830733866e-05
