year,iter,incidence(millions),beta_H1,beta_H3,beta_B,susceptibility_H1_0,susceptibility_H1_5,susceptibility_H1_25,susceptibility_H1_65,susceptibility_H3_0,susceptibility_H3_5,susceptibility_H3_25,susceptibility_H3_65,susceptibility_B_0,susceptibility_B_5,susceptibility_B_25,susceptibility_B_65,vac_eff_hospitalization,vac_eff_mortality,prob_hosp_scaling,prob_death_scaling
2014-15,744,30.187330583275873,0.0014954108532339028,0.0012937018932859257,0.0015745886878463788,0.85014861539762776,0.52358359454842729,0.79976292830866713,0.71721799920780771,0.97023843966487455,0.76894146030495669,0.99192128113823741,0.73635276845759234,0.5081002673676861,0.7414776372236086,0.94338250487652886,0.76426818848476075,0.87446841664722164,0.70470056412447857,0.00049335660009003357,5.6382792103348844e-05
