year,iter,incidence(millions),beta_H1,beta_H3,beta_B,susceptibility_H1_0,susceptibility_H1_5,susceptibility_H1_25,susceptibility_H1_65,susceptibility_H3_0,susceptibility_H3_5,susceptibility_H3_25,susceptibility_H3_65,susceptibility_B_0,susceptibility_B_5,susceptibility_B_25,susceptibility_B_65,vac_eff_hospitalization,vac_eff_mortality,prob_hosp_scaling,prob_death_scaling
2014-15,850,30.158996719307282,0.00098154572987335653,0.0013063774879387147,0.0020393327303321884,0.73057853390192806,0.69543227248153494,0.83652834802101528,0.44458162000980389,0.93965377506522341,0.94126671861685285,0.94088594228455258,0.96940179543027272,0.73907811856797045,0.84637671316323138,0.50782717830596025,0.83144174008195193,0.01533156784153078,0.078771613189328238,0.00035342599424192933,5.0744957533599422e-05
