year,iter,incidence(millions),beta_H1,beta_H3,beta_B,susceptibility_H1_0,susceptibility_H1_5,susceptibility_H1_25,susceptibility_H1_65,susceptibility_H3_0,susceptibility_H3_5,susceptibility_H3_25,susceptibility_H3_65,susceptibility_B_0,susceptibility_B_5,susceptibility_B_25,susceptibility_B_65,vac_eff_hospitalization,vac_eff_mortality,prob_hosp_scaling,prob_death_scaling
2015-16,777,26.01737511491686,0.0024784486159559749,0.0023615353241228654,0.0020475795565149668,0.9262275751583281,0.43470088937315504,0.51106147278205238,0.983028768169395,0.64040351022015485,0.43262794412699673,0.43817964282886701,0.90203114669598217,0.89005093754702636,0.59147978973737425,0.67175142520830766,0.75305557272590429,0.92127619735164723,0.82973022556338027,0.0010971048910815018,1.454546128321077e-05
