year,iter,incidence(millions),beta_H1,beta_H3,beta_B,susceptibility_H1_0,susceptibility_H1_5,susceptibility_H1_25,susceptibility_H1_65,susceptibility_H3_0,susceptibility_H3_5,susceptibility_H3_25,susceptibility_H3_65,susceptibility_B_0,susceptibility_B_5,susceptibility_B_25,susceptibility_B_65,vac_eff_hospitalization,vac_eff_mortality,prob_hosp_scaling,prob_death_scaling
2012-13,991,36.246814402512896,0.0019397129190286133,0.0018966550808002247,0.0021002212382942864,0.54155323399557509,0.66185549404497357,0.77281352579536411,0.83918590027263629,0.99025620030189909,0.63159460233636078,0.79651897376427983,0.95738580557627972,0.90525326174659759,0.98758018836718642,0.78604181581637345,0.97150435744681118,0.92468452091623488,0.20399163094929762,0.0002584613521242618,2.2808262360396458e-05
