year,iter,incidence(millions),beta_H1,beta_H3,beta_B,susceptibility_H1_0,susceptibility_H1_5,susceptibility_H1_25,susceptibility_H1_65,susceptibility_H3_0,susceptibility_H3_5,susceptibility_H3_25,susceptibility_H3_65,susceptibility_B_0,susceptibility_B_5,susceptibility_B_25,susceptibility_B_65,vac_eff_hospitalization,vac_eff_mortality,prob_hosp_scaling,prob_death_scaling
2015-16,336,27.22921154831856,0.0018410117106965607,0.0018563471305149126,0.0027104145347616182,0.79620250914149948,0.902144521281534,0.66661242496979312,0.66088795028519653,0.94452382162663784,0.46594953997817051,0.7921010220855792,0.64303347781204812,0.80665244570335537,0.43181519730816048,0.51481922512295364,0.86372603904894918,0.024148207020963985,0.65978458660813233,0.00023855265414124416,2.990044570999606e-05
