year,iter,incidence(millions),beta_H1,beta_H3,beta_B,susceptibility_H1_0,susceptibility_H1_5,susceptibility_H1_25,susceptibility_H1_65,susceptibility_H3_0,susceptibility_H3_5,susceptibility_H3_25,susceptibility_H3_65,susceptibility_B_0,susceptibility_B_5,susceptibility_B_25,susceptibility_B_65,vac_eff_hospitalization,vac_eff_mortality,prob_hosp_scaling,prob_death_scaling
2014-15,849,30.06721159558403,0.0018108198439294454,0.0014796388145289496,0.0016009625445385645,0.55399058247690436,0.63877156345422736,0.58165067774659784,0.72720411533962492,0.89613183252828166,0.94737534975909443,0.6187157911058756,0.60095666307569884,0.75050001043900794,0.68973600669256907,0.99515268676972868,0.94848579422447088,0.22743505495213251,0.74044125615027612,0.00039534905242488705,7.1128408998810677e-05
