year,iter,incidence(millions),beta_H1,beta_H3,beta_B,susceptibility_H1_0,susceptibility_H1_5,susceptibility_H1_25,susceptibility_H1_65,susceptibility_H3_0,susceptibility_H3_5,susceptibility_H3_25,susceptibility_H3_65,susceptibility_B_0,susceptibility_B_5,susceptibility_B_25,susceptibility_B_65,vac_eff_hospitalization,vac_eff_mortality,prob_hosp_scaling,prob_death_scaling
2015-16,774,26.64154634269321,0.0018632098709852607,0.0016076588193679742,0.0022918202534805698,0.41915557373368523,0.68766962759931871,0.87097071047261365,0.72804963506403919,0.95469100143399466,0.96224409860298721,0.89777407760593897,0.91256999724036192,0.81596575618700706,0.91181523162200695,0.56653674072693572,0.49131593451740124,0.68001160082530565,0.10774844741539485,0.00054455784699719567,2.5490884913492717e-05
