year,iter,incidence(millions),beta_H1,beta_H3,beta_B,susceptibility_H1_0,susceptibility_H1_5,susceptibility_H1_25,susceptibility_H1_65,susceptibility_H3_0,susceptibility_H3_5,susceptibility_H3_25,susceptibility_H3_65,susceptibility_B_0,susceptibility_B_5,susceptibility_B_25,susceptibility_B_65,vac_eff_hospitalization,vac_eff_mortality,prob_hosp_scaling,prob_death_scaling
2015-16,297,26.07432297355625,0.0025067084732882106,0.00061195821994503019,0.0014545345792857933,0.83673496849245033,0.42925273735706304,0.43945575494541234,0.48908091511710505,0.57405143098806244,0.93769014186163058,0.68097632394721441,0.40748398206213654,0.99871137513814401,0.81871080663852891,0.80185489504276541,0.74728807342451753,0.52074136853937436,0.34721720591761435,0.00041354421310191292,2.7887197762477278e-05
