year,iter,incidence(millions),beta_H1,beta_H3,beta_B,susceptibility_H1_0,susceptibility_H1_5,susceptibility_H1_25,susceptibility_H1_65,susceptibility_H3_0,susceptibility_H3_5,susceptibility_H3_25,susceptibility_H3_65,susceptibility_B_0,susceptibility_B_5,susceptibility_B_25,susceptibility_B_65,vac_eff_hospitalization,vac_eff_mortality,prob_hosp_scaling,prob_death_scaling
2015-16,199,26.85807874330245,0.0026690511288927632,0.0016647766542159381,0.002022908467237905,0.41354858630162711,0.55359527184529567,0.53358631370035692,0.93426123155238938,0.768157218728859,0.69653556340617295,0.92331987920992908,0.70592597360165499,0.88039852170212796,0.84868531310513928,0.40667035847073013,0.91951727884978363,0.24264716390172536,0.29316232465677311,0.00023904166517185743,2.5895143917098462e-05
