year,iter,incidence(millions),beta_H1,beta_H3,beta_B,susceptibility_H1_0,susceptibility_H1_5,susceptibility_H1_25,susceptibility_H1_65,susceptibility_H3_0,susceptibility_H3_5,susceptibility_H3_25,susceptibility_H3_65,susceptibility_B_0,susceptibility_B_5,susceptibility_B_25,susceptibility_B_65,vac_eff_hospitalization,vac_eff_mortality,prob_hosp_scaling,prob_death_scaling
2014-15,687,29.63714586954049,0.0015226457079730582,0.0021074778404709948,0.0024890691604515514,0.43569278047356863,0.84612320212209569,0.56010666718157243,0.71430133209074653,0.92563768467347785,0.59805979715943525,0.54679719648893232,0.72069766196024321,0.90216828298892948,0.61978244284921924,0.47042872272212866,0.58759220341008522,0.42383163805399265,0.63213160067511087,0.00025789205571813412,0.00013852801894848055
