year,iter,incidence(millions),beta_H1,beta_H3,beta_B,susceptibility_H1_0,susceptibility_H1_5,susceptibility_H1_25,susceptibility_H1_65,susceptibility_H3_0,susceptibility_H3_5,susceptibility_H3_25,susceptibility_H3_65,susceptibility_B_0,susceptibility_B_5,susceptibility_B_25,susceptibility_B_65,vac_eff_hospitalization,vac_eff_mortality,prob_hosp_scaling,prob_death_scaling
2015-16,78,25.61538756626288,0.0019150133730399532,0.0023197353566551948,0.0016709761450783289,0.68806748278874197,0.52868621310843933,0.80342357240251694,0.99637625835942489,0.72452685984613763,0.43500866181545522,0.54311645598178826,0.4627760045833626,0.76505722100261431,0.59309782824971102,0.96857030611684292,0.58874541988100637,0.8009756273311639,0.92225075678604762,0.00030608289280376066,7.7228954836916497e-05
