year,iter,incidence(millions),beta_H1,beta_H3,beta_B,susceptibility_H1_0,susceptibility_H1_5,susceptibility_H1_25,susceptibility_H1_65,susceptibility_H3_0,susceptibility_H3_5,susceptibility_H3_25,susceptibility_H3_65,susceptibility_B_0,susceptibility_B_5,susceptibility_B_25,susceptibility_B_65,vac_eff_hospitalization,vac_eff_mortality,prob_hosp_scaling,prob_death_scaling
2012-13,227,35.13178661368776,0.0012452904536716658,0.0027107644219236393,0.002085262691492562,0.84650932723823158,0.9393278980124522,0.92768797772432432,0.75774341129876044,0.55146091460548752,0.49397966458243814,0.50705342796561137,0.4602370273789177,0.6684427364850849,0.46368698137721504,0.88015226196613994,0.9015463674352181,0.73192945972299239,0.51614506100189683,0.00059960483010346177,4.7577736667192561e-05
