year,iter,incidence(millions),beta_H1,beta_H3,beta_B,susceptibility_H1_0,susceptibility_H1_5,susceptibility_H1_25,susceptibility_H1_65,susceptibility_H3_0,susceptibility_H3_5,susceptibility_H3_25,susceptibility_H3_65,susceptibility_B_0,susceptibility_B_5,susceptibility_B_25,susceptibility_B_65,vac_eff_hospitalization,vac_eff_mortality,prob_hosp_scaling,prob_death_scaling
2017-18,622,48.49029098292381,0.0023000599051148929,0.0022253856641568648,0.0020270789091195729,0.481189681999111,0.81357927271378061,0.71210587116510726,0.95818168398986292,0.89429686522845464,0.51690184525707206,0.719659442833672,0.96391301068775281,0.94872401896152558,0.46340865912952928,0.96882558146203768,0.98842923535577576,0.32029154313689051,0.82795014927224897,0.00026357385817615819,8.7701125436989713e-05
