year,iter,incidence(millions),beta_H1,beta_H3,beta_B,susceptibility_H1_0,susceptibility_H1_5,susceptibility_H1_25,susceptibility_H1_65,susceptibility_H3_0,susceptibility_H3_5,susceptibility_H3_25,susceptibility_H3_65,susceptibility_B_0,susceptibility_B_5,susceptibility_B_25,susceptibility_B_65,vac_eff_hospitalization,vac_eff_mortality,prob_hosp_scaling,prob_death_scaling
2014-15,823,32.146496202337225,0.0015630542707761874,0.0017755874271857541,0.0019109209605729927,0.92535445510002434,0.49801870876104276,0.88563916795971487,0.48649684918401798,0.70898841452934724,0.7278885091776971,0.65723308619708565,0.92477689542973274,0.56607059314153585,0.56504250448247806,0.77694834657644174,0.78821487167345627,0.59481122701492639,0.41577891541886025,0.00061101017382986234,4.2139386909556542e-05
