year,iter,incidence(millions),beta_H1,beta_H3,beta_B,susceptibility_H1_0,susceptibility_H1_5,susceptibility_H1_25,susceptibility_H1_65,susceptibility_H3_0,susceptibility_H3_5,susceptibility_H3_25,susceptibility_H3_65,susceptibility_B_0,susceptibility_B_5,susceptibility_B_25,susceptibility_B_65,vac_eff_hospitalization,vac_eff_mortality,prob_hosp_scaling,prob_death_scaling
2014-15,61,31.51142938620788,0.00018800689019227157,0.002392379834824987,0.0018225154605334137,0.42988603726714486,0.54858380724906164,0.48247565768996598,0.8227151748739675,0.62643554922250599,0.53320658489597395,0.42916782160695111,0.89039482809777759,0.45910058245149105,0.82670367557028579,0.85125034802620803,0.42284762361138267,0.021749987074144495,0.8670816078505228,0.00019866772404897315,6.5398611765465908e-05
