year,iter,incidence(millions),beta_H1,beta_H3,beta_B,susceptibility_H1_0,susceptibility_H1_5,susceptibility_H1_25,susceptibility_H1_65,susceptibility_H3_0,susceptibility_H3_5,susceptibility_H3_25,susceptibility_H3_65,susceptibility_B_0,susceptibility_B_5,susceptibility_B_25,susceptibility_B_65,vac_eff_hospitalization,vac_eff_mortality,prob_hosp_scaling,prob_death_scaling
2015-16,810,26.544941052535545,0.0016137166328159536,0.001813786189710842,0.0015418726455090348,0.62518296974906806,0.82356607116389435,0.87830229253539271,0.83491348062667625,0.94718249274608735,0.93950079814980036,0.44452871233463109,0.60099655819704945,0.94922963588023501,0.89279708710796313,0.93408337812232056,0.44694981402147999,0.063527229611672842,0.58586117143265715,0.0002875000628307367,4.574886353025942e-05
