year,iter,incidence(millions),beta_H1,beta_H3,beta_B,susceptibility_H1_0,susceptibility_H1_5,susceptibility_H1_25,susceptibility_H1_65,susceptibility_H3_0,susceptibility_H3_5,susceptibility_H3_25,susceptibility_H3_65,susceptibility_B_0,susceptibility_B_5,susceptibility_B_25,susceptibility_B_65,vac_eff_hospitalization,vac_eff_mortality,prob_hosp_scaling,prob_death_scaling
2014-15,996,30.20381125309107,0.0014830997507640498,0.001587198468539941,0.0017983644518714259,0.91144329138420077,0.74730061740879283,0.63385525900155393,0.94204000281422873,0.86804930252980594,0.78198286228181457,0.76284939699026544,0.67603781623836157,0.58451975344430496,0.41906378796257271,0.9415258691260644,0.69009622533563131,0.29250509949583275,0.64986757597286249,0.00037621047223485027,7.2682481898012075e-05
