year,iter,incidence(millions),beta_H1,beta_H3,beta_B,susceptibility_H1_0,susceptibility_H1_5,susceptibility_H1_25,susceptibility_H1_65,susceptibility_H3_0,susceptibility_H3_5,susceptibility_H3_25,susceptibility_H3_65,susceptibility_B_0,susceptibility_B_5,susceptibility_B_25,susceptibility_B_65,vac_eff_hospitalization,vac_eff_mortality,prob_hosp_scaling,prob_death_scaling
2013-14,993,29.996097957453852,0.0020469674508143409,0.00095266749372036053,0.0025894844656195182,0.91396156598892986,0.53506728228829981,0.67866317415379074,0.81683981816872719,0.66715114277650511,0.62401978334227293,0.59086815661549907,0.7037255761637653,0.56248514361275936,0.40619514048463851,0.40700132714266046,0.72535851846416266,0.7127386255644037,0.95915319324778181,0.00094567065802514394,4.7790992459939563e-05
