year,iter,incidence(millions),beta_H1,beta_H3,beta_B,susceptibility_H1_0,susceptibility_H1_5,susceptibility_H1_25,susceptibility_H1_65,susceptibility_H3_0,susceptibility_H3_5,susceptibility_H3_25,susceptibility_H3_65,susceptibility_B_0,susceptibility_B_5,susceptibility_B_25,susceptibility_B_65,vac_eff_hospitalization,vac_eff_mortality,prob_hosp_scaling,prob_death_scaling
2015-16,807,26.243134021427363,0.001837052505839154,0.0025278956340767933,0.0023162739194251825,0.92311339872542386,0.6187730719044584,0.95712011125867735,0.68123228777043587,0.88111602751823948,0.60134030544996742,0.490172936019239,0.43490738108929344,0.71535195928360251,0.73808446602531896,0.45259698602148896,0.94458760692716703,0.29060831102155527,0.88624761802212915,0.00036933330150973331,5.7721422700718339e-05
