year,iter,incidence(millions),beta_H1,beta_H3,beta_B,susceptibility_H1_0,susceptibility_H1_5,susceptibility_H1_25,susceptibility_H1_65,susceptibility_H3_0,susceptibility_H3_5,susceptibility_H3_25,susceptibility_H3_65,susceptibility_B_0,susceptibility_B_5,susceptibility_B_25,susceptibility_B_65,vac_eff_hospitalization,vac_eff_mortality,prob_hosp_scaling,prob_death_scaling
2014-15,742,29.610868835570695,0.001815793205234395,0.0014979401490679556,0.0018762573686409434,0.40221549005844692,0.51793174386870466,0.87393796818250802,0.56156774690795785,0.91849578676028332,0.87264087713320548,0.94454959927955251,0.94269449930067972,0.50396906935637653,0.89128536761755306,0.77930796912224731,0.92211684729602017,0.83079875208880538,0.69403831690109419,0.0013170848279063785,9.9673202354377821e-05
