year,iter,incidence(millions),beta_H1,beta_H3,beta_B,susceptibility_H1_0,susceptibility_H1_5,susceptibility_H1_25,susceptibility_H1_65,susceptibility_H3_0,susceptibility_H3_5,susceptibility_H3_25,susceptibility_H3_65,susceptibility_B_0,susceptibility_B_5,susceptibility_B_25,susceptibility_B_65,vac_eff_hospitalization,vac_eff_mortality,prob_hosp_scaling,prob_death_scaling
2014-15,851,31.6531852754704,0.0015110290256925007,1.0616913829697427e-05,0.0018443264244342172,0.41437398519536983,0.8458952640808084,0.49276557747046562,0.621130818730252,0.54960264550628957,0.54336623605153456,0.5157030182969089,0.60334288761579702,0.80241554003019122,0.59547090122798674,0.80112116340849959,0.97897373698633849,0.12909416075471858,0.29305853471671545,0.0011488058082879671,4.4390433768415338e-05
