year,iter,incidence(millions),beta_H1,beta_H3,beta_B,susceptibility_H1_0,susceptibility_H1_5,susceptibility_H1_25,susceptibility_H1_65,susceptibility_H3_0,susceptibility_H3_5,susceptibility_H3_25,susceptibility_H3_65,susceptibility_B_0,susceptibility_B_5,susceptibility_B_25,susceptibility_B_65,vac_eff_hospitalization,vac_eff_mortality,prob_hosp_scaling,prob_death_scaling
2012-13,244,35.32813053473172,1.1237883334735965e-05,0.0017437273698360234,0.001988653694552811,0.54155741189876183,0.96946790233258995,0.43763033540022217,0.58602605355137127,0.40928906879427596,0.53610763953997909,0.85914008467506608,0.72027536594327823,0.85415419760738298,0.75094342277959225,0.62353861023846935,0.53189045274155189,1e-08,0.1972947699383954,0.00051575821916782782,6.7894486070141369e-05
