year,iter,incidence(millions),beta_H1,beta_H3,beta_B,susceptibility_H1_0,susceptibility_H1_5,susceptibility_H1_25,susceptibility_H1_65,susceptibility_H3_0,susceptibility_H3_5,susceptibility_H3_25,susceptibility_H3_65,susceptibility_B_0,susceptibility_B_5,susceptibility_B_25,susceptibility_B_65,vac_eff_hospitalization,vac_eff_mortality,prob_hosp_scaling,prob_death_scaling
2015-16,785,24.89202963858009,0.0016300731788004841,0.0015692434212311035,0.0018116321392395163,0.88182967599010542,0.72280932200271519,0.87556739668741379,0.59739899080604975,0.96464839235064248,0.50292301939505069,0.96545743604873291,0.44446661830218287,0.8437206821206169,0.89765941439872865,0.52558101945009705,0.40910221955366527,0.78069536742613921,0.92566422730895925,0.0004112474075663175,4.5532518583524251e-05
