year,iter,incidence(millions),beta_H1,beta_H3,beta_B,susceptibility_H1_0,susceptibility_H1_5,susceptibility_H1_25,susceptibility_H1_65,susceptibility_H3_0,susceptibility_H3_5,susceptibility_H3_25,susceptibility_H3_65,susceptibility_B_0,susceptibility_B_5,susceptibility_B_25,susceptibility_B_65,vac_eff_hospitalization,vac_eff_mortality,prob_hosp_scaling,prob_death_scaling
2017-18,618,50.56350987840979,0.0022335797551875092,0.0020820129471446625,0.0017080448047542274,0.85504619637026447,0.48431802055087908,0.66078331242788801,0.88641852003071064,0.75998068427438281,0.60667994242139134,0.54790708061758409,0.77565885715218452,0.9221438370148265,0.83267176600237047,0.56000836816941957,0.9914303944451448,0.09679310009912534,0.69690162219242247,0.00022323293472437111,3.9742245405038901e-05
