year,iter,incidence(millions),beta_H1,beta_H3,beta_B,susceptibility_H1_0,susceptibility_H1_5,susceptibility_H1_25,susceptibility_H1_65,susceptibility_H3_0,susceptibility_H3_5,susceptibility_H3_25,susceptibility_H3_65,susceptibility_B_0,susceptibility_B_5,susceptibility_B_25,susceptibility_B_65,vac_eff_hospitalization,vac_eff_mortality,prob_hosp_scaling,prob_death_scaling
2015-16,217,27.27376163327409,0.0021195593688802528,0.0018531729830364441,0.0021033674709966532,0.4481487342322848,0.85127881008918982,0.69551168407408581,0.7580896088329141,0.52393342534011933,0.82925526209478795,0.58192445327041387,0.80383642287226609,0.57764342715080497,0.73176027336730942,0.82077344688605947,0.67467643770252961,0.24489894253721806,0.29442042844745842,0.00076574264476964027,4.8832331118575656e-05
