year,iter,incidence(millions),beta_H1,beta_H3,beta_B,susceptibility_H1_0,susceptibility_H1_5,susceptibility_H1_25,susceptibility_H1_65,susceptibility_H3_0,susceptibility_H3_5,susceptibility_H3_25,susceptibility_H3_65,susceptibility_B_0,susceptibility_B_5,susceptibility_B_25,susceptibility_B_65,vac_eff_hospitalization,vac_eff_mortality,prob_hosp_scaling,prob_death_scaling
2015-16,750,25.894416180762263,0.0022589543441067228,0.0017965912697571196,0.0019527241612711244,0.6479587367792804,0.47387876539838314,0.79281952390489041,0.44682176767451137,0.51229764261919941,0.84102566170431636,0.85509656467275141,0.69525531302406562,0.82823259217500245,0.76920846900971207,0.70062934463305138,0.87550998723076812,0.7245346586270548,0.77994662725981612,0.00044485810266547965,4.2336133317499858e-05
