year,iter,incidence(millions),beta_H1,beta_H3,beta_B,susceptibility_H1_0,susceptibility_H1_5,susceptibility_H1_25,susceptibility_H1_65,susceptibility_H3_0,susceptibility_H3_5,susceptibility_H3_25,susceptibility_H3_65,susceptibility_B_0,susceptibility_B_5,susceptibility_B_25,susceptibility_B_65,vac_eff_hospitalization,vac_eff_mortality,prob_hosp_scaling,prob_death_scaling
2012-13,89,35.38254901621719,0.0017826017938198935,0.0021735239220945224,0.0018768808325725916,0.95722420483332282,0.58681520935368037,0.41974341233112067,0.72225633347744467,0.4372508949309824,0.57649815958819584,0.68244267128958824,0.51184806874762379,0.64379585013783902,0.78904918193052787,0.74744469224516508,0.43090695517629085,0.055591584189750909,0.31384613521856797,0.00026438184335841886,3.9188777959997534e-05
