year,iter,incidence(millions),beta_H1,beta_H3,beta_B,susceptibility_H1_0,susceptibility_H1_5,susceptibility_H1_25,susceptibility_H1_65,susceptibility_H3_0,susceptibility_H3_5,susceptibility_H3_25,susceptibility_H3_65,susceptibility_B_0,susceptibility_B_5,susceptibility_B_25,susceptibility_B_65,vac_eff_hospitalization,vac_eff_mortality,prob_hosp_scaling,prob_death_scaling
2015-16,826,24.830680495392212,0.0024625257056496985,0.0002178611309232581,0.001973066536946011,0.44194838888270294,0.50506362205069388,0.62285024161022651,0.91654987020075063,0.6621085448657984,0.95517496373976885,0.9970706822643236,0.4548365750900154,0.75043130127303548,0.5324130962108693,0.85549577205625038,0.43202774099796726,0.17783902875891089,0.63111906619333957,0.0012439122287178916,1.6816148818765697e-05
