year,iter,incidence(millions),beta_H1,beta_H3,beta_B,susceptibility_H1_0,susceptibility_H1_5,susceptibility_H1_25,susceptibility_H1_65,susceptibility_H3_0,susceptibility_H3_5,susceptibility_H3_25,susceptibility_H3_65,susceptibility_B_0,susceptibility_B_5,susceptibility_B_25,susceptibility_B_65,vac_eff_hospitalization,vac_eff_mortality,prob_hosp_scaling,prob_death_scaling
2015-16,87,24.61509855424071,0.0013143756490509584,0.0016811018426464708,0.00081973486992215072,0.52340846402813279,0.99979679127630516,0.62845803226506147,0.51876966341268138,0.55666384042541994,0.62706969424241965,0.7416557939956131,0.99221875118197089,0.90036208990341837,0.85316676912995071,0.94128070459451929,0.97518249952626546,0.96508161730517472,0.73816504250237724,0.00048316649472118778,6.3568642795552854e-05
