year,iter,incidence(millions),beta_H1,beta_H3,beta_B,susceptibility_H1_0,susceptibility_H1_5,susceptibility_H1_25,susceptibility_H1_65,susceptibility_H3_0,susceptibility_H3_5,susceptibility_H3_25,susceptibility_H3_65,susceptibility_B_0,susceptibility_B_5,susceptibility_B_25,susceptibility_B_65,vac_eff_hospitalization,vac_eff_mortality,prob_hosp_scaling,prob_death_scaling
2015-16,832,26.689401587358216,0.0025074847426689861,0.001658918622259753,0.0022205652370654305,0.57735005647939497,0.40488581328527173,0.65342155681768777,0.67136534270478121,0.5125127548177244,0.89460423113683363,0.83077510412792122,0.50665755177834015,0.40293420632448024,0.50556727091519449,0.54930737049363132,0.82589450922227414,0.078965852684525106,0.088780740188445784,0.00012269023293365322,2.4673468299596379e-05
