year,iter,incidence(millions),beta_H1,beta_H3,beta_B,susceptibility_H1_0,susceptibility_H1_5,susceptibility_H1_25,susceptibility_H1_65,susceptibility_H3_0,susceptibility_H3_5,susceptibility_H3_25,susceptibility_H3_65,susceptibility_B_0,susceptibility_B_5,susceptibility_B_25,susceptibility_B_65,vac_eff_hospitalization,vac_eff_mortality,prob_hosp_scaling,prob_death_scaling
2014-15,729,29.355208292292332,0.0016631579735562618,0.0017052826478431427,0.0024870859630898856,0.41883039742691663,0.58887843587939226,0.87696736997854352,0.77548814221959994,0.69776378271481254,0.66879883892340697,0.8659751556554488,0.90764191343840617,0.44562617570661228,0.47306473316219672,0.48683825430306621,0.61107982476426659,0.62026557461979492,0.38191536672042187,0.00027922775758554286,0.00010803280347221333
