year,iter,incidence(millions),beta_H1,beta_H3,beta_B,susceptibility_H1_0,susceptibility_H1_5,susceptibility_H1_25,susceptibility_H1_65,susceptibility_H3_0,susceptibility_H3_5,susceptibility_H3_25,susceptibility_H3_65,susceptibility_B_0,susceptibility_B_5,susceptibility_B_25,susceptibility_B_65,vac_eff_hospitalization,vac_eff_mortality,prob_hosp_scaling,prob_death_scaling
2015-16,347,26.290084495816362,0.001636563387495793,0.0019722771388289706,0.0014621684158186432,0.95441160752150356,0.63024002110194044,0.97807295131170158,0.49096046788722852,0.59555063290917709,0.64743394639232599,0.68276952754845244,0.48896204433145846,0.78005794562004183,0.91430914184941903,0.98150605170173666,0.50564274253498176,0.60245547034193514,0.055536852926843794,0.0005200423285019462,3.6859579578496504e-05
