year,iter,incidence(millions),beta_H1,beta_H3,beta_B,susceptibility_H1_0,susceptibility_H1_5,susceptibility_H1_25,susceptibility_H1_65,susceptibility_H3_0,susceptibility_H3_5,susceptibility_H3_25,susceptibility_H3_65,susceptibility_B_0,susceptibility_B_5,susceptibility_B_25,susceptibility_B_65,vac_eff_hospitalization,vac_eff_mortality,prob_hosp_scaling,prob_death_scaling
2015-16,671,25.074258659418213,0.00078331643860696243,0.0014133460499811124,0.0028308357687606978,0.42797236507872916,0.98305459641313886,0.67461863309019743,0.45718923548677881,0.93758349780700834,0.92519125384657386,0.94020783015694298,0.74917143135145381,0.89933159771472171,0.42435068225204664,0.45730381887195981,0.62755635185973413,0.64133555054572655,0.48405512543104579,0.00033263420345114314,3.130131139106318e-05
