year,iter,incidence(millions),beta_H1,beta_H3,beta_B,susceptibility_H1_0,susceptibility_H1_5,susceptibility_H1_25,susceptibility_H1_65,susceptibility_H3_0,susceptibility_H3_5,susceptibility_H3_25,susceptibility_H3_65,susceptibility_B_0,susceptibility_B_5,susceptibility_B_25,susceptibility_B_65,vac_eff_hospitalization,vac_eff_mortality,prob_hosp_scaling,prob_death_scaling
2012-13,230,34.185008276682304,0.0012405085778684488,0.001840311445240328,0.0016047632095201325,0.74481889158975112,0.51177246737566306,0.81871780938661054,0.60992690871505295,0.83885892404215934,0.43453919399700597,0.84294803250078054,0.8988366403315482,0.99803388676242188,0.87084412271103284,0.86828403645778396,0.84683963422256814,0.37000037963346655,0.63050131727679659,0.00013157433972454946,3.8816134015351444e-05
