year,iter,incidence(millions),beta_H1,beta_H3,beta_B,susceptibility_H1_0,susceptibility_H1_5,susceptibility_H1_25,susceptibility_H1_65,susceptibility_H3_0,susceptibility_H3_5,susceptibility_H3_25,susceptibility_H3_65,susceptibility_B_0,susceptibility_B_5,susceptibility_B_25,susceptibility_B_65,vac_eff_hospitalization,vac_eff_mortality,prob_hosp_scaling,prob_death_scaling
2014-15,746,30.82435996999039,0.0013291444766167504,0.0018940919863218442,0.0021128869594613797,0.48462389390702465,0.74734816351626709,0.81522656632563084,0.80586655664069118,0.80836462894847738,0.64771202933834704,0.51467565286788941,0.86671048649275351,0.60097959321696182,0.76098652032540959,0.52206058241057796,0.43775379701987982,0.39059490655547091,0.98340928489158985,0.00036363174510928298,7.3825908562585862e-05
