year,iter,incidence(millions),beta_H1,beta_H3,beta_B,susceptibility_H1_0,susceptibility_H1_5,susceptibility_H1_25,susceptibility_H1_65,susceptibility_H3_0,susceptibility_H3_5,susceptibility_H3_25,susceptibility_H3_65,susceptibility_B_0,susceptibility_B_5,susceptibility_B_25,susceptibility_B_65,vac_eff_hospitalization,vac_eff_mortality,prob_hosp_scaling,prob_death_scaling
2014-15,816,29.94544426650609,0.00080600733755759046,0.0025780506763847244,0.0015739724680077782,0.71363418613902396,0.79926929533475477,0.68042251128495879,0.93856011823224128,0.70098371116156599,0.44682802003855804,0.42258217053211022,0.66231341548433909,0.75041349234938948,0.80726714165680724,0.9928725205697202,0.41326794263472999,0.39187561769765755,0.65811157370665652,0.00048587347662587543,5.9762643766725354e-05
