year,iter,incidence(millions),beta_H1,beta_H3,beta_B,susceptibility_H1_0,susceptibility_H1_5,susceptibility_H1_25,susceptibility_H1_65,susceptibility_H3_0,susceptibility_H3_5,susceptibility_H3_25,susceptibility_H3_65,susceptibility_B_0,susceptibility_B_5,susceptibility_B_25,susceptibility_B_65,vac_eff_hospitalization,vac_eff_mortality,prob_hosp_scaling,prob_death_scaling
2015-16,221,24.726473322472494,0.0015531544467202174,0.0018967765503036249,0.0022970583665745115,0.80953588923265363,0.87198724108991987,0.99717413040736069,0.94587114775335601,0.41022593531658325,0.92057743307472428,0.47128370387922985,0.48116201299562883,0.86289973370325557,0.44330197716144815,0.74660590389423609,0.45551394744500867,0.23807618977093797,0.41637663514346268,0.00040104810213986708,3.5517389612937933e-05
