year,iter,incidence(millions),beta_H1,beta_H3,beta_B,susceptibility_H1_0,susceptibility_H1_5,susceptibility_H1_25,susceptibility_H1_65,susceptibility_H3_0,susceptibility_H3_5,susceptibility_H3_25,susceptibility_H3_65,susceptibility_B_0,susceptibility_B_5,susceptibility_B_25,susceptibility_B_65,vac_eff_hospitalization,vac_eff_mortality,prob_hosp_scaling,prob_death_scaling
2015-16,667,26.99856585546785,0.0025672034242594788,0.0023083175279163259,0.0022789500983063093,0.51037135751142071,0.50643462884610591,0.60315265185278921,0.46003100624619586,0.47213689283233085,0.42710450076063355,0.76466045163941865,0.70174547728318371,0.93527132199246021,0.7100085983728982,0.4775865271811563,0.66153813126260097,0.49887068622693653,0.40535257292037635,0.00050036537939202042,3.8263594119070099e-05
