year,iter,incidence(millions),beta_H1,beta_H3,beta_B,susceptibility_H1_0,susceptibility_H1_5,susceptibility_H1_25,susceptibility_H1_65,susceptibility_H3_0,susceptibility_H3_5,susceptibility_H3_25,susceptibility_H3_65,susceptibility_B_0,susceptibility_B_5,susceptibility_B_25,susceptibility_B_65,vac_eff_hospitalization,vac_eff_mortality,prob_hosp_scaling,prob_death_scaling
2017-18,617,49.347347014578126,0.0022632324607013699,0.0024579840655580276,0.0021542055856815789,0.58471892176719031,0.63900677383377802,0.62977428337971852,0.8191120398742463,0.77527887414038843,0.41593278856587051,0.57484020667508828,0.78159210581578975,0.40119474069800443,0.71600802607674097,0.5019611883738071,0.93533529390351977,0.062998154508739523,0.92639962245668817,0.00020979883812333178,5.3073330677999575e-05
