year,iter,incidence(millions),beta_H1,beta_H3,beta_B,susceptibility_H1_0,susceptibility_H1_5,susceptibility_H1_25,susceptibility_H1_65,susceptibility_H3_0,susceptibility_H3_5,susceptibility_H3_25,susceptibility_H3_65,susceptibility_B_0,susceptibility_B_5,susceptibility_B_25,susceptibility_B_65,vac_eff_hospitalization,vac_eff_mortality,prob_hosp_scaling,prob_death_scaling
2015-16,538,24.568061945031502,0.0022510637327381455,0.0022889680447030214,0.0019188639368040161,0.76612064985960449,0.49511132964022997,0.76182579754500623,0.78604299672692601,0.48598731497275599,0.46708074701518132,0.73828837053089769,0.62236120576515019,0.96451557631797158,0.42634835534927334,0.48197894554009557,0.55691644546024976,0.65042442643952247,0.26196530430023363,0.00022652606074552439,4.1614302086767641e-05
