year,iter,incidence(millions),beta_H1,beta_H3,beta_B,susceptibility_H1_0,susceptibility_H1_5,susceptibility_H1_25,susceptibility_H1_65,susceptibility_H3_0,susceptibility_H3_5,susceptibility_H3_25,susceptibility_H3_65,susceptibility_B_0,susceptibility_B_5,susceptibility_B_25,susceptibility_B_65,vac_eff_hospitalization,vac_eff_mortality,prob_hosp_scaling,prob_death_scaling
2014-15,94,30.708652408328284,0.0012140701299368506,0.0014768356420669648,0.0018452458693417606,0.83249988292234955,0.97713305784450399,0.97465699818867313,0.76606216092210166,0.57547273524019193,0.89042243129139798,0.9282717763776509,0.48275457806896632,0.41877988436474356,0.98754589517411073,0.54219126849856503,0.87678197132480384,0.25610995105999951,0.43889303563154786,0.0010984801172825298,7.4872891699162558e-05
