year,iter,incidence(millions),beta_H1,beta_H3,beta_B,susceptibility_H1_0,susceptibility_H1_5,susceptibility_H1_25,susceptibility_H1_65,susceptibility_H3_0,susceptibility_H3_5,susceptibility_H3_25,susceptibility_H3_65,susceptibility_B_0,susceptibility_B_5,susceptibility_B_25,susceptibility_B_65,vac_eff_hospitalization,vac_eff_mortality,prob_hosp_scaling,prob_death_scaling
2015-16,790,26.65638752964115,0.0019293314569815978,0.0021023676667240587,0.0018158636343091339,0.51565165743722607,0.78083577120318637,0.79794439003088335,0.86466394005335423,0.67122007975274545,0.7892266683897784,0.51468854847247125,0.77860498687566304,0.96565748213828795,0.92385268138627263,0.58870619091533738,0.94468339968712245,0.61831941881052421,0.76140390076930364,0.00038325155220436669,7.7261241837711658e-05
