year,iter,incidence(millions),beta_H1,beta_H3,beta_B,susceptibility_H1_0,susceptibility_H1_5,susceptibility_H1_25,susceptibility_H1_65,susceptibility_H3_0,susceptibility_H3_5,susceptibility_H3_25,susceptibility_H3_65,susceptibility_B_0,susceptibility_B_5,susceptibility_B_25,susceptibility_B_65,vac_eff_hospitalization,vac_eff_mortality,prob_hosp_scaling,prob_death_scaling
2015-16,780,24.932996021327178,0.0026072338081251645,0.0019354424026913897,0.0020299555569202044,0.77988024107003961,0.52432953972249186,0.56147303733366094,0.76618945782805103,0.95142729195898224,0.59287042901190501,0.78317882428469576,0.63457270575323133,0.52435665757264038,0.86470900531399253,0.70188314684511766,0.81072825965235018,0.099444122258064316,0.23849799197192251,0.00048590635568779295,2.9213098414027083e-05
