year,iter,incidence(millions),beta_H1,beta_H3,beta_B,susceptibility_H1_0,susceptibility_H1_5,susceptibility_H1_25,susceptibility_H1_65,susceptibility_H3_0,susceptibility_H3_5,susceptibility_H3_25,susceptibility_H3_65,susceptibility_B_0,susceptibility_B_5,susceptibility_B_25,susceptibility_B_65,vac_eff_hospitalization,vac_eff_mortality,prob_hosp_scaling,prob_death_scaling
2012-13,231,33.03975482444877,0.0018801352307147301,0.0020180776990799676,0.002500059323198689,0.71413770021057177,0.8263726908362331,0.45162594838567588,0.5829796997629294,0.67717631591823957,0.81828763731938814,0.64290385240562598,0.54104656351531388,0.79935080334437902,0.74828237128068853,0.58191155869905709,0.73884893090764558,0.34866969183676977,0.32889941557513425,0.00049841671991218695,1e-08
2012-13,232,36.57959423757099,0.0013967752016381674,0.0016217470489765518,0.0024647095909606787,0.94924823384363965,0.46576497050878451,0.90271605183235093,0.99175167033473466,0.45836576175457872,0.83285589287494899,0.56892900571294225,0.6128452975656804,0.78385137692829865,0.60690466021897238,0.4585212062829348,0.74040176314002792,0.16405123709455899,0.4949264337649526,0.0005719487886098884,6.9095554669329484e-05
2012-13,233,34.766160561489116,0.0016827993766083682,0.0016910603418350822,0.00165589245533726,0.66457797006710684,0.61393963798013096,0.62878091493769173,0.99225218985345287,0.63646885295839817,0.60038502365780499,0.94288190545009165,0.56394707130502664,0.95283048951682647,0.77007305804413972,0.95729455556083931,0.45673393598217921,0.85778870954689923,0.94090914462437469,0.00061410088052044065,0.00011444059021314956
2012-13,234,36.74640321726323,0.0018644552764388034,0.0022736710838599516,0.002131073718111276,0.78533652199292359,0.52743535784447304,0.42172843713203728,0.53028971934395952,0.98636342910772212,0.53058432249099396,0.46725480485979048,0.90829707719073915,0.72654462396665664,0.74434271471164082,0.51331013573289441,0.41873205632852556,0.071203485094162799,0.31747004743709883,0.0002110094627025827,2.8901255663182912e-05
2012-13,235,34.932402927374504,0.0012491337899463995,0.0021529693872798794,0.0019946088760308678,0.49778934788048423,0.91083847421333997,0.96237574234333578,0.95811577095093148,0.48123203906926598,0.47066984225334896,0.78515640382328566,0.8948855842199519,0.90982940480525665,0.84115867311676451,0.59566567307321716,0.84025255252093278,0.95888390080492125,0.95864312914785788,0.00041175859677439197,6.9723910018248958e-05
