year,iter,incidence(millions),beta_H1,beta_H3,beta_B,susceptibility_H1_0,susceptibility_H1_5,susceptibility_H1_25,susceptibility_H1_65,susceptibility_H3_0,susceptibility_H3_5,susceptibility_H3_25,susceptibility_H3_65,susceptibility_B_0,susceptibility_B_5,susceptibility_B_25,susceptibility_B_65,vac_eff_hospitalization,vac_eff_mortality,prob_hosp_scaling,prob_death_scaling
2012-13,295,33.716323423262466,0.001470903525551015,0.0025544998716028333,0.0027776949814537488,0.90006458674367074,0.53873990834973096,0.9290572928112264,0.59235916188239668,0.63051046536959721,0.51450506461963041,0.49615128378751844,0.81653996032959353,0.8076367148975635,0.58625558370067909,0.40123276516158457,0.93504831659182064,0.47863169839793329,0.23570950124038254,0.00027643332303456392,2.7477299282541168e-05
