year,iter,incidence(millions),beta_H1,beta_H3,beta_B,susceptibility_H1_0,susceptibility_H1_5,susceptibility_H1_25,susceptibility_H1_65,susceptibility_H3_0,susceptibility_H3_5,susceptibility_H3_25,susceptibility_H3_65,susceptibility_B_0,susceptibility_B_5,susceptibility_B_25,susceptibility_B_65,vac_eff_hospitalization,vac_eff_mortality,prob_hosp_scaling,prob_death_scaling
2014-15,665,30.5985642448776,0.0010526420436277051,0.0019402743513413645,0.0026032765553060666,0.94844280152943528,0.67563834353172392,0.51894611222930564,0.44918188027367267,0.87454273422922935,0.6113618222437246,0.69886390470859161,0.96113826355881871,0.83871286298033987,0.54633668209640063,0.62413263851272438,0.60575663007588121,0.51092889339292635,0.37044846694132577,0.0002788797954619282,8.8458486047826579e-05
