year,iter,incidence(millions),beta_H1,beta_H3,beta_B,susceptibility_H1_0,susceptibility_H1_5,susceptibility_H1_25,susceptibility_H1_65,susceptibility_H3_0,susceptibility_H3_5,susceptibility_H3_25,susceptibility_H3_65,susceptibility_B_0,susceptibility_B_5,susceptibility_B_25,susceptibility_B_65,vac_eff_hospitalization,vac_eff_mortality,prob_hosp_scaling,prob_death_scaling
2014-15,664,32.327437531001195,0.0011310629792501414,0.0014142701643524158,0.002249847503759228,0.56462477658210086,0.89505449195187581,0.81649936199724982,0.84326879631279217,0.83555773571080927,0.93766585251035861,0.76668772496644499,0.55153843271143588,0.72128811643819091,0.75806727389567952,0.55237324438280522,0.44423952919600795,0.00060039644265635905,0.12749679257427049,0.00031862615899785895,0.00010675281772914991
