year,iter,incidence(millions),beta_H1,beta_H3,beta_B,susceptibility_H1_0,susceptibility_H1_5,susceptibility_H1_25,susceptibility_H1_65,susceptibility_H3_0,susceptibility_H3_5,susceptibility_H3_25,susceptibility_H3_65,susceptibility_B_0,susceptibility_B_5,susceptibility_B_25,susceptibility_B_65,vac_eff_hospitalization,vac_eff_mortality,prob_hosp_scaling,prob_death_scaling
2015-16,663,25.983819266248897,0.0015371821805958974,0.0023643057126701561,0.00091703681098120882,0.45682470465554348,0.80185147631057418,0.5181995956110268,0.67442906863014351,0.48811804974569756,0.78956705213266143,0.53791395804248232,0.77503752480555921,0.45751513128499732,0.4711675859441809,0.61866539292038003,0.81880799586618491,0.75024447355699098,0.55231293519074964,0.00028981099303826419,4.40754462420756e-05
