year,iter,incidence(millions),beta_H1,beta_H3,beta_B,susceptibility_H1_0,susceptibility_H1_5,susceptibility_H1_25,susceptibility_H1_65,susceptibility_H3_0,susceptibility_H3_5,susceptibility_H3_25,susceptibility_H3_65,susceptibility_B_0,susceptibility_B_5,susceptibility_B_25,susceptibility_B_65,vac_eff_hospitalization,vac_eff_mortality,prob_hosp_scaling,prob_death_scaling
2012-13,251,36.92962590022853,0.0020571392780359687,0.002048261820674524,0.0021014043677985983,0.58951044890895532,0.57250677179695397,0.56043075463441672,0.94079161418207224,0.52275109665291009,0.63820792191366227,0.75967354022595412,0.82457024903509213,0.52530995246001033,0.93092338058265645,0.50411219684765207,0.74977553730590407,0.44048563334478863,0.56086379885187887,0.00034084493647595915,3.3517374071756478e-05
