year,iter,incidence(millions),beta_H1,beta_H3,beta_B,susceptibility_H1_0,susceptibility_H1_5,susceptibility_H1_25,susceptibility_H1_65,susceptibility_H3_0,susceptibility_H3_5,susceptibility_H3_25,susceptibility_H3_65,susceptibility_B_0,susceptibility_B_5,susceptibility_B_25,susceptibility_B_65,vac_eff_hospitalization,vac_eff_mortality,prob_hosp_scaling,prob_death_scaling
2012-13,998,33.838310790181396,0.0018269505167381461,0.0016421257066069894,0.0020840622687900434,0.94107237356098605,0.59674068742683994,0.44610906949334972,0.72798831282752852,0.90283433837015825,0.61632763914042199,0.95921110476971416,0.69453288844855243,0.45954670291950372,0.43363954091511769,0.94962567896399741,0.75914650229344693,0.56692836648978062,0.50624240337604498,0.00053204824387864669,4.1428097196039015e-05
