year,iter,incidence(millions),beta_H1,beta_H3,beta_B,susceptibility_H1_0,susceptibility_H1_5,susceptibility_H1_25,susceptibility_H1_65,susceptibility_H3_0,susceptibility_H3_5,susceptibility_H3_25,susceptibility_H3_65,susceptibility_B_0,susceptibility_B_5,susceptibility_B_25,susceptibility_B_65,vac_eff_hospitalization,vac_eff_mortality,prob_hosp_scaling,prob_death_scaling
2014-15,995,31.92146956840206,0.0017101949109268322,0.001512991098773786,0.0016576749236536514,0.60709685239289379,0.4184220157500444,0.83724825570280603,0.62399010440969604,0.94163667637954873,0.79824134209906217,0.73094263931156311,0.63527113077543662,0.58949046181291609,0.95807711853036004,0.69049322017807946,0.82267979672949687,0.27399122607529314,0.8151613410246441,0.00058761326359119126,6.1391635543639467e-05
