year,iter,incidence(millions),beta_H1,beta_H3,beta_B,susceptibility_H1_0,susceptibility_H1_5,susceptibility_H1_25,susceptibility_H1_65,susceptibility_H3_0,susceptibility_H3_5,susceptibility_H3_25,susceptibility_H3_65,susceptibility_B_0,susceptibility_B_5,susceptibility_B_25,susceptibility_B_65,vac_eff_hospitalization,vac_eff_mortality,prob_hosp_scaling,prob_death_scaling
2014-15,819,30.944842166872043,0.0015884644432536676,0.0017576332520483628,0.0025491343063854255,0.85227491833202162,0.8623517961251157,0.40426165253475965,0.92357472935916907,0.98313940899010399,0.7042613632889605,0.74492342386662536,0.97120491952414734,0.53615826547260925,0.64657935789799548,0.55274258839587953,0.73677725206207956,0.56717324790877788,0.29183167779590136,0.0002680525432308678,7.9976349652122192e-05
