year,iter,incidence(millions),beta_H1,beta_H3,beta_B,susceptibility_H1_0,susceptibility_H1_5,susceptibility_H1_25,susceptibility_H1_65,susceptibility_H3_0,susceptibility_H3_5,susceptibility_H3_25,susceptibility_H3_65,susceptibility_B_0,susceptibility_B_5,susceptibility_B_25,susceptibility_B_65,vac_eff_hospitalization,vac_eff_mortality,prob_hosp_scaling,prob_death_scaling
2012-13,93,37.65556911493557,0.00031446011288538411,0.0016785024282054417,0.0024527676081497751,0.43958008538240989,0.42323425856846464,0.94174509311652166,0.81005049496730064,0.97151215348846132,0.84426791873997731,0.83446043622299026,0.76544780918690503,0.81583991875981199,0.62786700905598181,0.65223647979104538,0.84148129722863496,0.50606031916979788,0.79731329364071413,0.00070828171893622116,4.9482903944131351e-05
