year,iter,incidence(millions),beta_H1,beta_H3,beta_B,susceptibility_H1_0,susceptibility_H1_5,susceptibility_H1_25,susceptibility_H1_65,susceptibility_H3_0,susceptibility_H3_5,susceptibility_H3_25,susceptibility_H3_65,susceptibility_B_0,susceptibility_B_5,susceptibility_B_25,susceptibility_B_65,vac_eff_hospitalization,vac_eff_mortality,prob_hosp_scaling,prob_death_scaling
2015-16,672,24.91080679142719,0.002940797377625981,0.0022251355885866131,0.0019960230048426952,0.62333264839582525,0.55355555400669842,0.47758882242067835,0.61419267482921325,0.76557564176199122,0.45804360031258667,0.70858052103023106,0.89902321035446975,0.71259431306023591,0.75176907965246897,0.80646977876480186,0.87116500894411431,0.77372326239629341,0.47958521035955054,0.00018805298316804109,2.9864732557449702e-05
