year,iter,incidence(millions),beta_H1,beta_H3,beta_B,susceptibility_H1_0,susceptibility_H1_5,susceptibility_H1_25,susceptibility_H1_65,susceptibility_H3_0,susceptibility_H3_5,susceptibility_H3_25,susceptibility_H3_65,susceptibility_B_0,susceptibility_B_5,susceptibility_B_25,susceptibility_B_65,vac_eff_hospitalization,vac_eff_mortality,prob_hosp_scaling,prob_death_scaling
2015-16,802,26.987726586569877,0.0016143169756529518,0.0021371174605143706,0.0018210916696265178,0.70583382363217551,0.83044997203071458,0.97203054845733416,0.83161185040977526,0.62015342354686886,0.82019075191421587,0.46009435433567741,0.8667521941396461,0.95777866756279328,0.42048571489879372,0.99870837416298763,0.42603022031666804,0.087724268105825898,0.52777712570628255,0.00016773617471355085,4.5644865543204016e-05
