year,iter,incidence(millions),beta_H1,beta_H3,beta_B,susceptibility_H1_0,susceptibility_H1_5,susceptibility_H1_25,susceptibility_H1_65,susceptibility_H3_0,susceptibility_H3_5,susceptibility_H3_25,susceptibility_H3_65,susceptibility_B_0,susceptibility_B_5,susceptibility_B_25,susceptibility_B_65,vac_eff_hospitalization,vac_eff_mortality,prob_hosp_scaling,prob_death_scaling
2012-13,252,37.38169172487364,1.0009140804401184e-05,0.001942203940938414,0.0015830322195395929,0.41258335589979367,0.46118111559288494,0.88498006669232576,0.88807155273813576,0.93749609248285692,0.63125950476241699,0.55408213617649116,0.55082940188933138,0.55998788855349069,0.76295869250377102,0.95080331925494688,0.7071883166276276,0.93694204862154395,0.28578710989796563,0.0011577399140097477,4.7146075845383439e-05
