year,iter,incidence(millions),beta_H1,beta_H3,beta_B,susceptibility_H1_0,susceptibility_H1_5,susceptibility_H1_25,susceptibility_H1_65,susceptibility_H3_0,susceptibility_H3_5,susceptibility_H3_25,susceptibility_H3_65,susceptibility_B_0,susceptibility_B_5,susceptibility_B_25,susceptibility_B_65,vac_eff_hospitalization,vac_eff_mortality,prob_hosp_scaling,prob_death_scaling
2015-16,332,26.38385276529978,0.0022439667857916956,0.0027236214549589688,0.0016459036802365934,0.81369065109475036,0.61796106574213849,0.57378585924794279,0.95856890358805324,0.81088537031577168,0.44675260208279111,0.45335551658982964,0.56859900682651554,0.4477308684313982,0.44809187675070794,0.68180453371341854,0.95686445871305736,0.85722004905916505,0.364855932613392,0.00012989996897211364,5.3471942756844193e-05
