year,iter,incidence(millions),beta_H1,beta_H3,beta_B,susceptibility_H1_0,susceptibility_H1_5,susceptibility_H1_25,susceptibility_H1_65,susceptibility_H3_0,susceptibility_H3_5,susceptibility_H3_25,susceptibility_H3_65,susceptibility_B_0,susceptibility_B_5,susceptibility_B_25,susceptibility_B_65,vac_eff_hospitalization,vac_eff_mortality,prob_hosp_scaling,prob_death_scaling
2014-15,673,30.071431015829255,0.0013371140832603157,0.0022977100943603612,0.0021238973541510831,0.45219953125048162,0.93811328837856967,0.52097964701965527,0.61392765151077622,0.65381488161735357,0.58597563427671151,0.42156757457956617,0.52300866424647696,0.66204007184011093,0.47538850365657875,0.76774565530089722,0.53164519768182661,0.3192049248815097,0.66590758765407188,0.00041217460302711562,7.9086029066310903e-05
