year,iter,incidence(millions),beta_H1,beta_H3,beta_B,susceptibility_H1_0,susceptibility_H1_5,susceptibility_H1_25,susceptibility_H1_65,susceptibility_H3_0,susceptibility_H3_5,susceptibility_H3_25,susceptibility_H3_65,susceptibility_B_0,susceptibility_B_5,susceptibility_B_25,susceptibility_B_65,vac_eff_hospitalization,vac_eff_mortality,prob_hosp_scaling,prob_death_scaling
2014-15,733,31.49940795955393,0.0014470237137470532,0.0018036925214904853,0.0021138478198851618,0.52764627579500922,0.79616191278005422,0.71436487301905149,0.7431210362922811,0.79186006228656103,0.63884425210375939,0.69684453679167213,0.86190293522779804,0.67758245112635607,0.80904247301164622,0.5715728498030177,0.79805778614684231,0.80279374550356808,0.25634054216477664,0.00039141216826205083,3.8376832447672982e-05
