year,iter,incidence(millions),beta_H1,beta_H3,beta_B,susceptibility_H1_0,susceptibility_H1_5,susceptibility_H1_25,susceptibility_H1_65,susceptibility_H3_0,susceptibility_H3_5,susceptibility_H3_25,susceptibility_H3_65,susceptibility_B_0,susceptibility_B_5,susceptibility_B_25,susceptibility_B_65,vac_eff_hospitalization,vac_eff_mortality,prob_hosp_scaling,prob_death_scaling
2012-13,691,35.72065109637614,0.0016196180281906614,0.0018107578912142097,0.0019183711538817705,0.55588767940661143,0.55784637774638257,0.73308172875333832,0.8779282949626005,0.46533834450639833,0.70772652465884534,0.68740831878626341,0.70901161150834913,0.93278596578895645,0.71469077950544579,0.53758408577585515,0.43134351196218113,0.63736393979660133,0.43846070938051357,0.00033952032007456001,4.191645760998064e-05
