year,iter,incidence(millions),beta_H1,beta_H3,beta_B,susceptibility_H1_0,susceptibility_H1_5,susceptibility_H1_25,susceptibility_H1_65,susceptibility_H3_0,susceptibility_H3_5,susceptibility_H3_25,susceptibility_H3_65,susceptibility_B_0,susceptibility_B_5,susceptibility_B_25,susceptibility_B_65,vac_eff_hospitalization,vac_eff_mortality,prob_hosp_scaling,prob_death_scaling
2012-13,243,35.03774245487415,0.0011766119664544106,0.0014115275733724841,0.0014440781651939294,0.73446783270590577,0.8104060151744733,0.95123059975782387,0.65113600623924972,0.4157861489757872,0.99684122847724432,0.63836035687658099,0.8053063605717965,0.61033855586756758,0.98579049430912735,0.91707912104901512,0.41286248968881656,0.087606369775214299,0.5401970517565885,0.00030119369955206032,4.1908865918538485e-05
