year,iter,incidence(millions),beta_H1,beta_H3,beta_B,susceptibility_H1_0,susceptibility_H1_5,susceptibility_H1_25,susceptibility_H1_65,susceptibility_H3_0,susceptibility_H3_5,susceptibility_H3_25,susceptibility_H3_65,susceptibility_B_0,susceptibility_B_5,susceptibility_B_25,susceptibility_B_65,vac_eff_hospitalization,vac_eff_mortality,prob_hosp_scaling,prob_death_scaling
2015-16,75,27.167397067274166,0.0015107965903006226,0.0017776517633729116,0.0015761669380615073,0.50773781195992507,0.87912905581499345,0.96729959455580095,0.49285676279339213,0.52441602881466354,0.51481224221632549,0.40465752353272122,0.7435402874804492,0.44798042947985767,0.64084432182324758,0.79399447969226922,0.53518523261084849,0.011748306243985096,0.47265298211939849,0.0005204612579067236,6.1627507355555e-05
