year,iter,incidence(millions),beta_H1,beta_H3,beta_B,susceptibility_H1_0,susceptibility_H1_5,susceptibility_H1_25,susceptibility_H1_65,susceptibility_H3_0,susceptibility_H3_5,susceptibility_H3_25,susceptibility_H3_65,susceptibility_B_0,susceptibility_B_5,susceptibility_B_25,susceptibility_B_65,vac_eff_hospitalization,vac_eff_mortality,prob_hosp_scaling,prob_death_scaling
2015-16,820,25.422509579446935,0.0018429131458024828,0.0025669097367803095,0.00096142401316695603,0.81525853007789895,0.60791568588881628,0.85065424129351497,0.90592112417366832,0.52266060220204313,0.52470830053547401,0.53556115870268062,0.57790810508317803,0.92331304778483947,0.93787003102336919,0.7759629020095915,0.77254973681139139,0.43841258276761708,0.32763902506163639,0.00015915997548332506,2.1534309525339523e-05
