year,iter,incidence(millions),beta_H1,beta_H3,beta_B,susceptibility_H1_0,susceptibility_H1_5,susceptibility_H1_25,susceptibility_H1_65,susceptibility_H3_0,susceptibility_H3_5,susceptibility_H3_25,susceptibility_H3_65,susceptibility_B_0,susceptibility_B_5,susceptibility_B_25,susceptibility_B_65,vac_eff_hospitalization,vac_eff_mortality,prob_hosp_scaling,prob_death_scaling
2015-16,223,24.734324080162363,0.0021860561607525142,0.0015677945181556963,0.0018298226733537426,0.60868347307606463,0.40524907971076957,0.65743289390063309,0.92366332891054848,0.70553387162832659,0.98959208088933903,0.54631709120132177,0.63990589549093158,0.50583553033639927,0.6459814368572232,0.78708944041452178,0.43664758518446412,0.88507081985267799,0.649905822417845,0.00034781635314962145,3.0784188483345964e-05
