year,iter,incidence(millions),beta_H1,beta_H3,beta_B,susceptibility_H1_0,susceptibility_H1_5,susceptibility_H1_25,susceptibility_H1_65,susceptibility_H3_0,susceptibility_H3_5,susceptibility_H3_25,susceptibility_H3_65,susceptibility_B_0,susceptibility_B_5,susceptibility_B_25,susceptibility_B_65,vac_eff_hospitalization,vac_eff_mortality,prob_hosp_scaling,prob_death_scaling
2014-15,95,30.896418560666085,0.0016155873446702107,0.0014152529617484921,0.0024980039999613624,0.69859767650257443,0.56890094888733356,0.74949253484232259,0.54097946807150854,0.90053007896385251,0.93761893782867378,0.77367039109026825,0.9222803141757534,0.81308201823301651,0.42042688813621548,0.54078557765442392,0.81379615451226694,0.77456539047557471,0.29298599469696629,0.00064885154714222626,3.6131887326873446e-05
