year,iter,incidence(millions),beta_H1,beta_H3,beta_B,susceptibility_H1_0,susceptibility_H1_5,susceptibility_H1_25,susceptibility_H1_65,susceptibility_H3_0,susceptibility_H3_5,susceptibility_H3_25,susceptibility_H3_65,susceptibility_B_0,susceptibility_B_5,susceptibility_B_25,susceptibility_B_65,vac_eff_hospitalization,vac_eff_mortality,prob_hosp_scaling,prob_death_scaling
2015-16,836,25.17589864365572,0.0023197301942897153,0.0014295519973192006,0.0017390119867238818,0.65170353206865128,0.67135621690078873,0.5582599278110687,0.50766048183542123,0.97644825230240384,0.77735572510022211,0.97001195294669007,0.94584410214507475,0.43551758608124352,0.77099504232596616,0.9119837796575696,0.41932339287739318,0.35722205872636714,0.52446086117960045,0.00032576498421110767,6.1695393986871405e-05
