year,iter,incidence(millions),beta_H1,beta_H3,beta_B,susceptibility_H1_0,susceptibility_H1_5,susceptibility_H1_25,susceptibility_H1_65,susceptibility_H3_0,susceptibility_H3_5,susceptibility_H3_25,susceptibility_H3_65,susceptibility_B_0,susceptibility_B_5,susceptibility_B_25,susceptibility_B_65,vac_eff_hospitalization,vac_eff_mortality,prob_hosp_scaling,prob_death_scaling
2014-15,62,31.777519851037113,0.0020916832705745181,0.0017116151983379568,0.0028934220550788092,0.90435735246582705,0.54008881753635762,0.41834534545977964,0.9909479511513255,0.64017218993952318,0.79554995179365995,0.65860620703346118,0.77575260303878224,0.47691238160826832,0.60117483877639477,0.42211019626158841,0.53508323873761621,0.44877176934131979,0.3377536743571144,0.00025319859010408674,5.1206477692133934e-05
