year,iter,incidence(millions),beta_H1,beta_H3,beta_B,susceptibility_H1_0,susceptibility_H1_5,susceptibility_H1_25,susceptibility_H1_65,susceptibility_H3_0,susceptibility_H3_5,susceptibility_H3_25,susceptibility_H3_65,susceptibility_B_0,susceptibility_B_5,susceptibility_B_25,susceptibility_B_65,vac_eff_hospitalization,vac_eff_mortality,prob_hosp_scaling,prob_death_scaling
2014-15,59,29.721701130292608,0.0016059565068005099,0.0015281390462779654,0.0016458648746655591,0.90828271577692932,0.43261454518816367,0.72649468950634244,0.99246882133725456,0.99055251284026857,0.82976608799321627,0.59486732571944512,0.77151554008673728,0.70335588352044498,0.85657422027584618,0.82937008352735364,0.5634514462349034,0.98503725345694726,0.37647988604587446,0.00061995260938108032,6.141556707978113e-05
