year,iter,incidence(millions),beta_H1,beta_H3,beta_B,susceptibility_H1_0,susceptibility_H1_5,susceptibility_H1_25,susceptibility_H1_65,susceptibility_H3_0,susceptibility_H3_5,susceptibility_H3_25,susceptibility_H3_65,susceptibility_B_0,susceptibility_B_5,susceptibility_B_25,susceptibility_B_65,vac_eff_hospitalization,vac_eff_mortality,prob_hosp_scaling,prob_death_scaling
2015-16,776,24.40879120227433,0.0017785893977692036,0.0025089848758937938,0.0023139852897488544,0.75912583330932915,0.94542367887501644,0.74262489691684097,0.83298595891305083,0.59837910337064404,0.51980822080592115,0.53211567033528007,0.61468322160769384,0.75612660634042883,0.74143639317164323,0.44606983196258332,0.90276111190387998,0.99379408483984943,0.55365622773497569,0.00042111115676579658,3.7723050875959618e-05
