year,iter,incidence(millions),beta_H1,beta_H3,beta_B,susceptibility_H1_0,susceptibility_H1_5,susceptibility_H1_25,susceptibility_H1_65,susceptibility_H3_0,susceptibility_H3_5,susceptibility_H3_25,susceptibility_H3_65,susceptibility_B_0,susceptibility_B_5,susceptibility_B_25,susceptibility_B_65,vac_eff_hospitalization,vac_eff_mortality,prob_hosp_scaling,prob_death_scaling
2015-16,815,25.27977256865499,0.0017109324205331622,0.0020756188957297139,0.0021468209923243275,0.69609640516427485,0.89081872587384492,0.76030365770827191,0.88272670243096651,0.48634732567062927,0.74380733233605945,0.6190680903958552,0.75167872489058274,0.98232485113364598,0.553617159847971,0.70168830322332254,0.78069232038964387,0.4792189788497801,0.50067648846114809,0.00063268207660943654,3.8125420287915546e-05
