year,iter,incidence(millions),beta_H1,beta_H3,beta_B,susceptibility_H1_0,susceptibility_H1_5,susceptibility_H1_25,susceptibility_H1_65,susceptibility_H3_0,susceptibility_H3_5,susceptibility_H3_25,susceptibility_H3_65,susceptibility_B_0,susceptibility_B_5,susceptibility_B_25,susceptibility_B_65,vac_eff_hospitalization,vac_eff_mortality,prob_hosp_scaling,prob_death_scaling
2014-15,808,30.425359419556013,1.0602667961878698e-05,1.1681277272468371e-05,0.0019341016986765269,0.54835307901405661,0.49450942771113909,0.8235456475768983,0.4322525574097999,0.71457098827663545,0.53278102195457011,0.76911389471816849,0.43730668626035146,0.74137089543030699,0.70067886372466837,0.85577343617819113,0.72545906411396688,0.39194013646871695,0.17921146761766671,0.0012267315903308762,8.8900269969716117e-05
