year,iter,incidence(millions),beta_H1,beta_H3,beta_B,susceptibility_H1_0,susceptibility_H1_5,susceptibility_H1_25,susceptibility_H1_65,susceptibility_H3_0,susceptibility_H3_5,susceptibility_H3_25,susceptibility_H3_65,susceptibility_B_0,susceptibility_B_5,susceptibility_B_25,susceptibility_B_65,vac_eff_hospitalization,vac_eff_mortality,prob_hosp_scaling,prob_death_scaling
2014-15,754,29.990224750564753,0.0015659665940746526,0.0015647749408821965,0.0020065952619962024,0.40627219161993094,0.56567700119725239,0.90688700139630063,0.92630282875009484,0.67692587234351742,0.93295752237731666,0.5712460550643258,0.46559194065023873,0.90227278068006811,0.66568485747995432,0.75078498152578499,0.44006961495171593,0.51780223300972739,0.81084318285922807,0.00084067153015160434,0.00018141064254934003
