year,iter,incidence(millions),beta_H1,beta_H3,beta_B,susceptibility_H1_0,susceptibility_H1_5,susceptibility_H1_25,susceptibility_H1_65,susceptibility_H3_0,susceptibility_H3_5,susceptibility_H3_25,susceptibility_H3_65,susceptibility_B_0,susceptibility_B_5,susceptibility_B_25,susceptibility_B_65,vac_eff_hospitalization,vac_eff_mortality,prob_hosp_scaling,prob_death_scaling
2014-15,683,30.132720551714012,0.0017840812165592634,0.0014915082841517324,0.0016428408473121991,0.98230050544009317,0.63819331832704629,0.45274140476142383,0.50661498960593776,0.94721387514571997,0.83100128907593984,0.7421416226851385,0.55798135628810097,0.85099247831815628,0.71339027531608556,0.90312476313249923,0.49334948859134048,0.9870907345741341,0.26852170428334532,0.00048761900306060202,0.00011480451038464734
