year,iter,incidence(millions),beta_H1,beta_H3,beta_B,susceptibility_H1_0,susceptibility_H1_5,susceptibility_H1_25,susceptibility_H1_65,susceptibility_H3_0,susceptibility_H3_5,susceptibility_H3_25,susceptibility_H3_65,susceptibility_B_0,susceptibility_B_5,susceptibility_B_25,susceptibility_B_65,vac_eff_hospitalization,vac_eff_mortality,prob_hosp_scaling,prob_death_scaling
2015-16,534,25.6893262615794,0.0018410186927737549,0.001702167676361388,0.0024462986896187644,0.47834421886374484,0.61659246189231787,0.82918147978623824,0.47534748405772093,0.72196919723762032,0.55578398384571348,0.88305186829543325,0.43141887533640055,0.45827610995306173,0.50935471354760953,0.57012697139435908,0.82093835509334923,0.3335932556595238,0.4954950979439619,0.00049334219738278451,4.0321895490913473e-05
