year,iter,incidence(millions),beta_H1,beta_H3,beta_B,susceptibility_H1_0,susceptibility_H1_5,susceptibility_H1_25,susceptibility_H1_65,susceptibility_H3_0,susceptibility_H3_5,susceptibility_H3_25,susceptibility_H3_65,susceptibility_B_0,susceptibility_B_5,susceptibility_B_25,susceptibility_B_65,vac_eff_hospitalization,vac_eff_mortality,prob_hosp_scaling,prob_death_scaling
2015-16,348,25.782049241383323,0.0020378824307853427,0.0016260311198580957,0.0027875190787808868,0.9404982381939051,0.43331962554581105,0.77510946881413534,0.9555519909192236,0.60427031885349125,0.85875183900649299,0.96421849064577325,0.79545268494764965,0.56992720527555496,0.4508958341161301,0.49173111194786046,0.7776032228645402,0.30322570219006229,0.018839567301494831,0.00074441841287664623,1.7593155170581021e-05
