year,iter,incidence(millions),beta_H1,beta_H3,beta_B,susceptibility_H1_0,susceptibility_H1_5,susceptibility_H1_25,susceptibility_H1_65,susceptibility_H3_0,susceptibility_H3_5,susceptibility_H3_25,susceptibility_H3_65,susceptibility_B_0,susceptibility_B_5,susceptibility_B_25,susceptibility_B_65,vac_eff_hospitalization,vac_eff_mortality,prob_hosp_scaling,prob_death_scaling
2012-13,213,34.509562345801804,0.0016084701828372183,0.0015513201657229581,0.0024014706426485066,0.42721560351774351,0.5326035912094037,0.82600807982936131,0.68474041551478992,0.93249328549548116,0.91498579265855873,0.7306909318178304,0.47051080989714272,0.65171958777978634,0.70156879129749306,0.48062533711932209,0.8301152070102904,0.45254017837467247,0.23421936071329458,0.00080389226817551007,5.9890429394582334e-05
