year,iter,incidence(millions),beta_H1,beta_H3,beta_B,susceptibility_H1_0,susceptibility_H1_5,susceptibility_H1_25,susceptibility_H1_65,susceptibility_H3_0,susceptibility_H3_5,susceptibility_H3_25,susceptibility_H3_65,susceptibility_B_0,susceptibility_B_5,susceptibility_B_25,susceptibility_B_65,vac_eff_hospitalization,vac_eff_mortality,prob_hosp_scaling,prob_death_scaling
2015-16,669,24.703070754653744,0.0016581282079755622,0.0015513009867604288,0.00191046210399759,0.48896225361085421,0.8791904289963286,0.8528583204286071,0.50203971452577401,0.91516527454850438,0.96286930155268835,0.98690351391017228,0.43416577676583856,0.76333457694747153,0.8830459256402392,0.50807537631741628,0.44159362766972077,0.97537494923109913,0.60491107090615104,0.00057606545982902269,4.7665450549128074e-05
