year,iter,incidence(millions),beta_H1,beta_H3,beta_B,susceptibility_H1_0,susceptibility_H1_5,susceptibility_H1_25,susceptibility_H1_65,susceptibility_H3_0,susceptibility_H3_5,susceptibility_H3_25,susceptibility_H3_65,susceptibility_B_0,susceptibility_B_5,susceptibility_B_25,susceptibility_B_65,vac_eff_hospitalization,vac_eff_mortality,prob_hosp_scaling,prob_death_scaling
2015-16,344,24.918549635079803,0.001425189648321501,0.00092170570113903061,0.0017052892672293485,0.87377259474447777,0.98685316133654366,0.82552682952085066,0.96879218355613139,0.45892302653330291,0.62825199129588749,0.94327547881267881,0.94295340963567464,0.84931681293230277,0.52971880856732634,0.90315058830739714,0.87877672808096685,0.44571291619065201,0.24446475363938114,0.00038464608006577583,3.0913651712927148e-05
