year,iter,incidence(millions),beta_H1,beta_H3,beta_B,susceptibility_H1_0,susceptibility_H1_5,susceptibility_H1_25,susceptibility_H1_65,susceptibility_H3_0,susceptibility_H3_5,susceptibility_H3_25,susceptibility_H3_65,susceptibility_B_0,susceptibility_B_5,susceptibility_B_25,susceptibility_B_65,vac_eff_hospitalization,vac_eff_mortality,prob_hosp_scaling,prob_death_scaling
2012-13,216,36.15940002565192,0.0016585805252357089,0.0018858599962306988,0.0017867569910532954,0.96623779514696106,0.76574184090833319,0.43636571477503372,0.68365874925792314,0.67704767279436173,0.73399052073619875,0.77478291931991661,0.79520994095939257,0.57161595612820248,0.87338382818512206,0.63638869411742249,0.55516776930213019,0.38608777168892128,0.47739808452244559,0.00022364647106448698,2.94539346263889e-05
