year,iter,incidence(millions),beta_H1,beta_H3,beta_B,susceptibility_H1_0,susceptibility_H1_5,susceptibility_H1_25,susceptibility_H1_65,susceptibility_H3_0,susceptibility_H3_5,susceptibility_H3_25,susceptibility_H3_65,susceptibility_B_0,susceptibility_B_5,susceptibility_B_25,susceptibility_B_65,vac_eff_hospitalization,vac_eff_mortality,prob_hosp_scaling,prob_death_scaling
2015-16,547,24.748377552149595,0.0019324789145840349,0.0017461560482617822,0.0019957791076747333,0.60809822063774377,0.57395869444219727,0.83859855263072713,0.88241531322139122,0.66549295526037211,0.90700975229468039,0.68387975881564012,0.94820124915986059,0.68424724928087632,0.62514095513083245,0.49798098601980639,0.82332563826552119,0.97416243551474924,0.60157415236332035,0.00021041339747412957,3.4442168182713395e-05
