year,iter,incidence(millions),beta_H1,beta_H3,beta_B,susceptibility_H1_0,susceptibility_H1_5,susceptibility_H1_25,susceptibility_H1_65,susceptibility_H3_0,susceptibility_H3_5,susceptibility_H3_25,susceptibility_H3_65,susceptibility_B_0,susceptibility_B_5,susceptibility_B_25,susceptibility_B_65,vac_eff_hospitalization,vac_eff_mortality,prob_hosp_scaling,prob_death_scaling
2015-16,801,26.07811808132705,0.0021726562146084372,0.0018165187407119254,0.0024079460166896993,0.73031743332375798,0.4502526757438251,0.79627178238884377,0.93455463522463333,0.62324255586050148,0.95480176399040673,0.57904457000297294,0.82625848564171589,0.46406405187661148,0.66160215351055351,0.62223329604949507,0.58097384564424881,0.65104439224670974,0.09372315103669443,0.00015634313624929286,1e-08
