year,iter,incidence(millions),beta_H1,beta_H3,beta_B,susceptibility_H1_0,susceptibility_H1_5,susceptibility_H1_25,susceptibility_H1_65,susceptibility_H3_0,susceptibility_H3_5,susceptibility_H3_25,susceptibility_H3_65,susceptibility_B_0,susceptibility_B_5,susceptibility_B_25,susceptibility_B_65,vac_eff_hospitalization,vac_eff_mortality,prob_hosp_scaling,prob_death_scaling
2015-16,96,25.56640816822503,0.0024208715423615912,0.0022203736962898013,0.00091573212757889433,0.63990496731345514,0.88003714435166769,0.45340560389156437,0.77869023860110165,0.47916644695806687,0.90911950545941045,0.6027316728212424,0.57248982256959235,0.63190714474063925,0.8944692297867487,0.99265679176193111,0.94085095998803747,0.2897785165600496,0.74214282607726778,0.00033159731677778748,3.3752428945155177e-05
