year,iter,incidence(millions),beta_H1,beta_H3,beta_B,susceptibility_H1_0,susceptibility_H1_5,susceptibility_H1_25,susceptibility_H1_65,susceptibility_H3_0,susceptibility_H3_5,susceptibility_H3_25,susceptibility_H3_65,susceptibility_B_0,susceptibility_B_5,susceptibility_B_25,susceptibility_B_65,vac_eff_hospitalization,vac_eff_mortality,prob_hosp_scaling,prob_death_scaling
2012-13,223,33.6242436876081,0.001295674259241486,0.0021320620621348985,0.0022517920430620286,0.71510568485501969,0.62158949619680104,0.67581602554711995,0.62230607574789132,0.74384213046472569,0.70909148275187506,0.59905930985389866,0.76689000401828578,0.87209921348234631,0.55374999353071264,0.77072768948257364,0.96172292619425681,0.69311654486890617,0.74663813712850458,0.00072643621960649662,5.7587064145603328e-05
