year,iter,incidence(millions),beta_H1,beta_H3,beta_B,susceptibility_H1_0,susceptibility_H1_5,susceptibility_H1_25,susceptibility_H1_65,susceptibility_H3_0,susceptibility_H3_5,susceptibility_H3_25,susceptibility_H3_65,susceptibility_B_0,susceptibility_B_5,susceptibility_B_25,susceptibility_B_65,vac_eff_hospitalization,vac_eff_mortality,prob_hosp_scaling,prob_death_scaling
2015-16,81,25.190542983537906,0.0017574020534361079,0.0018314977772151408,0.0020857494368148877,0.75930764705523135,0.77742508367841312,0.84464141324190489,0.51998259390465273,0.63427449333673824,0.91128734889186092,0.43698030040403113,0.766920363556995,0.76433324672909442,0.46985249106475735,0.74926340657395984,0.81904165259463679,0.16316576543596012,0.65438843749756992,0.00067675156025215344,4.0275797907440847e-05
