year,iter,incidence(millions),beta_H1,beta_H3,beta_B,susceptibility_H1_0,susceptibility_H1_5,susceptibility_H1_25,susceptibility_H1_65,susceptibility_H3_0,susceptibility_H3_5,susceptibility_H3_25,susceptibility_H3_65,susceptibility_B_0,susceptibility_B_5,susceptibility_B_25,susceptibility_B_65,vac_eff_hospitalization,vac_eff_mortality,prob_hosp_scaling,prob_death_scaling
2014-15,727,31.74534965995853,0.0015109956619656084,0.0014323154421277962,0.0027534107939880537,0.83387629126133045,0.74941264409065034,0.85610847582246641,0.59521586388887271,0.82473017924827385,0.90569131491277854,0.95105419043908168,0.99390335316202338,0.59637211467313445,0.51537804850052005,0.58400191687282532,0.84976423383633248,0.12881129352972293,0.45689977938268372,0.00059711372337961643,5.4953384008682438e-05
