year,iter,incidence(millions),beta_H1,beta_H3,beta_B,susceptibility_H1_0,susceptibility_H1_5,susceptibility_H1_25,susceptibility_H1_65,susceptibility_H3_0,susceptibility_H3_5,susceptibility_H3_25,susceptibility_H3_65,susceptibility_B_0,susceptibility_B_5,susceptibility_B_25,susceptibility_B_65,vac_eff_hospitalization,vac_eff_mortality,prob_hosp_scaling,prob_death_scaling
2015-16,787,25.24316997449816,0.0022299501889750384,0.001134276749494012,0.0023988023778869771,0.52966739719025635,0.76489770731331119,0.61853698712437,0.47944056725124973,0.85410994532473594,0.81298324152917245,0.97406662499269314,0.94877925063761481,0.61023274651112747,0.58285720860805124,0.69678494460173557,0.86905235787813961,0.36178519951630417,0.43892922260048339,0.00048000675990095276,2.319359216007566e-05
