year,iter,incidence(millions),beta_H1,beta_H3,beta_B,susceptibility_H1_0,susceptibility_H1_5,susceptibility_H1_25,susceptibility_H1_65,susceptibility_H3_0,susceptibility_H3_5,susceptibility_H3_25,susceptibility_H3_65,susceptibility_B_0,susceptibility_B_5,susceptibility_B_25,susceptibility_B_65,vac_eff_hospitalization,vac_eff_mortality,prob_hosp_scaling,prob_death_scaling
2015-16,545,27.17590929783941,0.0015702769190671928,0.0016541052949198276,0.00256050063818547,0.58470054539988414,0.92070046159426144,0.87189605184521479,0.94193294436226704,0.61577556453555415,0.916084075806332,0.64861507052531442,0.56611257008769589,0.49315168461830827,0.58089098721420185,0.44502772482054898,0.68296349617675423,0.72798543279009253,0.32929096970800709,0.00049448261454471121,1.9247683951340022e-05
