year,iter,incidence(millions),beta_H1,beta_H3,beta_B,susceptibility_H1_0,susceptibility_H1_5,susceptibility_H1_25,susceptibility_H1_65,susceptibility_H3_0,susceptibility_H3_5,susceptibility_H3_25,susceptibility_H3_65,susceptibility_B_0,susceptibility_B_5,susceptibility_B_25,susceptibility_B_65,vac_eff_hospitalization,vac_eff_mortality,prob_hosp_scaling,prob_death_scaling
2012-13,992,34.91699269895069,0.0018069773247552101,0.0014799979068881308,0.0019799867321015352,0.7492499657836742,0.50677521003764836,0.75506036480880867,0.69542585869066031,0.8471249053702532,0.95963461193567845,0.89712108405430113,0.90306556510488012,0.58637666117928755,0.85683100747281171,0.73178915735655814,0.51711545453178509,0.26013790419809324,0.34184423004425424,0.00032160742818260202,6.4845367002464016e-05
