year,iter,incidence(millions),beta_H1,beta_H3,beta_B,susceptibility_H1_0,susceptibility_H1_5,susceptibility_H1_25,susceptibility_H1_65,susceptibility_H3_0,susceptibility_H3_5,susceptibility_H3_25,susceptibility_H3_65,susceptibility_B_0,susceptibility_B_5,susceptibility_B_25,susceptibility_B_65,vac_eff_hospitalization,vac_eff_mortality,prob_hosp_scaling,prob_death_scaling
2015-16,544,26.17568995646299,0.0014353649119812628,0.0017098319781697624,0.0026794369081088454,0.67928057285328669,0.79226544902027973,0.85684750380903174,0.79632308974645249,0.86026257184032762,0.83325795879038211,0.72988872015090955,0.8850253248334734,0.56085142511945862,0.61864970068434078,0.42722462027460362,0.87858712881456447,0.20111933246925096,0.063454449988947226,0.00014351175578558584,2.3062495650205683e-05
