year,iter,incidence(millions),beta_H1,beta_H3,beta_B,susceptibility_H1_0,susceptibility_H1_5,susceptibility_H1_25,susceptibility_H1_65,susceptibility_H3_0,susceptibility_H3_5,susceptibility_H3_25,susceptibility_H3_65,susceptibility_B_0,susceptibility_B_5,susceptibility_B_25,susceptibility_B_65,vac_eff_hospitalization,vac_eff_mortality,prob_hosp_scaling,prob_death_scaling
2015-16,660,27.59117487117137,0.001646814627135007,0.0019838419396536744,0.0015964962232343782,0.73708596438486751,0.65149371445721704,0.97252137844800512,0.47080599716146537,0.880099729326699,0.75420138876973419,0.55085329990757148,0.60875381400168938,0.41293093358808103,0.85253240287154908,0.99572898563604451,0.4224265126286505,0.026952789978974212,0.18930886185466606,0.00073793229927654469,3.7059574877484902e-05
