year,iter,incidence(millions),beta_H1,beta_H3,beta_B,susceptibility_H1_0,susceptibility_H1_5,susceptibility_H1_25,susceptibility_H1_65,susceptibility_H3_0,susceptibility_H3_5,susceptibility_H3_25,susceptibility_H3_65,susceptibility_B_0,susceptibility_B_5,susceptibility_B_25,susceptibility_B_65,vac_eff_hospitalization,vac_eff_mortality,prob_hosp_scaling,prob_death_scaling
2014-15,692,29.186989679874877,0.0017089564579059746,0.0015121305193437906,0.0017666002884139664,0.66246687029667506,0.78688866721036332,0.43866404729749886,0.66322005366951819,0.79057793544146338,0.98111157026933382,0.72632930812526475,0.48412208096331899,0.95438957106309252,0.90028100522762033,0.71412157331635717,0.80040070184001955,0.51720057780053041,0.6328197242770166,0.0007011339877737166,0.00012454526630728546
