year,iter,incidence(millions),beta_H1,beta_H3,beta_B,susceptibility_H1_0,susceptibility_H1_5,susceptibility_H1_25,susceptibility_H1_65,susceptibility_H3_0,susceptibility_H3_5,susceptibility_H3_25,susceptibility_H3_65,susceptibility_B_0,susceptibility_B_5,susceptibility_B_25,susceptibility_B_65,vac_eff_hospitalization,vac_eff_mortality,prob_hosp_scaling,prob_death_scaling
2015-16,673,26.128073226861495,0.0024520460113240383,0.0017123862034994497,0.0022018051118139481,0.68751098472597649,0.73998191931649226,0.50614766496168062,0.42291047505365942,0.79136823359046526,0.43100203399389142,0.93381775159146141,0.96995794279118286,0.79344268758400305,0.66782186134178823,0.62476616015075337,0.91487397772191525,0.046886887479754891,0.44686884708686486,0.0001220519839318368,3.9849070756103888e-05
