year,iter,incidence(millions),beta_H1,beta_H3,beta_B,susceptibility_H1_0,susceptibility_H1_5,susceptibility_H1_25,susceptibility_H1_65,susceptibility_H3_0,susceptibility_H3_5,susceptibility_H3_25,susceptibility_H3_65,susceptibility_B_0,susceptibility_B_5,susceptibility_B_25,susceptibility_B_65,vac_eff_hospitalization,vac_eff_mortality,prob_hosp_scaling,prob_death_scaling
2017-18,623,49.94399512652506,0.0024805856898235668,0.0016863873642362082,0.0024694424294774975,0.83314630989740923,0.95710314585452716,0.5469659758449178,0.9750124673089996,0.78697339619360629,0.66799846751880509,0.51743839086949828,0.546518834430617,0.64096753759537539,0.79430132159020428,0.49934117180860471,0.63398834392660797,0.23097348066835738,0.38660718379467668,0.00079803286410151664,3.7304419784778275e-05
