year,iter,incidence(millions),beta_H1,beta_H3,beta_B,susceptibility_H1_0,susceptibility_H1_5,susceptibility_H1_25,susceptibility_H1_65,susceptibility_H3_0,susceptibility_H3_5,susceptibility_H3_25,susceptibility_H3_65,susceptibility_B_0,susceptibility_B_5,susceptibility_B_25,susceptibility_B_65,vac_eff_hospitalization,vac_eff_mortality,prob_hosp_scaling,prob_death_scaling
2011-12,991,9.386919530489346,0.0019500212718160381,0.0014310881873987324,0.001620892634669413,0.45901676512531686,0.72103247449326502,0.61740946502718119,0.56129294104865779,0.96126033839869218,0.85833772651207951,0.9067008048245262,0.46099187447092616,0.55102197454138691,0.63742377707958453,0.87531259608996803,0.79946726649351141,0.78762938797843618,0.93751813808781426,0.00083586504971294717,0.00010311362456261186
