year,iter,incidence(millions),beta_H1,beta_H3,beta_B,susceptibility_H1_0,susceptibility_H1_5,susceptibility_H1_25,susceptibility_H1_65,susceptibility_H3_0,susceptibility_H3_5,susceptibility_H3_25,susceptibility_H3_65,susceptibility_B_0,susceptibility_B_5,susceptibility_B_25,susceptibility_B_65,vac_eff_hospitalization,vac_eff_mortality,prob_hosp_scaling,prob_death_scaling
2014-15,63,29.38194331876457,0.00096845136172241109,0.0020699578717834344,0.0017776001008215081,0.91446939303860064,0.85827639580728332,0.98113413385156734,0.53448994327178778,0.48112680516053274,0.56778819914015821,0.42343298677850622,0.77999146568857713,0.81952404173894933,0.76873515363042932,0.61698899090562209,0.64826204952204003,0.0039906170993844192,0.9593658572735716,0.00033375216401460017,7.1703068422745986e-05
