year,iter,incidence(millions),beta_H1,beta_H3,beta_B,susceptibility_H1_0,susceptibility_H1_5,susceptibility_H1_25,susceptibility_H1_65,susceptibility_H3_0,susceptibility_H3_5,susceptibility_H3_25,susceptibility_H3_65,susceptibility_B_0,susceptibility_B_5,susceptibility_B_25,susceptibility_B_65,vac_eff_hospitalization,vac_eff_mortality,prob_hosp_scaling,prob_death_scaling
2014-15,989,31.14840768230653,0.0020836348463296184,0.0026187096045579006,0.0021323895085731404,0.79253879485393064,0.51092012550210064,0.6372595416863035,0.99805592415628031,0.63105159971058256,0.50539435696501445,0.5497175736396509,0.49874645010511159,0.47798650848670421,0.41652043571240988,0.48606122727461587,0.77336084365914015,0.0052393786564953193,0.14219464793020964,0.00037385412850460265,4.0462577789501797e-05
