year,iter,incidence(millions),beta_H1,beta_H3,beta_B,susceptibility_H1_0,susceptibility_H1_5,susceptibility_H1_25,susceptibility_H1_65,susceptibility_H3_0,susceptibility_H3_5,susceptibility_H3_25,susceptibility_H3_65,susceptibility_B_0,susceptibility_B_5,susceptibility_B_25,susceptibility_B_65,vac_eff_hospitalization,vac_eff_mortality,prob_hosp_scaling,prob_death_scaling
2015-16,830,26.220157218817082,0.0025098317134776282,0.0023330619527587304,0.0018753306861588603,0.92986300158363966,0.49703546021547212,0.50447120201890672,0.86962194032173157,0.40806069688088698,0.43703117753116461,0.64200678414397649,0.43655094819938756,0.62005169852322106,0.78241350147085387,0.65302279124950324,0.42869893484722543,0.84268726778942704,0.71945858647566907,0.00046764735601739771,1e-08
