year,iter,incidence(millions),beta_H1,beta_H3,beta_B,susceptibility_H1_0,susceptibility_H1_5,susceptibility_H1_25,susceptibility_H1_65,susceptibility_H3_0,susceptibility_H3_5,susceptibility_H3_25,susceptibility_H3_65,susceptibility_B_0,susceptibility_B_5,susceptibility_B_25,susceptibility_B_65,vac_eff_hospitalization,vac_eff_mortality,prob_hosp_scaling,prob_death_scaling
2015-16,818,26.503988501785752,0.0020700473191800906,0.002176776837887695,0.0017129376570349519,0.95919190062728976,0.93257551766006808,0.55729208297002963,0.89320107430551787,0.60137718412972629,0.47878216676813801,0.72440364559686365,0.4662835121999292,0.82550349825284486,0.52978640231395313,0.72601157002761985,0.93312656398930549,0.96748176489086779,0.26157178130553288,0.00047998501620610812,2.6275507991557756e-05
