year,iter,incidence(millions),beta_H1,beta_H3,beta_B,susceptibility_H1_0,susceptibility_H1_5,susceptibility_H1_25,susceptibility_H1_65,susceptibility_H3_0,susceptibility_H3_5,susceptibility_H3_25,susceptibility_H3_65,susceptibility_B_0,susceptibility_B_5,susceptibility_B_25,susceptibility_B_65,vac_eff_hospitalization,vac_eff_mortality,prob_hosp_scaling,prob_death_scaling
2015-16,93,25.411747013688707,0.0025131999896488844,0.001942268039890116,0.0020247651902666197,0.46363821518487303,0.6464581208110759,0.65271006768545425,0.55274112302967082,0.5810672089128891,0.54483092533798472,0.89566341012916351,0.66297769004205986,0.6004318594689444,0.94569143688009227,0.59777415083600749,0.55017364885677023,0.66361350511358019,0.6053911568398086,0.00057166124699864485,0.00011026897875876518
