year,iter,incidence(millions),beta_H1,beta_H3,beta_B,susceptibility_H1_0,susceptibility_H1_5,susceptibility_H1_25,susceptibility_H1_65,susceptibility_H3_0,susceptibility_H3_5,susceptibility_H3_25,susceptibility_H3_65,susceptibility_B_0,susceptibility_B_5,susceptibility_B_25,susceptibility_B_65,vac_eff_hospitalization,vac_eff_mortality,prob_hosp_scaling,prob_death_scaling
2015-16,788,24.813674061186198,0.0025171490990447132,0.0019766007753480586,0.0029362277255589597,0.51069029514254616,0.60151513270084311,0.51028417193790121,0.58658557155666324,0.72490445395353664,0.56439737575425819,0.71375153248918755,0.9577969873257659,0.61083259490889907,0.47627585285722618,0.41776237115351028,0.43468689258529292,0.10313095116769522,0.78690404486648968,0.0004386371598426031,7.946105674838666e-05
