year,iter,incidence(millions),beta_H1,beta_H3,beta_B,susceptibility_H1_0,susceptibility_H1_5,susceptibility_H1_25,susceptibility_H1_65,susceptibility_H3_0,susceptibility_H3_5,susceptibility_H3_25,susceptibility_H3_65,susceptibility_B_0,susceptibility_B_5,susceptibility_B_25,susceptibility_B_65,vac_eff_hospitalization,vac_eff_mortality,prob_hosp_scaling,prob_death_scaling
2014-15,60,29.552962516176535,0.0014751952534550195,0.0019425990654548531,0.0017498689434206627,0.94944947935829094,0.72525143110732304,0.84968208459637984,0.61429777672036312,0.57290004767843716,0.77063715538423283,0.52347951329759379,0.6124479548862084,0.64587835309934516,0.92209274937790298,0.84288598160675088,0.49515375458996885,0.43914720017155046,0.68655285751363437,0.0012154496825345085,0.00011036225387750509
