year,iter,incidence(millions),beta_H1,beta_H3,beta_B,susceptibility_H1_0,susceptibility_H1_5,susceptibility_H1_25,susceptibility_H1_65,susceptibility_H3_0,susceptibility_H3_5,susceptibility_H3_25,susceptibility_H3_65,susceptibility_B_0,susceptibility_B_5,susceptibility_B_25,susceptibility_B_65,vac_eff_hospitalization,vac_eff_mortality,prob_hosp_scaling,prob_death_scaling
2012-13,995,36.38643390153955,0.0015035844492592987,0.0020023173422247798,0.0018038502599993511,0.60997477413665091,0.8698486902882665,0.56484750647852622,0.89838490707963548,0.51604578041340243,0.58331780255626842,0.72769048468833741,0.42855001753522476,0.5380534960348321,0.98898652193663561,0.65110593685250195,0.50192887241910789,0.21628377726526943,0.90462427644273991,0.00040267622928175095,7.2391506292512897e-05
