year,iter,incidence(millions),beta_H1,beta_H3,beta_B,susceptibility_H1_0,susceptibility_H1_5,susceptibility_H1_25,susceptibility_H1_65,susceptibility_H3_0,susceptibility_H3_5,susceptibility_H3_25,susceptibility_H3_65,susceptibility_B_0,susceptibility_B_5,susceptibility_B_25,susceptibility_B_65,vac_eff_hospitalization,vac_eff_mortality,prob_hosp_scaling,prob_death_scaling
2013-14,996,32.88171840096613,0.0020938610118505507,0.00183022901198443,0.0012348968933547089,0.90878627418702074,0.70346786320542098,0.58850940247907002,0.75471989832048736,0.94795509656657573,0.66454073969420913,0.53642055342342665,0.54079013760750771,0.75463322066058658,0.75554108517396057,0.68952646190270084,0.62811564673405917,0.41331845111187748,0.33288433198634876,0.00024429961994337779,4.3662517977993698e-05
