year,iter,incidence(millions),beta_H1,beta_H3,beta_B,susceptibility_H1_0,susceptibility_H1_5,susceptibility_H1_25,susceptibility_H1_65,susceptibility_H3_0,susceptibility_H3_5,susceptibility_H3_25,susceptibility_H3_65,susceptibility_B_0,susceptibility_B_5,susceptibility_B_25,susceptibility_B_65,vac_eff_hospitalization,vac_eff_mortality,prob_hosp_scaling,prob_death_scaling
2013-14,990,30.288190011806673,0.0020713091326631239,0.0017635617029184703,0.002183150298310399,0.69980190455453284,0.42623221960855484,0.94469759108171591,0.58688472919872947,0.85416297177339873,0.60735249929410029,0.78427049360891299,0.57843061912885196,0.56042721322643985,0.6314715057904865,0.56134242459946937,0.77602702038687688,0.94909227292602361,0.87894869760861205,0.00051673844395155877,8.3896499937730074e-05
