year,iter,incidence(millions),beta_H1,beta_H3,beta_B,susceptibility_H1_0,susceptibility_H1_5,susceptibility_H1_25,susceptibility_H1_65,susceptibility_H3_0,susceptibility_H3_5,susceptibility_H3_25,susceptibility_H3_65,susceptibility_B_0,susceptibility_B_5,susceptibility_B_25,susceptibility_B_65,vac_eff_hospitalization,vac_eff_mortality,prob_hosp_scaling,prob_death_scaling
2012-13,210,35.69572550350033,0.0015077236643296632,0.0019078800924775541,0.0023409509283379704,0.85866817754627878,0.85837675004372183,0.48169475952081109,0.51643767882100711,0.68231204676963775,0.80058003168488301,0.41234071290414148,0.86669596532023052,0.84183572548368901,0.58903231310420978,0.58575168454757454,0.96816876440602062,0.91956067649449502,0.77279264098770839,0.00037086630589688863,4.190887006511046e-05
