year,iter,incidence(millions),beta_H1,beta_H3,beta_B,susceptibility_H1_0,susceptibility_H1_5,susceptibility_H1_25,susceptibility_H1_65,susceptibility_H3_0,susceptibility_H3_5,susceptibility_H3_25,susceptibility_H3_65,susceptibility_B_0,susceptibility_B_5,susceptibility_B_25,susceptibility_B_65,vac_eff_hospitalization,vac_eff_mortality,prob_hosp_scaling,prob_death_scaling
2017-18,609,52.24068200551685,0.0024162591213911511,0.0019547164254500871,0.0018271577841865727,0.98200022637556894,0.42543456594566831,0.7210203326074931,0.45833482895147915,0.75159460340492745,0.82507385715687354,0.57020547664432009,0.84615893039544998,0.82586150017144733,0.92190902513168083,0.59468631789688331,0.78034300296175685,0.25922916533646051,0.15140863150195383,0.00025986737061062248,5.197213010671442e-05
