year,iter,incidence(millions),beta_H1,beta_H3,beta_B,susceptibility_H1_0,susceptibility_H1_5,susceptibility_H1_25,susceptibility_H1_65,susceptibility_H3_0,susceptibility_H3_5,susceptibility_H3_25,susceptibility_H3_65,susceptibility_B_0,susceptibility_B_5,susceptibility_B_25,susceptibility_B_65,vac_eff_hospitalization,vac_eff_mortality,prob_hosp_scaling,prob_death_scaling
2014-15,818,30.98725344219812,0.0017948365693811197,0.0018330236441312375,0.0018681923965637726,0.80001821597120593,0.49630399800567071,0.70508549000253273,0.53146974271841019,0.84857021685473644,0.6677123127911091,0.60395553724228501,0.80260367163520807,0.55905905434013869,0.61634184799122604,0.88111866358355884,0.43659594232406113,0.85792479002450173,0.32019362970311682,0.00055773067473502413,7.383572390240456e-05
