year,iter,incidence(millions),beta_H1,beta_H3,beta_B,susceptibility_H1_0,susceptibility_H1_5,susceptibility_H1_25,susceptibility_H1_65,susceptibility_H3_0,susceptibility_H3_5,susceptibility_H3_25,susceptibility_H3_65,susceptibility_B_0,susceptibility_B_5,susceptibility_B_25,susceptibility_B_65,vac_eff_hospitalization,vac_eff_mortality,prob_hosp_scaling,prob_death_scaling
2015-16,224,24.325005220828604,0.0030928987763315097,0.0023656276425467748,0.0020093546249585481,0.41677014276926316,0.48907564763989492,0.41876399057228264,0.4209742422559129,0.90284544525655297,0.42748979531857312,0.58980456634970124,0.44481249240807003,0.70716562634559621,0.49401326335924817,0.83486614797311898,0.8471418891393212,0.85382951219833791,0.76927384730349357,0.00057164019548899825,4.8730647298822483e-05
