year,iter,incidence(millions),beta_H1,beta_H3,beta_B,susceptibility_H1_0,susceptibility_H1_5,susceptibility_H1_25,susceptibility_H1_65,susceptibility_H3_0,susceptibility_H3_5,susceptibility_H3_25,susceptibility_H3_65,susceptibility_B_0,susceptibility_B_5,susceptibility_B_25,susceptibility_B_65,vac_eff_hospitalization,vac_eff_mortality,prob_hosp_scaling,prob_death_scaling
2015-16,752,27.579408068256768,0.0022062655968549394,0.0022193883804114689,0.0021104032596249711,0.63716253444774751,0.85288861990417886,0.66834968892477886,0.42437433594653973,0.46278671701380952,0.67893229502730823,0.652356436619274,0.52538124430069899,0.52269901422072274,0.53523179484933381,0.94535585660260968,0.55068524927091878,0.58514855615939432,0.46599290647358965,0.00049903601529699415,5.3712573661546248e-05
