year,iter,incidence(millions),beta_H1,beta_H3,beta_B,susceptibility_H1_0,susceptibility_H1_5,susceptibility_H1_25,susceptibility_H1_65,susceptibility_H3_0,susceptibility_H3_5,susceptibility_H3_25,susceptibility_H3_65,susceptibility_B_0,susceptibility_B_5,susceptibility_B_25,susceptibility_B_65,vac_eff_hospitalization,vac_eff_mortality,prob_hosp_scaling,prob_death_scaling
2012-13,259,37.4510819009108,0.0017567423655546754,0.0021931316043314886,0.0017255851962277302,0.68313928066220364,0.72266115230771977,0.50569194791904637,0.97689210861411457,0.62014443693171228,0.48136524868792274,0.73439937943878131,0.80133588504172026,0.93397559372224137,0.73827515509938668,0.98177493537869998,0.91375134819049286,0.35097051354926945,0.05705317906601326,0.0002103933168131622,2.8304365790321473e-05
