year,iter,incidence(millions),beta_H1,beta_H3,beta_B,susceptibility_H1_0,susceptibility_H1_5,susceptibility_H1_25,susceptibility_H1_65,susceptibility_H3_0,susceptibility_H3_5,susceptibility_H3_25,susceptibility_H3_65,susceptibility_B_0,susceptibility_B_5,susceptibility_B_25,susceptibility_B_65,vac_eff_hospitalization,vac_eff_mortality,prob_hosp_scaling,prob_death_scaling
2014-15,855,30.915403321257955,0.0012767942896558804,0.00207278070942718,0.0015862330197714547,0.49324860429934148,0.99639696229825669,0.93995078123044373,0.7549201693870069,0.75926823913014263,0.58926582798646054,0.64196385748448581,0.75216720235227319,0.76484415135688977,0.66253692580729517,0.81378750452722826,0.9328228632294846,0.045107801908069289,0.099196125855697481,0.00031260100691860027,4.5528141104422826e-05
