year,iter,incidence(millions),beta_H1,beta_H3,beta_B,susceptibility_H1_0,susceptibility_H1_5,susceptibility_H1_25,susceptibility_H1_65,susceptibility_H3_0,susceptibility_H3_5,susceptibility_H3_25,susceptibility_H3_65,susceptibility_B_0,susceptibility_B_5,susceptibility_B_25,susceptibility_B_65,vac_eff_hospitalization,vac_eff_mortality,prob_hosp_scaling,prob_death_scaling
2014-15,750,30.41869298871112,0.0013404094468240646,0.0018383878237848705,0.001581849794202006,0.85955325477257849,0.81287132184745159,0.50999241861461841,0.47170435579650932,0.8061502916443839,0.54220303255966629,0.59572598191969961,0.52594552636724656,0.68441043914445698,0.69738140406503235,0.92511648033982885,0.62062691762448352,0.7825553931839383,0.50174057686418294,0.00059903669135125126,0.00015223659420887659
