year,iter,incidence(millions),beta_H1,beta_H3,beta_B,susceptibility_H1_0,susceptibility_H1_5,susceptibility_H1_25,susceptibility_H1_65,susceptibility_H3_0,susceptibility_H3_5,susceptibility_H3_25,susceptibility_H3_65,susceptibility_B_0,susceptibility_B_5,susceptibility_B_25,susceptibility_B_65,vac_eff_hospitalization,vac_eff_mortality,prob_hosp_scaling,prob_death_scaling
2015-16,661,24.98143551076064,0.0022203545521401469,0.0024453313497879159,0.0022822487611506292,0.70057852087902561,0.88903993126237979,0.43428528415755624,0.46669571990154535,0.7592614949558949,0.41972015225154741,0.47111939599558217,0.63412148637189869,0.53442639172974749,0.40567649723628546,0.82771321717571988,0.80123877244819308,0.29396995684773275,0.12114112518364273,0.0010981130966559172,2.8406527216751076e-05
