year,iter,incidence(millions),beta_H1,beta_H3,beta_B,susceptibility_H1_0,susceptibility_H1_5,susceptibility_H1_25,susceptibility_H1_65,susceptibility_H3_0,susceptibility_H3_5,susceptibility_H3_25,susceptibility_H3_65,susceptibility_B_0,susceptibility_B_5,susceptibility_B_25,susceptibility_B_65,vac_eff_hospitalization,vac_eff_mortality,prob_hosp_scaling,prob_death_scaling
2013-14,991,31.36039084869413,0.0019188719172920643,0.0018498858776077598,0.0014699679728998882,0.41229600847468539,0.92527247514585031,0.67674787752457055,0.69508676751867604,0.76707852383868214,0.54978031147910822,0.84484750339566217,0.55326463892379718,0.48048401964718346,0.98148894849208945,0.94457034999947709,0.40213495012492056,0.50661968553908832,0.17581481292549417,0.00039319115592661991,5.7919677921181023e-05
