year,iter,incidence(millions),beta_H1,beta_H3,beta_B,susceptibility_H1_0,susceptibility_H1_5,susceptibility_H1_25,susceptibility_H1_65,susceptibility_H3_0,susceptibility_H3_5,susceptibility_H3_25,susceptibility_H3_65,susceptibility_B_0,susceptibility_B_5,susceptibility_B_25,susceptibility_B_65,vac_eff_hospitalization,vac_eff_mortality,prob_hosp_scaling,prob_death_scaling
2015-16,528,25.68904869995236,0.0015939380053668906,0.0017812327751905999,0.0022078286643691936,0.91859503184138647,0.85649759659651525,0.89992111042781386,0.94645562359379642,0.84174247542299818,0.75570215435257748,0.69587487770013479,0.62049106708099211,0.49884578347235126,0.58192316443909675,0.68472664043260489,0.53639038771729552,0.75000133636190314,0.23198497413052549,0.00054136033456902988,1e-08
