year,iter,incidence(millions),beta_H1,beta_H3,beta_B,susceptibility_H1_0,susceptibility_H1_5,susceptibility_H1_25,susceptibility_H1_65,susceptibility_H3_0,susceptibility_H3_5,susceptibility_H3_25,susceptibility_H3_65,susceptibility_B_0,susceptibility_B_5,susceptibility_B_25,susceptibility_B_65,vac_eff_hospitalization,vac_eff_mortality,prob_hosp_scaling,prob_death_scaling
2012-13,254,34.97040705586218,0.0016896574478685311,0.00061415770106582057,0.0023532875507326079,0.58430582543087006,0.6009765910867606,0.64809554319668927,0.85245439777545473,0.60451658745805126,0.77983818538330318,0.86550474595494453,0.89070828796675761,0.86490135394069778,0.53944212457888763,0.59252588412217255,0.54013538849222942,0.60356095724275638,0.31495277752439638,0.0014211854662206647,1e-08
