year,iter,incidence(millions),beta_H1,beta_H3,beta_B,susceptibility_H1_0,susceptibility_H1_5,susceptibility_H1_25,susceptibility_H1_65,susceptibility_H3_0,susceptibility_H3_5,susceptibility_H3_25,susceptibility_H3_65,susceptibility_B_0,susceptibility_B_5,susceptibility_B_25,susceptibility_B_65,vac_eff_hospitalization,vac_eff_mortality,prob_hosp_scaling,prob_death_scaling
2014-15,359,29.835902037746987,0.0014794171508102916,0.0016173642408726097,0.002265685904466741,0.56254016789457639,0.56964098064887336,0.86911735648367883,0.40636335594934309,0.87163406533622334,0.49377805570562705,0.83589617354821866,0.94605329463528198,0.4628091573485329,0.49316007232890413,0.70769531171187294,0.51685584455589861,0.97070908364221542,0.61370897626293419,0.00023294763658732176,4.4543616811887343e-05
