year,iter,incidence(millions),beta_H1,beta_H3,beta_B,susceptibility_H1_0,susceptibility_H1_5,susceptibility_H1_25,susceptibility_H1_65,susceptibility_H3_0,susceptibility_H3_5,susceptibility_H3_25,susceptibility_H3_65,susceptibility_B_0,susceptibility_B_5,susceptibility_B_25,susceptibility_B_65,vac_eff_hospitalization,vac_eff_mortality,prob_hosp_scaling,prob_death_scaling
2012-13,91,34.04118794700745,0.0011507940767692126,0.002280222950482802,0.0016115691430951817,0.66857383094712042,0.98343816865637079,0.71426980828514297,0.92539525585935478,0.65722112746594985,0.50347345077618055,0.56798122405680285,0.83323020994485342,0.91824801938937251,0.99633662475065599,0.59850954259681066,0.9939387115566185,0.56609349197493108,0.71556702614848333,0.00028655488654444339,4.203643832778603e-05
