year,iter,incidence(millions),beta_H1,beta_H3,beta_B,susceptibility_H1_0,susceptibility_H1_5,susceptibility_H1_25,susceptibility_H1_65,susceptibility_H3_0,susceptibility_H3_5,susceptibility_H3_25,susceptibility_H3_65,susceptibility_B_0,susceptibility_B_5,susceptibility_B_25,susceptibility_B_65,vac_eff_hospitalization,vac_eff_mortality,prob_hosp_scaling,prob_death_scaling
2015-16,821,25.188530804808742,0.0029029798492157255,0.0014005711568872981,0.0019854848607819275,0.83208309296644634,0.50254735516363325,0.53454944768687729,0.95667546481834975,0.80094806391095674,0.68457133712915197,0.72835721505214401,0.51084025221686746,0.7424586956164172,0.86934004705752266,0.76079990168068745,0.80076667212192754,0.30174199323010065,0.47338082073146698,0.00047738471920527603,3.1163281284996014e-05
