year,iter,incidence(millions),beta_H1,beta_H3,beta_B,susceptibility_H1_0,susceptibility_H1_5,susceptibility_H1_25,susceptibility_H1_65,susceptibility_H3_0,susceptibility_H3_5,susceptibility_H3_25,susceptibility_H3_65,susceptibility_B_0,susceptibility_B_5,susceptibility_B_25,susceptibility_B_65,vac_eff_hospitalization,vac_eff_mortality,prob_hosp_scaling,prob_death_scaling
2012-13,96,35.47389696037404,0.0017594107932420444,0.0031037954697405445,0.00044621601288452606,0.60637622102405697,0.78315576599766312,0.90032087752712087,0.59468425319441809,0.76190792281525921,0.61630124248406326,0.43128727364472752,0.53005594649703724,0.49633358509150793,0.43154024152138315,0.99467292075357205,0.80439086333491105,0.55675113860097825,0.17482011787046808,0.00083215733374852885,5.4033682167275998e-05
