year,iter,incidence(millions),beta_H1,beta_H3,beta_B,susceptibility_H1_0,susceptibility_H1_5,susceptibility_H1_25,susceptibility_H1_65,susceptibility_H3_0,susceptibility_H3_5,susceptibility_H3_25,susceptibility_H3_65,susceptibility_B_0,susceptibility_B_5,susceptibility_B_25,susceptibility_B_65,vac_eff_hospitalization,vac_eff_mortality,prob_hosp_scaling,prob_death_scaling
2012-13,240,36.68303011706127,0.0014558361884960402,0.001914229901202491,0.002090719616468284,0.64879404538338958,0.49139417936342128,0.98265723783535408,0.82128791628542164,0.98189050292720936,0.6061911716864814,0.70861138340460206,0.92671329370262367,0.95852917929970927,0.75177941729020747,0.56309747534854149,0.78893967001031906,0.63202342293093694,0.82418124821322447,0.00032122964327641057,5.2570347383817939e-05
