year,iter,incidence(millions),beta_H1,beta_H3,beta_B,susceptibility_H1_0,susceptibility_H1_5,susceptibility_H1_25,susceptibility_H1_65,susceptibility_H3_0,susceptibility_H3_5,susceptibility_H3_25,susceptibility_H3_65,susceptibility_B_0,susceptibility_B_5,susceptibility_B_25,susceptibility_B_65,vac_eff_hospitalization,vac_eff_mortality,prob_hosp_scaling,prob_death_scaling
2015-16,829,26.26094176201357,0.0026347560296313688,0.0013666594942724486,0.0023843899585395123,0.52744648504481784,0.58355927278220154,0.49323988520122963,0.74873494115651407,0.92514491924995979,0.89250862183696356,0.99345670747066972,0.94319512298537611,0.58093675515702448,0.42492162391976551,0.71283711153957152,0.82251393955625762,0.43009173007818652,0.08303672066571921,0.00020026966519198774,2.6652598855203546e-05
