year,iter,incidence(millions),beta_H1,beta_H3,beta_B,susceptibility_H1_0,susceptibility_H1_5,susceptibility_H1_25,susceptibility_H1_65,susceptibility_H3_0,susceptibility_H3_5,susceptibility_H3_25,susceptibility_H3_65,susceptibility_B_0,susceptibility_B_5,susceptibility_B_25,susceptibility_B_65,vac_eff_hospitalization,vac_eff_mortality,prob_hosp_scaling,prob_death_scaling
2017-18,615,48.91072737687306,0.0018785076913244159,0.0013115200198141608,0.0027012469563305053,0.71557076460727509,0.85640287331788212,0.40785918931324167,0.75308626402031886,0.46505908389407641,0.88192422033633033,0.87901298379575321,0.93116068066815516,0.79356246045551027,0.40227732043439191,0.40942407979873668,0.87536968919677893,0.28200992701645122,0.42827045370643202,0.000439721043846375,2.9237182000707573e-05
