year,iter,incidence(millions),beta_H1,beta_H3,beta_B,susceptibility_H1_0,susceptibility_H1_5,susceptibility_H1_25,susceptibility_H1_65,susceptibility_H3_0,susceptibility_H3_5,susceptibility_H3_25,susceptibility_H3_65,susceptibility_B_0,susceptibility_B_5,susceptibility_B_25,susceptibility_B_65,vac_eff_hospitalization,vac_eff_mortality,prob_hosp_scaling,prob_death_scaling
2015-16,805,25.69432681962508,0.001720155770464471,0.0020002635403004176,0.0019562960060164891,0.62697884916807178,0.84029797999475819,0.8939124878752458,0.58356870313617093,0.88590486941651492,0.89938289869257726,0.59964486454626587,0.42825925992844743,0.45123078880386952,0.87266939345869465,0.64701053881843928,0.82826546985045768,1e-08,0.67307032627237962,0.00021116599448445239,5.0814765990392363e-05
