year,iter,incidence(millions),beta_H1,beta_H3,beta_B,susceptibility_H1_0,susceptibility_H1_5,susceptibility_H1_25,susceptibility_H1_65,susceptibility_H3_0,susceptibility_H3_5,susceptibility_H3_25,susceptibility_H3_65,susceptibility_B_0,susceptibility_B_5,susceptibility_B_25,susceptibility_B_65,vac_eff_hospitalization,vac_eff_mortality,prob_hosp_scaling,prob_death_scaling
2012-13,225,35.76225193985192,0.0023238894906519314,0.0025429950274329371,0.0018385624248564159,0.67607471996199753,0.42679892968171318,0.51402405615697111,0.66003718631740704,0.45565786171450906,0.40823513660787286,0.46283324069505144,0.74538770670197518,0.4297142429941847,0.95341039052274523,0.74699320363310051,0.86184799305978155,0.47295331668375512,0.45362302562884316,0.0003725241866979756,3.5170953069374455e-05
