year,iter,incidence(millions),beta_H1,beta_H3,beta_B,susceptibility_H1_0,susceptibility_H1_5,susceptibility_H1_25,susceptibility_H1_65,susceptibility_H3_0,susceptibility_H3_5,susceptibility_H3_25,susceptibility_H3_65,susceptibility_B_0,susceptibility_B_5,susceptibility_B_25,susceptibility_B_65,vac_eff_hospitalization,vac_eff_mortality,prob_hosp_scaling,prob_death_scaling
2015-16,335,26.47472554048305,0.0016753376399138431,0.001762014245153487,0.0017818107169275121,0.56870112797153027,0.47727979349701449,0.70041744619041846,0.58612102008360178,0.50419303658292114,0.40579263357157125,0.98993461899615176,0.63969741125006752,0.63410911730619923,0.71030646040110412,0.92580721743769367,0.92833824218768046,0.49618809663061303,0.013973869018257923,0.00030346744235598688,1.7644718438514229e-05
