year,iter,incidence(millions),beta_H1,beta_H3,beta_B,susceptibility_H1_0,susceptibility_H1_5,susceptibility_H1_25,susceptibility_H1_65,susceptibility_H3_0,susceptibility_H3_5,susceptibility_H3_25,susceptibility_H3_65,susceptibility_B_0,susceptibility_B_5,susceptibility_B_25,susceptibility_B_65,vac_eff_hospitalization,vac_eff_mortality,prob_hosp_scaling,prob_death_scaling
2012-13,262,35.14597879299989,0.0016635979812985036,0.00167230886279085,0.0023090657457141006,0.7467460401461552,0.51176055793191377,0.82619801352738143,0.40493919475262535,0.98732319417017189,0.7772288152969471,0.7215565723509495,0.57643377463644929,0.41842559905494248,0.42173620645516302,0.78627561482226205,0.96139501157982332,0.5731911896896269,0.24635635282508256,0.0011879149829621127,8.8087567046424287e-05
