year,iter,incidence(millions),beta_H1,beta_H3,beta_B,susceptibility_H1_0,susceptibility_H1_5,susceptibility_H1_25,susceptibility_H1_65,susceptibility_H3_0,susceptibility_H3_5,susceptibility_H3_25,susceptibility_H3_65,susceptibility_B_0,susceptibility_B_5,susceptibility_B_25,susceptibility_B_65,vac_eff_hospitalization,vac_eff_mortality,prob_hosp_scaling,prob_death_scaling
2014-15,796,30.937473542284312,0.0018254589711721447,0.0020036884430343904,0.0018570409259246468,0.5289496176341949,0.68715337059350157,0.54539625601116715,0.56950081464428182,0.4188145153401695,0.79565551736530771,0.41982245965870424,0.4286476302264064,0.4286990196636481,0.87807064169700821,0.89944587591897895,0.53998060937302883,0.85662792849026426,0.66221653473141562,0.0013240611135476588,0.00015563622271708155
