year,iter,incidence(millions),beta_H1,beta_H3,beta_B,susceptibility_H1_0,susceptibility_H1_5,susceptibility_H1_25,susceptibility_H1_65,susceptibility_H3_0,susceptibility_H3_5,susceptibility_H3_25,susceptibility_H3_65,susceptibility_B_0,susceptibility_B_5,susceptibility_B_25,susceptibility_B_65,vac_eff_hospitalization,vac_eff_mortality,prob_hosp_scaling,prob_death_scaling
2015-16,791,24.90124327205097,0.0017331367178430868,0.0013730504689019041,0.001740025953713753,0.51080959491412936,0.49136273902050431,0.9083666427628454,0.9801642165970309,0.88911981915789062,0.75659253231097701,0.86537646646332034,0.86554754794851019,0.62486275206061404,0.66912974705121275,0.86230441224257159,0.76360681639603334,0.97273404340633585,0.58480733700528942,0.00028536079576341189,4.056180159223155e-05
