year,iter,incidence(millions),beta_H1,beta_H3,beta_B,susceptibility_H1_0,susceptibility_H1_5,susceptibility_H1_25,susceptibility_H1_65,susceptibility_H3_0,susceptibility_H3_5,susceptibility_H3_25,susceptibility_H3_65,susceptibility_B_0,susceptibility_B_5,susceptibility_B_25,susceptibility_B_65,vac_eff_hospitalization,vac_eff_mortality,prob_hosp_scaling,prob_death_scaling
2015-16,792,24.736310565389793,0.00188256449634705,0.0018332614197378305,0.0021247503130766288,0.87313353327005694,0.88889278609131606,0.61617636234970363,0.97095060470594152,0.94428203947575517,0.8812318398087382,0.64464568061508798,0.45954702727120822,0.70889559438883976,0.79004237727405413,0.61513877973086539,0.43527989261168676,0.5481747615684085,0.15197163499203992,0.00048679700934028958,6.8215586591369171e-05
