year,iter,incidence(millions),beta_H1,beta_H3,beta_B,susceptibility_H1_0,susceptibility_H1_5,susceptibility_H1_25,susceptibility_H1_65,susceptibility_H3_0,susceptibility_H3_5,susceptibility_H3_25,susceptibility_H3_65,susceptibility_B_0,susceptibility_B_5,susceptibility_B_25,susceptibility_B_65,vac_eff_hospitalization,vac_eff_mortality,prob_hosp_scaling,prob_death_scaling
2015-16,799,25.97694531830845,0.0016396769224915064,0.0018074934593315661,0.0014180728326833036,0.80819837331165711,0.48391404916999581,0.96048128358837648,0.7612697664457575,0.62419589404578124,0.84683961789806927,0.57042651721782756,0.92429245560990059,0.64992656624926903,0.98806623804122728,0.93215572955414405,0.63631021122752651,0.074928430610949004,0.063094116208913031,0.00044457450249113517,4.1402660185096973e-05
