year,iter,incidence(millions),beta_H1,beta_H3,beta_B,susceptibility_H1_0,susceptibility_H1_5,susceptibility_H1_25,susceptibility_H1_65,susceptibility_H3_0,susceptibility_H3_5,susceptibility_H3_25,susceptibility_H3_65,susceptibility_B_0,susceptibility_B_5,susceptibility_B_25,susceptibility_B_65,vac_eff_hospitalization,vac_eff_mortality,prob_hosp_scaling,prob_death_scaling
2014-15,678,30.68832813790141,0.0014148529679743893,0.0013945118933357814,0.0019534062750153347,0.82337612011647932,0.78667285889765637,0.64576752644297586,0.4278156343210629,0.87181008771808521,0.76008114201780197,0.89340097493432591,0.77701553953908242,0.40678883908563251,0.48665104482770327,0.86581610311085511,0.66642041634873905,0.38719679746225344,0.17049481902445918,0.00044890066239061666,9.1933612183348057e-05
