year,iter,incidence(millions),beta_H1,beta_H3,beta_B,susceptibility_H1_0,susceptibility_H1_5,susceptibility_H1_25,susceptibility_H1_65,susceptibility_H3_0,susceptibility_H3_5,susceptibility_H3_25,susceptibility_H3_65,susceptibility_B_0,susceptibility_B_5,susceptibility_B_25,susceptibility_B_65,vac_eff_hospitalization,vac_eff_mortality,prob_hosp_scaling,prob_death_scaling
2015-16,763,25.00291897736886,0.002320217145302117,0.0017467605326180191,0.002235161763455229,0.70659244004114585,0.52135018130267385,0.50075649415847034,0.81974897880340425,0.72998863627090249,0.49599246623300614,0.72473471792361599,0.72408456856542425,0.61230025887782991,0.63471586503400146,0.40872907523615565,0.8457935501056979,0.3728954425402265,0.1913083963629551,0.00047390656813017795,3.2458163895521253e-05
