year,iter,incidence(millions),beta_H1,beta_H3,beta_B,susceptibility_H1_0,susceptibility_H1_5,susceptibility_H1_25,susceptibility_H1_65,susceptibility_H3_0,susceptibility_H3_5,susceptibility_H3_25,susceptibility_H3_65,susceptibility_B_0,susceptibility_B_5,susceptibility_B_25,susceptibility_B_65,vac_eff_hospitalization,vac_eff_mortality,prob_hosp_scaling,prob_death_scaling
2012-13,253,35.719284561141954,0.0016075272531002049,0.001463192858595086,0.0016896448052802215,0.74354206935238665,0.52871662957962218,0.79998546969676809,0.43407183505688773,0.8239536831105907,0.85096035641060286,0.90720102790318524,0.86046165289523424,0.79386388804411101,0.99662992545384899,0.68388647864980612,0.86285477654837717,0.22307915101702075,0.023550791159094364,0.00031305692072985947,3.1543185839033594e-05
