year,iter,incidence(millions),beta_H1,beta_H3,beta_B,susceptibility_H1_0,susceptibility_H1_5,susceptibility_H1_25,susceptibility_H1_65,susceptibility_H3_0,susceptibility_H3_5,susceptibility_H3_25,susceptibility_H3_65,susceptibility_B_0,susceptibility_B_5,susceptibility_B_25,susceptibility_B_65,vac_eff_hospitalization,vac_eff_mortality,prob_hosp_scaling,prob_death_scaling
2014-15,352,29.92459037492817,0.0014558455732648912,0.0018719417669000316,0.0019455430676880714,0.69391869672240336,0.65997518770738062,0.80488170608887744,0.60272375884603824,0.68524557196290636,0.70058372537437363,0.57725643788517877,0.95037566169557197,0.95513993763295635,0.64949156981547307,0.75877276628287516,0.44049939666522703,0.10899949763014538,0.31852530986219724,0.00057683227617810751,1e-08
