year,iter,incidence(millions),beta_H1,beta_H3,beta_B,susceptibility_H1_0,susceptibility_H1_5,susceptibility_H1_25,susceptibility_H1_65,susceptibility_H3_0,susceptibility_H3_5,susceptibility_H3_25,susceptibility_H3_65,susceptibility_B_0,susceptibility_B_5,susceptibility_B_25,susceptibility_B_65,vac_eff_hospitalization,vac_eff_mortality,prob_hosp_scaling,prob_death_scaling
2015-16,766,25.493050917570248,0.002088654221516939,0.0023563403843209763,0.0017528595679912051,0.58009286395469239,0.8254586616205607,0.58228555416671302,0.57733251330902613,0.82347397772893038,0.62202503593031322,0.54474464267140776,0.85534287445495893,0.99273059957735255,0.87048882934139116,0.78374381385266578,0.70272669424137491,0.58055305943837388,0.67385572774619584,0.00056747232585041552,4.4184564900351386e-05
