year,iter,incidence(millions),beta_H1,beta_H3,beta_B,susceptibility_H1_0,susceptibility_H1_5,susceptibility_H1_25,susceptibility_H1_65,susceptibility_H3_0,susceptibility_H3_5,susceptibility_H3_25,susceptibility_H3_65,susceptibility_B_0,susceptibility_B_5,susceptibility_B_25,susceptibility_B_65,vac_eff_hospitalization,vac_eff_mortality,prob_hosp_scaling,prob_death_scaling
2015-16,767,27.475066461962005,0.0020984091162727925,0.0017790515930108941,0.002052016658183109,0.51730235877307207,0.83162305338879783,0.45854357152527575,0.75071047059234264,0.87172860431237154,0.7075417606008968,0.76549065620175472,0.67264629372605911,0.71159529726882698,0.51769140940331448,0.70744778156510113,0.58309681350610643,0.86308305311059108,0.4297843806537246,0.00035843969642390672,4.124636615354671e-05
