year,iter,incidence(millions),beta_H1,beta_H3,beta_B,susceptibility_H1_0,susceptibility_H1_5,susceptibility_H1_25,susceptibility_H1_65,susceptibility_H3_0,susceptibility_H3_5,susceptibility_H3_25,susceptibility_H3_65,susceptibility_B_0,susceptibility_B_5,susceptibility_B_25,susceptibility_B_65,vac_eff_hospitalization,vac_eff_mortality,prob_hosp_scaling,prob_death_scaling
2012-13,690,33.97763345542909,0.0014259175581848305,0.0017247349458836547,0.002213072831377394,0.98058870325474012,0.91291930535262045,0.73164103442011674,0.84041334629841002,0.48165280188811121,0.98729976702600575,0.53681746704204769,0.81333019525063743,0.45480099140361285,0.90246866566563866,0.45264925206495821,0.62117706129487948,0.32253730198287028,0.17055200299570533,0.0008832322344917154,4.6138416939900395e-05
