year,iter,incidence(millions),beta_H1,beta_H3,beta_B,susceptibility_H1_0,susceptibility_H1_5,susceptibility_H1_25,susceptibility_H1_65,susceptibility_H3_0,susceptibility_H3_5,susceptibility_H3_25,susceptibility_H3_65,susceptibility_B_0,susceptibility_B_5,susceptibility_B_25,susceptibility_B_65,vac_eff_hospitalization,vac_eff_mortality,prob_hosp_scaling,prob_death_scaling
2015-16,540,25.928300901133543,0.0020127851942268737,0.0018455680936280694,0.0017135538409799866,0.68829864311900035,0.79767669388518914,0.58572799710795442,0.4951090316764748,0.99783364946816266,0.45514392375131374,0.83277777078551463,0.47746442710800924,0.81256813391579663,0.74600868319462599,0.88064662252062187,0.94913420393972703,0.61671473533824894,0.82525338963685568,0.00059436009218882813,5.1645559021762377e-05
