year,iter,incidence(millions),beta_H1,beta_H3,beta_B,susceptibility_H1_0,susceptibility_H1_5,susceptibility_H1_25,susceptibility_H1_65,susceptibility_H3_0,susceptibility_H3_5,susceptibility_H3_25,susceptibility_H3_65,susceptibility_B_0,susceptibility_B_5,susceptibility_B_25,susceptibility_B_65,vac_eff_hospitalization,vac_eff_mortality,prob_hosp_scaling,prob_death_scaling
2014-15,985,30.188504769498184,0.0017218455241294062,0.0021578074059218078,1.3221331897406152e-05,0.84102958388071269,0.85296710104242357,0.62165072405786681,0.8064126047216843,0.51491086189237134,0.70473198084275768,0.60943919542948044,0.81295945889290788,0.46017090787599707,0.94886997085236624,0.59251419738646249,0.94555051454152594,0.41482792132553065,0.45896195918653027,0.00045123315229184113,6.4155310709301805e-05
