year,iter,incidence(millions),beta_H1,beta_H3,beta_B,susceptibility_H1_0,susceptibility_H1_5,susceptibility_H1_25,susceptibility_H1_65,susceptibility_H3_0,susceptibility_H3_5,susceptibility_H3_25,susceptibility_H3_65,susceptibility_B_0,susceptibility_B_5,susceptibility_B_25,susceptibility_B_65,vac_eff_hospitalization,vac_eff_mortality,prob_hosp_scaling,prob_death_scaling
2015-16,98,27.215663623312626,0.0024997757742727944,0.0011344172820774712,0.0021534742132147677,0.82668103389583836,0.55681713240934483,0.58414170748944361,0.71379745739800238,0.41901521863540231,0.94770512611813684,0.95808808565241255,0.63589024016402562,0.7123020147180501,0.51658072608669814,0.76858439568354164,0.96067843185971502,0.68515004989782469,0.35011561890108267,0.0011034358523681065,2.1936066949612698e-05
