year,iter,incidence(millions),beta_H1,beta_H3,beta_B,susceptibility_H1_0,susceptibility_H1_5,susceptibility_H1_25,susceptibility_H1_65,susceptibility_H3_0,susceptibility_H3_5,susceptibility_H3_25,susceptibility_H3_65,susceptibility_B_0,susceptibility_B_5,susceptibility_B_25,susceptibility_B_65,vac_eff_hospitalization,vac_eff_mortality,prob_hosp_scaling,prob_death_scaling
2014-15,752,29.88065436530829,0.0016817518764364325,0.002221674883718272,0.0018906164026540329,0.99877341498871652,0.77377805900045571,0.50970845375056584,0.5399807224722748,0.54500320048019613,0.59575941074190586,0.5321533329015613,0.87287674814979588,0.9420083912688777,0.76565122658171547,0.77933057882500301,0.61521703409012307,0.73003939222658354,0.42023685711845793,0.00027617413875341557,7.2585709227468431e-05
