year,iter,incidence(millions),beta_H1,beta_H3,beta_B,susceptibility_H1_0,susceptibility_H1_5,susceptibility_H1_25,susceptibility_H1_65,susceptibility_H3_0,susceptibility_H3_5,susceptibility_H3_25,susceptibility_H3_65,susceptibility_B_0,susceptibility_B_5,susceptibility_B_25,susceptibility_B_65,vac_eff_hospitalization,vac_eff_mortality,prob_hosp_scaling,prob_death_scaling
2014-15,362,30.06342640514924,0.0015157785164936488,0.0014343023300478763,0.0022822489217356745,0.68499286413575344,0.6675954275693704,0.75890066463823502,0.95431918423906259,0.75631085614982418,0.77161733194786863,0.95111696161134152,0.40195232096796557,0.77188318312880455,0.59391290838802613,0.57829422662435759,0.53423980939651972,0.046610857734319666,0.37607775480269068,0.00037676913795098299,0.00011984833910960724
