year,iter,incidence(millions),beta_H1,beta_H3,beta_B,susceptibility_H1_0,susceptibility_H1_5,susceptibility_H1_25,susceptibility_H1_65,susceptibility_H3_0,susceptibility_H3_5,susceptibility_H3_25,susceptibility_H3_65,susceptibility_B_0,susceptibility_B_5,susceptibility_B_25,susceptibility_B_65,vac_eff_hospitalization,vac_eff_mortality,prob_hosp_scaling,prob_death_scaling
2015-16,80,27.315056312112294,0.0018619398797057318,0.0013067356933564311,0.0015876476441132881,0.85763445296499974,0.83947944284456621,0.46297969044684029,0.45645066278647262,0.95264038726655542,0.62055218929746181,0.96530838062069413,0.68009932279434315,0.54059094950555253,0.86225272090390992,0.77410538478922275,0.98576163996421928,0.25404170133988702,0.075534845578887677,0.00080893312738383738,4.4970484737894001e-05
