year,iter,incidence(millions),beta_H1,beta_H3,beta_B,susceptibility_H1_0,susceptibility_H1_5,susceptibility_H1_25,susceptibility_H1_65,susceptibility_H3_0,susceptibility_H3_5,susceptibility_H3_25,susceptibility_H3_65,susceptibility_B_0,susceptibility_B_5,susceptibility_B_25,susceptibility_B_65,vac_eff_hospitalization,vac_eff_mortality,prob_hosp_scaling,prob_death_scaling
2014-15,992,30.183702981988016,0.0016061566540162553,0.0021021334523607105,0.0020667467065226819,0.7073449602713181,0.75253809030439167,0.49207963670559118,0.66243831121460073,0.48940923602686753,0.60860057670149037,0.44563590423635085,0.97543807987907516,0.63878332205018629,0.59423929155497934,0.41564296049396732,0.54307944158594035,0.013890641153268324,0.0067101219557416103,0.00022476739970950232,3.002380190553211e-05
