year,iter,incidence(millions),beta_H1,beta_H3,beta_B,susceptibility_H1_0,susceptibility_H1_5,susceptibility_H1_25,susceptibility_H1_65,susceptibility_H3_0,susceptibility_H3_5,susceptibility_H3_25,susceptibility_H3_65,susceptibility_B_0,susceptibility_B_5,susceptibility_B_25,susceptibility_B_65,vac_eff_hospitalization,vac_eff_mortality,prob_hosp_scaling,prob_death_scaling
2012-13,239,35.47071174035614,0.0019886723112063076,0.0020134142705205971,0.0015706675660601688,0.67992160381017719,0.47707039512435867,0.5350987856394418,0.40379353480588631,0.78649145790200437,0.62581759836388096,0.57543709827777934,0.59050497424427861,0.89503377403222584,0.73184042771179803,0.94198549778579044,0.9546310635509101,0.027766218742139581,0.30605809271760887,0.00015553022585912402,5.3851721133590935e-05
