year,iter,incidence(millions),beta_H1,beta_H3,beta_B,susceptibility_H1_0,susceptibility_H1_5,susceptibility_H1_25,susceptibility_H1_65,susceptibility_H3_0,susceptibility_H3_5,susceptibility_H3_25,susceptibility_H3_65,susceptibility_B_0,susceptibility_B_5,susceptibility_B_25,susceptibility_B_65,vac_eff_hospitalization,vac_eff_mortality,prob_hosp_scaling,prob_death_scaling
2014-15,854,31.49047387343262,0.0015274372697622329,0.0013404317098526519,0.0021714791938217126,0.62852267932996075,0.62579100584893799,0.63224275622609416,0.59223854361937445,0.74606021798211397,0.70613988029129637,0.89903391378035125,0.75265565659850897,0.89170118655069375,0.52117164418099549,0.55981917830242611,0.44508177286291639,0.83141316387960906,0.8161095986785023,0.00065425881300029687,0.00015521645011279395
