year,iter,incidence(millions),beta_H1,beta_H3,beta_B,susceptibility_H1_0,susceptibility_H1_5,susceptibility_H1_25,susceptibility_H1_65,susceptibility_H3_0,susceptibility_H3_5,susceptibility_H3_25,susceptibility_H3_65,susceptibility_B_0,susceptibility_B_5,susceptibility_B_25,susceptibility_B_65,vac_eff_hospitalization,vac_eff_mortality,prob_hosp_scaling,prob_death_scaling
2015-16,341,26.98543052637152,0.0021729855722680269,0.0017270279723846094,0.0022920903965942818,0.41412635033163175,0.51193905724582178,0.74081731856877986,0.51593418038618555,0.47209111028615514,0.89260344503160938,0.40854200501058335,0.90027883812806264,0.40853532849752572,0.43101662043751038,0.73089518796169228,0.82007199080892312,0.85413109151874522,0.75043848706564398,0.00034746087077941468,2.3374623491334567e-05
