year,iter,incidence(millions),beta_H1,beta_H3,beta_B,susceptibility_H1_0,susceptibility_H1_5,susceptibility_H1_25,susceptibility_H1_65,susceptibility_H3_0,susceptibility_H3_5,susceptibility_H3_25,susceptibility_H3_65,susceptibility_B_0,susceptibility_B_5,susceptibility_B_25,susceptibility_B_65,vac_eff_hospitalization,vac_eff_mortality,prob_hosp_scaling,prob_death_scaling
2014-15,685,30.48691712664624,0.0012762559531401263,0.0015837687960019164,0.0020437234118449443,0.85030231064049067,0.92315184975370901,0.85894557164767726,0.87172391405912308,0.95528748529177054,0.75045654982807908,0.89044850156422295,0.7345780287371082,0.94445782382553678,0.63910270881729447,0.73075062880961683,0.98822519919943352,0.27998836578032793,0.020526271832732756,0.00026183957261421975,6.4240283856820124e-05
