year,iter,incidence(millions),beta_H1,beta_H3,beta_B,susceptibility_H1_0,susceptibility_H1_5,susceptibility_H1_25,susceptibility_H1_65,susceptibility_H3_0,susceptibility_H3_5,susceptibility_H3_25,susceptibility_H3_65,susceptibility_B_0,susceptibility_B_5,susceptibility_B_25,susceptibility_B_65,vac_eff_hospitalization,vac_eff_mortality,prob_hosp_scaling,prob_death_scaling
2014-15,993,32.57906436606483,0.0014183845751222779,0.0017190627362465016,0.0018493018070435685,0.68438909018252725,0.43817427650364166,0.85519266850686537,0.57563658848336796,0.65105620891395932,0.74434047161326178,0.4942338704496585,0.75263890839203262,0.85120850987818786,0.81097773841680332,0.54101208071641371,0.88390012461242251,0.58203425034752265,0.073025841153416982,0.00039445169390073254,7.0761808385277902e-05
