year,iter,incidence(millions),beta_H1,beta_H3,beta_B,susceptibility_H1_0,susceptibility_H1_5,susceptibility_H1_25,susceptibility_H1_65,susceptibility_H3_0,susceptibility_H3_5,susceptibility_H3_25,susceptibility_H3_65,susceptibility_B_0,susceptibility_B_5,susceptibility_B_25,susceptibility_B_65,vac_eff_hospitalization,vac_eff_mortality,prob_hosp_scaling,prob_death_scaling
2014-15,688,30.18383569651462,0.0014100840534762016,0.0018447393379364407,0.0016299049817304345,0.4270457593696555,0.64313970610014337,0.84598198537532121,0.76409291699015758,0.78179318989164015,0.70653949980082342,0.54511346577825825,0.42127805109793798,0.97245331254550826,0.87894141087389155,0.80351296679322903,0.63077778252147176,0.78112736508061609,0.52783758530463409,0.00089811260350758371,8.633117632311782e-05
