year,iter,incidence(millions),beta_H1,beta_H3,beta_B,susceptibility_H1_0,susceptibility_H1_5,susceptibility_H1_25,susceptibility_H1_65,susceptibility_H3_0,susceptibility_H3_5,susceptibility_H3_25,susceptibility_H3_65,susceptibility_B_0,susceptibility_B_5,susceptibility_B_25,susceptibility_B_65,vac_eff_hospitalization,vac_eff_mortality,prob_hosp_scaling,prob_death_scaling
2015-16,218,26.646904670601362,0.00220388110893599,0.0023315516537015246,0.0024018559203643486,0.6053829830312315,0.69093329481628252,0.73694575336955048,0.440252838926944,0.64034566337396093,0.66643750373907162,0.46858865973853392,0.62713393677557028,0.98958713291385458,0.65669891802909452,0.65665439100359879,0.45748565860772766,0.86655941737654252,0.11035533167229056,0.0007167917221720943,4.2803845530181572e-05
