year,iter,incidence(millions),beta_H1,beta_H3,beta_B,susceptibility_H1_0,susceptibility_H1_5,susceptibility_H1_25,susceptibility_H1_65,susceptibility_H3_0,susceptibility_H3_5,susceptibility_H3_25,susceptibility_H3_65,susceptibility_B_0,susceptibility_B_5,susceptibility_B_25,susceptibility_B_65,vac_eff_hospitalization,vac_eff_mortality,prob_hosp_scaling,prob_death_scaling
2015-16,212,24.80290644761268,0.0019799053608651196,0.0021686341842504508,0.0020095230635386319,0.78883524831010343,0.4190873166084656,0.95026180618609868,0.86210265179676338,0.41939881125522505,0.63214644853264634,0.62447771548794828,0.81916246494030454,0.60454775878628586,0.8939396241808315,0.54873866352529754,0.66688994193218609,0.21610493788095381,0.031876551926548591,0.00025980569431927059,2.5194310088738625e-05
