year,iter,incidence(millions),beta_H1,beta_H3,beta_B,susceptibility_H1_0,susceptibility_H1_5,susceptibility_H1_25,susceptibility_H1_65,susceptibility_H3_0,susceptibility_H3_5,susceptibility_H3_25,susceptibility_H3_65,susceptibility_B_0,susceptibility_B_5,susceptibility_B_25,susceptibility_B_65,vac_eff_hospitalization,vac_eff_mortality,prob_hosp_scaling,prob_death_scaling
2014-15,93,29.34163922714052,0.0019704922792165847,0.0015836964203394532,0.0018875172664601925,0.53882980141225323,0.46827218198289167,0.70168081441946106,0.47020347786441002,0.77113876954768634,0.98633379785673914,0.57855070351368654,0.85020763614909067,0.75667845510435261,0.47842116797038808,0.91643155560463474,0.81076157683775696,0.5056879395136531,0.73141920036003705,0.00050632901663172358,0.00014022882198611031
