year,iter,incidence(millions),beta_H1,beta_H3,beta_B,susceptibility_H1_0,susceptibility_H1_5,susceptibility_H1_25,susceptibility_H1_65,susceptibility_H3_0,susceptibility_H3_5,susceptibility_H3_25,susceptibility_H3_65,susceptibility_B_0,susceptibility_B_5,susceptibility_B_25,susceptibility_B_65,vac_eff_hospitalization,vac_eff_mortality,prob_hosp_scaling,prob_death_scaling
2014-15,734,29.482900958422395,0.0017044612491487476,0.0020038657894984602,0.0019026550245968554,0.91895588178701382,0.64062976197221233,0.80857525248659612,0.65910448555149048,0.93604002694999799,0.70872237132345095,0.61038670277274887,0.42066887901296429,0.45324158176912022,0.71525009728652411,0.87509019826376577,0.56024549774228072,0.60235786912649403,0.79288685839333151,0.00050376264371998491,0.00010815976775940817
