year,iter,incidence(millions),beta_H1,beta_H3,beta_B,susceptibility_H1_0,susceptibility_H1_5,susceptibility_H1_25,susceptibility_H1_65,susceptibility_H3_0,susceptibility_H3_5,susceptibility_H3_25,susceptibility_H3_65,susceptibility_B_0,susceptibility_B_5,susceptibility_B_25,susceptibility_B_65,vac_eff_hospitalization,vac_eff_mortality,prob_hosp_scaling,prob_death_scaling
2014-15,738,29.28836522030845,0.0013952801734329334,0.0019465778402217859,0.0024608729903503046,0.42076500970959907,0.75782964523286189,0.98842573513672616,0.43919540756194253,0.79537221765851385,0.63413607236493919,0.62050071790745642,0.80874352776353842,0.43949185537695806,0.48829369869320272,0.69958876424265959,0.68341048850775454,0.95964183790389512,0.32612356058178282,0.0007212476248992794,5.2394405339939443e-05
