year,iter,incidence(millions),beta_H1,beta_H3,beta_B,susceptibility_H1_0,susceptibility_H1_5,susceptibility_H1_25,susceptibility_H1_65,susceptibility_H3_0,susceptibility_H3_5,susceptibility_H3_25,susceptibility_H3_65,susceptibility_B_0,susceptibility_B_5,susceptibility_B_25,susceptibility_B_65,vac_eff_hospitalization,vac_eff_mortality,prob_hosp_scaling,prob_death_scaling
2012-13,220,36.355392718913755,0.0015502353832592131,0.0014687229852222705,0.001782043281408241,0.74013353838481799,0.73658343050587471,0.5176458169866448,0.44967915952698351,0.44422128746015671,0.832806178808285,0.83238414699732277,0.98146868097162066,0.81667718382494459,0.79228178317977394,0.75135012507980004,0.41073147189682707,0.67918872079710324,0.50930279023643077,0.00013901235790159117,5.369895098888966e-05
