year,iter,incidence(millions),beta_H1,beta_H3,beta_B,susceptibility_H1_0,susceptibility_H1_5,susceptibility_H1_25,susceptibility_H1_65,susceptibility_H3_0,susceptibility_H3_5,susceptibility_H3_25,susceptibility_H3_65,susceptibility_B_0,susceptibility_B_5,susceptibility_B_25,susceptibility_B_65,vac_eff_hospitalization,vac_eff_mortality,prob_hosp_scaling,prob_death_scaling
2015-16,798,25.590033967995357,0.0017184013877620252,0.0013294130963137363,0.0020188824547288098,0.6809899607072154,0.95965747242997357,0.59110071662021446,0.69207722242308778,0.82579573526182759,0.82883057316729358,0.97104058296541118,0.69205636082453159,0.95129748524067115,0.84718290154578502,0.48666704657342547,0.5166081803521746,0.92019463256655198,0.84589289905909204,0.00027507630113116077,5.2924086334948939e-05
