year,iter,incidence(millions),beta_H1,beta_H3,beta_B,susceptibility_H1_0,susceptibility_H1_5,susceptibility_H1_25,susceptibility_H1_65,susceptibility_H3_0,susceptibility_H3_5,susceptibility_H3_25,susceptibility_H3_65,susceptibility_B_0,susceptibility_B_5,susceptibility_B_25,susceptibility_B_65,vac_eff_hospitalization,vac_eff_mortality,prob_hosp_scaling,prob_death_scaling
2015-16,811,27.692052344804196,0.002384568750799454,0.002851021513821439,0.0019807794816124047,0.62686996843342269,0.52215611147165819,0.74771251459587096,0.41011808878113004,0.4949092068091574,0.53585865673801858,0.4834541145471441,0.88002993419941422,0.66106981826873112,0.97149718619390635,0.49060122366704656,0.97552923825223625,0.24631037205980638,0.32283988761190263,0.00018391577446474905,3.5142072682625702e-05
