year,iter,incidence(millions),beta_H1,beta_H3,beta_B,susceptibility_H1_0,susceptibility_H1_5,susceptibility_H1_25,susceptibility_H1_65,susceptibility_H3_0,susceptibility_H3_5,susceptibility_H3_25,susceptibility_H3_65,susceptibility_B_0,susceptibility_B_5,susceptibility_B_25,susceptibility_B_65,vac_eff_hospitalization,vac_eff_mortality,prob_hosp_scaling,prob_death_scaling
2012-13,257,36.05721664728087,0.0015229090170877368,0.0017048201204686864,0.0024052546871950464,0.63275196677728873,0.81416360935668097,0.87314453532181635,0.68447022450198181,0.55065111969049918,0.87869564714148773,0.87714378332852083,0.88296248552499645,0.97688079591948274,0.48947863071571329,0.7857634268764726,0.90488385575080188,0.95942714628550796,0.48637085559580162,0.00066984028458066946,4.735749378326215e-05
