year,iter,incidence(millions),beta_H1,beta_H3,beta_B,susceptibility_H1_0,susceptibility_H1_5,susceptibility_H1_25,susceptibility_H1_65,susceptibility_H3_0,susceptibility_H3_5,susceptibility_H3_25,susceptibility_H3_65,susceptibility_B_0,susceptibility_B_5,susceptibility_B_25,susceptibility_B_65,vac_eff_hospitalization,vac_eff_mortality,prob_hosp_scaling,prob_death_scaling
2014-15,813,30.871426337265323,0.0021027047409542532,0.0020831485747412892,0.0017001781827181706,0.8731449114837333,0.56270755959557284,0.42641212487157326,0.5817511234145829,0.84319865281601725,0.65588292268031378,0.4350581776300807,0.7498432009810474,0.83352408264525291,0.88834614401029866,0.80526841373546454,0.97020294862321166,0.80528341144648952,0.60640085085985085,0.00082904411842266157,8.5906409543812234e-05
