year,iter,incidence(millions),beta_H1,beta_H3,beta_B,susceptibility_H1_0,susceptibility_H1_5,susceptibility_H1_25,susceptibility_H1_65,susceptibility_H3_0,susceptibility_H3_5,susceptibility_H3_25,susceptibility_H3_65,susceptibility_B_0,susceptibility_B_5,susceptibility_B_25,susceptibility_B_65,vac_eff_hospitalization,vac_eff_mortality,prob_hosp_scaling,prob_death_scaling
2014-15,661,29.110389636608957,0.002262762714661859,0.0017966212283779814,0.0019660580570019515,0.45895944275453932,0.44533384040592855,0.65295934166525749,0.69004096823118466,0.98315124246250396,0.81169264177975831,0.7880783016641022,0.47344693503645724,0.91790198436702397,0.62014857167058213,0.97193331862344579,0.78214886449990051,0.25384626355400253,0.23289764731653118,0.00036972189741985018,7.4339565209524672e-05
