year,iter,incidence(millions),beta_H1,beta_H3,beta_B,susceptibility_H1_0,susceptibility_H1_5,susceptibility_H1_25,susceptibility_H1_65,susceptibility_H3_0,susceptibility_H3_5,susceptibility_H3_25,susceptibility_H3_65,susceptibility_B_0,susceptibility_B_5,susceptibility_B_25,susceptibility_B_65,vac_eff_hospitalization,vac_eff_mortality,prob_hosp_scaling,prob_death_scaling
2014-15,666,31.18879889295717,0.0016822643317857544,0.0018375266200568174,0.002025007343605556,0.52373815076567931,0.74616425133378961,0.71635933509245964,0.51953947358550367,0.92567219143283119,0.91095973480839576,0.4885786175495162,0.92212558373360554,0.53080749830156571,0.9610663894110858,0.57693351801574921,0.90684240484477663,0.22824611347536128,0.38951360091191134,0.00032770947253180083,5.0129555106415147e-05
