year,iter,incidence(millions),beta_H1,beta_H3,beta_B,susceptibility_H1_0,susceptibility_H1_5,susceptibility_H1_25,susceptibility_H1_65,susceptibility_H3_0,susceptibility_H3_5,susceptibility_H3_25,susceptibility_H3_65,susceptibility_B_0,susceptibility_B_5,susceptibility_B_25,susceptibility_B_65,vac_eff_hospitalization,vac_eff_mortality,prob_hosp_scaling,prob_death_scaling
2015-16,757,25.891254824627005,0.0020667719052632205,0.0024775746832778611,0.0020308871967641973,0.74421619800235939,0.67885293877737785,0.90141505891085216,0.42463877164572095,0.91162959524693021,0.68911755666820618,0.5294477190907918,0.42355605679352271,0.72311278647406263,0.90090382071149455,0.63346651546164312,0.99964775792826421,0.85105202446202144,0.63502815946769786,0.00056944665780245263,3.486620657056072e-05
