year,iter,incidence(millions),beta_H1,beta_H3,beta_B,susceptibility_H1_0,susceptibility_H1_5,susceptibility_H1_25,susceptibility_H1_65,susceptibility_H3_0,susceptibility_H3_5,susceptibility_H3_25,susceptibility_H3_65,susceptibility_B_0,susceptibility_B_5,susceptibility_B_25,susceptibility_B_65,vac_eff_hospitalization,vac_eff_mortality,prob_hosp_scaling,prob_death_scaling
2017-18,610,48.73759708896156,0.0026720507921561554,0.0017720841762827733,0.0014988078401264593,0.66478564611510671,0.45101773008614465,0.64507016161182085,0.56379762602338213,0.47576362687207169,0.91893915918921421,0.4537278950180143,0.94771922279448628,0.95931326072365453,0.94967682235500828,0.55323722471088743,0.48743856879249697,0.22733718925078267,0.1961392199356623,0.00080935656504033116,5.7220730071361192e-05
