year,iter,incidence(millions),beta_H1,beta_H3,beta_B,susceptibility_H1_0,susceptibility_H1_5,susceptibility_H1_25,susceptibility_H1_65,susceptibility_H3_0,susceptibility_H3_5,susceptibility_H3_25,susceptibility_H3_65,susceptibility_B_0,susceptibility_B_5,susceptibility_B_25,susceptibility_B_65,vac_eff_hospitalization,vac_eff_mortality,prob_hosp_scaling,prob_death_scaling
2012-13,98,34.71790856081883,0.0016591649617215265,0.0018672591700069074,0.0015821035660367744,0.57331576164531717,0.67863708077774754,0.82955391998299777,0.66096946425848824,0.72629777513961047,0.86098084719979828,0.61181303379036001,0.76096051188036484,0.82352132572647707,0.41426931988336807,0.99422415631490335,0.53676918170032506,0.58404169913275206,0.51264018772178421,0.0003247866089825524,4.7542922416599076e-05
