year,iter,incidence(millions),beta_H1,beta_H3,beta_B,susceptibility_H1_0,susceptibility_H1_5,susceptibility_H1_25,susceptibility_H1_65,susceptibility_H3_0,susceptibility_H3_5,susceptibility_H3_25,susceptibility_H3_65,susceptibility_B_0,susceptibility_B_5,susceptibility_B_25,susceptibility_B_65,vac_eff_hospitalization,vac_eff_mortality,prob_hosp_scaling,prob_death_scaling
2014-15,681,30.13919320899658,0.0014389848177158715,0.0016054781913116267,0.0016061906831091877,0.6369364622024476,0.48000286904558703,0.97258149728143839,0.46943421972839666,0.45239192589619465,0.63554967609288571,0.85866377251465131,0.88184146637876815,0.95810538916785093,0.90219052712958825,0.71654820390504059,0.54600280871803075,0.76204109000529863,0.92034297858903713,0.00043798779503240182,6.5788493041840646e-05
