year,iter,incidence(millions),beta_H1,beta_H3,beta_B,susceptibility_H1_0,susceptibility_H1_5,susceptibility_H1_25,susceptibility_H1_65,susceptibility_H3_0,susceptibility_H3_5,susceptibility_H3_25,susceptibility_H3_65,susceptibility_B_0,susceptibility_B_5,susceptibility_B_25,susceptibility_B_65,vac_eff_hospitalization,vac_eff_mortality,prob_hosp_scaling,prob_death_scaling
2015-16,755,25.63702685964056,0.0024722273288924068,0.0020662176051477465,0.0015361640021736012,0.79877926654310405,0.62880532428380442,0.55309263197643566,0.55079283534051848,0.56591073262738245,0.96902012762746237,0.40941973478810134,0.74965978902148911,0.80462334949936398,0.97865340041453197,0.87331171539180552,0.8111132742225482,0.93049508587108209,0.86600372524085634,0.00045651474326457997,4.1283455460394691e-05
