year,iter,incidence(millions),beta_H1,beta_H3,beta_B,susceptibility_H1_0,susceptibility_H1_5,susceptibility_H1_25,susceptibility_H1_65,susceptibility_H3_0,susceptibility_H3_5,susceptibility_H3_25,susceptibility_H3_65,susceptibility_B_0,susceptibility_B_5,susceptibility_B_25,susceptibility_B_65,vac_eff_hospitalization,vac_eff_mortality,prob_hosp_scaling,prob_death_scaling
2014-15,737,30.336197557467127,0.0024505690130134927,0.002304300622592903,0.0018723382714234682,0.66579115637129671,0.41557408618047059,0.41960862679944366,0.52760800813253139,0.5081050943066775,0.46118000257756298,0.56228929356977342,0.67047765616803912,0.54444514928439924,0.84348486205167506,0.50783369605136452,0.47296386000066359,0.59414554825251986,0.57385502577808101,0.00036978974935703013,8.9769411936724275e-05
