year,iter,incidence(millions),beta_H1,beta_H3,beta_B,susceptibility_H1_0,susceptibility_H1_5,susceptibility_H1_25,susceptibility_H1_65,susceptibility_H3_0,susceptibility_H3_5,susceptibility_H3_25,susceptibility_H3_65,susceptibility_B_0,susceptibility_B_5,susceptibility_B_25,susceptibility_B_65,vac_eff_hospitalization,vac_eff_mortality,prob_hosp_scaling,prob_death_scaling
2015-16,331,24.672358994988333,0.0023914924537377091,0.002293551136247185,0.0023638781484306426,0.51037022450915615,0.54295691727610584,0.79631981275969177,0.99022194089142967,0.94411252167195148,0.78694738956086163,0.57754144973700572,0.5183950263445144,0.82117311623912626,0.67447525264534924,0.57453366757321545,0.99280556004953291,0.85207581153318501,0.89335274250241303,0.00032214384995821188,3.1007292108864437e-05
