year,iter,incidence(millions),beta_H1,beta_H3,beta_B,susceptibility_H1_0,susceptibility_H1_5,susceptibility_H1_25,susceptibility_H1_65,susceptibility_H3_0,susceptibility_H3_5,susceptibility_H3_25,susceptibility_H3_65,susceptibility_B_0,susceptibility_B_5,susceptibility_B_25,susceptibility_B_65,vac_eff_hospitalization,vac_eff_mortality,prob_hosp_scaling,prob_death_scaling
2015-16,523,25.459411437677453,0.0021171791215084945,0.0015193646698081209,0.0024585540719940235,0.70125279634689397,0.567694496981896,0.57493662575817939,0.81295504933471674,0.94406928715415783,0.85085724971652332,0.5253003357995002,0.63747145165528674,0.81593709331753983,0.47572513047455978,0.47611499181400441,0.41768261702753051,0.063926811604457789,0.10660514368921559,0.00038102839651166232,1.9745743865928755e-05
