year,iter,incidence(millions),beta_H1,beta_H3,beta_B,susceptibility_H1_0,susceptibility_H1_5,susceptibility_H1_25,susceptibility_H1_65,susceptibility_H3_0,susceptibility_H3_5,susceptibility_H3_25,susceptibility_H3_65,susceptibility_B_0,susceptibility_B_5,susceptibility_B_25,susceptibility_B_65,vac_eff_hospitalization,vac_eff_mortality,prob_hosp_scaling,prob_death_scaling
2015-16,797,25.05518192654213,0.0018293753179794425,0.0015855792328920981,0.0021344754445918879,0.79753692052752911,0.88708928726509217,0.74802952404225653,0.468014380250455,0.97058685568658654,0.94559035073425957,0.81008132927414978,0.8196087982688518,0.69617357584149364,0.77457087736271002,0.5000244312259875,0.58970578625708348,0.68420024593390372,0.99609345871541399,0.00019546467969111525,4.6698474853223981e-05
