year,iter,incidence(millions),beta_H1,beta_H3,beta_B,susceptibility_H1_0,susceptibility_H1_5,susceptibility_H1_25,susceptibility_H1_65,susceptibility_H3_0,susceptibility_H3_5,susceptibility_H3_25,susceptibility_H3_65,susceptibility_B_0,susceptibility_B_5,susceptibility_B_25,susceptibility_B_65,vac_eff_hospitalization,vac_eff_mortality,prob_hosp_scaling,prob_death_scaling
2011-12,993,9.865449863850301,0.0016189101046023557,0.0017749195571644671,0.0014874003495725097,0.57883528107293003,0.79514881024424966,0.88469316754210892,0.40787312141465182,0.5511750130443801,0.47746502799283908,0.91555650589364335,0.89176913331695218,0.63150334048133083,0.70187958562594099,0.99987958498637719,0.95793664401684009,0.65551852230788465,0.55652956233188045,0.0002993943168018709,6.9159895728920784e-05
