year,iter,incidence(millions),beta_H1,beta_H3,beta_B,susceptibility_H1_0,susceptibility_H1_5,susceptibility_H1_25,susceptibility_H1_65,susceptibility_H3_0,susceptibility_H3_5,susceptibility_H3_25,susceptibility_H3_65,susceptibility_B_0,susceptibility_B_5,susceptibility_B_25,susceptibility_B_65,vac_eff_hospitalization,vac_eff_mortality,prob_hosp_scaling,prob_death_scaling
2014-15,91,30.80977653803243,0.0013309252200036648,0.0014907210269058391,0.0015901130689279785,0.58009991919495218,0.89333206313341385,0.45455684145055086,0.41734333978724641,0.88742493985154014,0.88706366732929065,0.52761357028092215,0.49005681932941852,0.77330371551343469,0.69624764776181736,0.97261100863677741,0.59629458489887643,0.49090575927712099,0.085595359308565877,0.0010353189329762036,0.00011619473440621642
