year,iter,incidence(millions),beta_H1,beta_H3,beta_B,susceptibility_H1_0,susceptibility_H1_5,susceptibility_H1_25,susceptibility_H1_65,susceptibility_H3_0,susceptibility_H3_5,susceptibility_H3_25,susceptibility_H3_65,susceptibility_B_0,susceptibility_B_5,susceptibility_B_25,susceptibility_B_65,vac_eff_hospitalization,vac_eff_mortality,prob_hosp_scaling,prob_death_scaling
2012-13,212,33.68354828542297,0.0013269958208891874,0.0018246995733197657,0.002169345542716139,0.80987423128540248,0.93137021916256246,0.52406626245745191,0.7596674624369899,0.64167112498480861,0.70666784347664746,0.57395966373887175,0.66615410768562522,0.8054824469085704,0.4043534452155404,0.74102376708754758,0.82454933504944006,0.68866394303020484,0.71338197299708384,0.00036903589495473899,1e-08
