year,iter,incidence(millions),beta_H1,beta_H3,beta_B,susceptibility_H1_0,susceptibility_H1_5,susceptibility_H1_25,susceptibility_H1_65,susceptibility_H3_0,susceptibility_H3_5,susceptibility_H3_25,susceptibility_H3_65,susceptibility_B_0,susceptibility_B_5,susceptibility_B_25,susceptibility_B_65,vac_eff_hospitalization,vac_eff_mortality,prob_hosp_scaling,prob_death_scaling
2017-18,619,48.54963678754381,0.0020577910511362374,0.0015446259925761541,0.0025473679011733252,0.53211424551707143,0.54378436850399048,0.72972342971255444,0.88881940676510141,0.71864286144582079,0.96607627278066588,0.66974482302484573,0.57790159844998312,0.77073953132814865,0.47105096649728512,0.58500366000066117,0.53580312308421019,0.61686386161634499,0.43157836712228886,0.00095299171909724034,4.7452826322791353e-05
