year,iter,incidence(millions),beta_H1,beta_H3,beta_B,susceptibility_H1_0,susceptibility_H1_5,susceptibility_H1_25,susceptibility_H1_65,susceptibility_H3_0,susceptibility_H3_5,susceptibility_H3_25,susceptibility_H3_65,susceptibility_B_0,susceptibility_B_5,susceptibility_B_25,susceptibility_B_65,vac_eff_hospitalization,vac_eff_mortality,prob_hosp_scaling,prob_death_scaling
2015-16,825,24.57463927393304,0.002386575586785733,0.0015037250966578042,0.0014790880343460433,0.54041016963740207,0.49211331807719744,0.59234753737917689,0.82847079194806028,0.96002104122639453,0.67305693188721827,0.97218308354233529,0.55226052997053521,0.59459370780862597,0.82462896945280872,0.99978798574424987,0.90903545485814941,0.21705628610544447,0.18912434928978744,0.00028453974905345847,3.8225956975557196e-05
