year,iter,incidence(millions),beta_H1,beta_H3,beta_B,susceptibility_H1_0,susceptibility_H1_5,susceptibility_H1_25,susceptibility_H1_65,susceptibility_H3_0,susceptibility_H3_5,susceptibility_H3_25,susceptibility_H3_65,susceptibility_B_0,susceptibility_B_5,susceptibility_B_25,susceptibility_B_65,vac_eff_hospitalization,vac_eff_mortality,prob_hosp_scaling,prob_death_scaling
2014-15,360,30.06005285378145,0.0016693520571615661,0.0014072281864860869,0.0018485294259912299,0.46178105150900728,0.74299758058389165,0.44394975191406899,0.68007442255590289,0.68874621346990561,0.84052819620600161,0.80796059151113364,0.40868819151799796,0.99098014924250166,0.57772626282845796,0.80069013106664844,0.47198531574757213,0.57646210280730592,0.41991223096050567,0.0010984586579578237,9.1357665257640885e-05
