year,iter,incidence(millions),beta_H1,beta_H3,beta_B,susceptibility_H1_0,susceptibility_H1_5,susceptibility_H1_25,susceptibility_H1_65,susceptibility_H3_0,susceptibility_H3_5,susceptibility_H3_25,susceptibility_H3_65,susceptibility_B_0,susceptibility_B_5,susceptibility_B_25,susceptibility_B_65,vac_eff_hospitalization,vac_eff_mortality,prob_hosp_scaling,prob_death_scaling
2014-15,739,31.16319742179303,0.0016986938683591912,0.0017305515841951613,0.002037303348353614,0.78820403238593739,0.63614010979226454,0.82650124240143286,0.68905042663151916,0.72313544434125265,0.79198197118655944,0.77082227324948582,0.86011491984930932,0.74224116305516374,0.44735723546635481,0.62377054005345456,0.557026159291659,0.21156923113466808,0.29811506465079279,0.00017655127785476399,6.2794047434644451e-05
