year,iter,incidence(millions),beta_H1,beta_H3,beta_B,susceptibility_H1_0,susceptibility_H1_5,susceptibility_H1_25,susceptibility_H1_65,susceptibility_H3_0,susceptibility_H3_5,susceptibility_H3_25,susceptibility_H3_65,susceptibility_B_0,susceptibility_B_5,susceptibility_B_25,susceptibility_B_65,vac_eff_hospitalization,vac_eff_mortality,prob_hosp_scaling,prob_death_scaling
2015-16,664,24.640612405070893,0.0015765760963525333,0.0018388904546891571,0.0016662390768436008,0.43683871764789817,0.94991664522504449,0.97825769266231988,0.57287088302449951,0.74776221009480381,0.8326688029030288,0.64599655778290588,0.83289512184395986,0.91227608207408362,0.65764209360580717,0.99000685994740811,0.94558610768650564,0.91294908707389077,0.26189775685333749,0.00058368287679710917,2.7510696382349042e-05
