year,iter,incidence(millions),beta_H1,beta_H3,beta_B,susceptibility_H1_0,susceptibility_H1_5,susceptibility_H1_25,susceptibility_H1_65,susceptibility_H3_0,susceptibility_H3_5,susceptibility_H3_25,susceptibility_H3_65,susceptibility_B_0,susceptibility_B_5,susceptibility_B_25,susceptibility_B_65,vac_eff_hospitalization,vac_eff_mortality,prob_hosp_scaling,prob_death_scaling
2015-16,817,24.928656300653714,0.0021421016529466486,0.0015421837799173277,0.0022798967895982791,0.78269338680230338,0.60776918774852018,0.58323556045759917,0.94100071470479529,0.50835080489431816,0.67646053601126166,0.89594981491822501,0.66813841267680152,0.76613615746084385,0.6719623568171883,0.40964201267179046,0.89246207915582954,0.032494604409033956,0.96711849136788619,0.00058920770593473559,3.4449812327141949e-05
