year,iter,incidence(millions),beta_H1,beta_H3,beta_B,susceptibility_H1_0,susceptibility_H1_5,susceptibility_H1_25,susceptibility_H1_65,susceptibility_H3_0,susceptibility_H3_5,susceptibility_H3_25,susceptibility_H3_65,susceptibility_B_0,susceptibility_B_5,susceptibility_B_25,susceptibility_B_65,vac_eff_hospitalization,vac_eff_mortality,prob_hosp_scaling,prob_death_scaling
2015-16,222,26.41775925903453,0.0021498116456865057,0.0019512283108091832,0.0015740530758623361,0.6406449323617861,0.61157166021559317,0.58160117562296887,0.9952780379467917,0.81254796493777182,0.7387317889077526,0.46413752623328891,0.99721135272289807,0.40927780253760998,0.83189416098763236,0.95436781045690644,0.43412009502682197,0.034485018016061963,0.64605807311688102,0.0001341530073091235,7.4486620977864959e-05
