year,iter,incidence(millions),beta_H1,beta_H3,beta_B,susceptibility_H1_0,susceptibility_H1_5,susceptibility_H1_25,susceptibility_H1_65,susceptibility_H3_0,susceptibility_H3_5,susceptibility_H3_25,susceptibility_H3_65,susceptibility_B_0,susceptibility_B_5,susceptibility_B_25,susceptibility_B_65,vac_eff_hospitalization,vac_eff_mortality,prob_hosp_scaling,prob_death_scaling
2015-16,548,25.04090122649755,0.0020130539178943585,0.0020637017804500113,0.0015876359676317842,0.86269801408497315,0.56738070768301396,0.73267069028586995,0.96728285426253546,0.57358007425372837,0.76556354265807136,0.52695790943965914,0.47284203864636831,0.5414255091454121,0.95231571646205371,0.56706145909223982,0.63068939705985183,0.01194151543361327,0.68723903233954076,0.00014305747913340161,4.6461097240602101e-05
