year,iter,incidence(millions),beta_H1,beta_H3,beta_B,susceptibility_H1_0,susceptibility_H1_5,susceptibility_H1_25,susceptibility_H1_65,susceptibility_H3_0,susceptibility_H3_5,susceptibility_H3_25,susceptibility_H3_65,susceptibility_B_0,susceptibility_B_5,susceptibility_B_25,susceptibility_B_65,vac_eff_hospitalization,vac_eff_mortality,prob_hosp_scaling,prob_death_scaling
2015-16,92,27.41918885829277,0.0025388320884375815,0.0018000732213511172,0.0021983103608200216,0.95336298193514302,0.47939587712849047,0.49831803238173034,0.64707678482409547,0.79779775546436982,0.87617329118613285,0.51305395705125545,0.59839711881257918,0.48412009195999933,0.469573564140772,0.73739456856986152,0.4744579724006,0.48977918705235107,0.8679325663988382,0.00022490550125625619,5.4413594281099709e-05
