year,iter,incidence(millions),beta_H1,beta_H3,beta_B,susceptibility_H1_0,susceptibility_H1_5,susceptibility_H1_25,susceptibility_H1_65,susceptibility_H3_0,susceptibility_H3_5,susceptibility_H3_25,susceptibility_H3_65,susceptibility_B_0,susceptibility_B_5,susceptibility_B_25,susceptibility_B_65,vac_eff_hospitalization,vac_eff_mortality,prob_hosp_scaling,prob_death_scaling
2014-15,90,31.65100076598133,0.0016011460787785925,0.0013891028887710877,0.0021367850823193479,0.85980673004591468,0.722993374610301,0.59021989475880976,0.40807736490283841,0.84339370372579259,0.96876323074819637,0.63005527157685892,0.61897000048942985,0.881267281071207,0.41303022968165393,0.45418487980593714,0.75606631540624847,0.33372552192699745,0.18540320455388531,0.0010289284909426044,0.00012038660783891819
