year,iter,incidence(millions),beta_H1,beta_H3,beta_B,susceptibility_H1_0,susceptibility_H1_5,susceptibility_H1_25,susceptibility_H1_65,susceptibility_H3_0,susceptibility_H3_5,susceptibility_H3_25,susceptibility_H3_65,susceptibility_B_0,susceptibility_B_5,susceptibility_B_25,susceptibility_B_65,vac_eff_hospitalization,vac_eff_mortality,prob_hosp_scaling,prob_death_scaling
2012-13,211,33.08530011146813,0.0011192259682406003,0.0021383852824163885,0.0018060217418220392,0.82211797343704784,0.96771496641592414,0.99742199758379957,0.89545643835906619,0.56113804634090136,0.43206639075168551,0.80315718672290637,0.91844724181223891,0.82373707097952198,0.69716228192949892,0.97692852134614205,0.71313465422516398,0.14069172601005392,0.77826528717208077,0.00047438098226532111,4.981873742487819e-05
