year,iter,incidence(millions),beta_H1,beta_H3,beta_B,susceptibility_H1_0,susceptibility_H1_5,susceptibility_H1_25,susceptibility_H1_65,susceptibility_H3_0,susceptibility_H3_5,susceptibility_H3_25,susceptibility_H3_65,susceptibility_B_0,susceptibility_B_5,susceptibility_B_25,susceptibility_B_65,vac_eff_hospitalization,vac_eff_mortality,prob_hosp_scaling,prob_death_scaling
2015-16,789,25.261642905393483,0.0020277002476248862,0.0017103879941595679,0.0019100845161893476,0.41287225059859167,0.84130826418064619,0.59122719373049959,0.76194532597438769,0.63949952854672443,0.78233885804897663,0.81530201584394191,0.44191214948689261,0.9850000095177267,0.74603861549575901,0.5107657239870792,0.99949632172270064,0.60810130280369901,0.35638146890355171,0.0004620767817394289,3.9250295510495636e-05
