year,iter,incidence(millions),beta_H1,beta_H3,beta_B,susceptibility_H1_0,susceptibility_H1_5,susceptibility_H1_25,susceptibility_H1_65,susceptibility_H3_0,susceptibility_H3_5,susceptibility_H3_25,susceptibility_H3_65,susceptibility_B_0,susceptibility_B_5,susceptibility_B_25,susceptibility_B_65,vac_eff_hospitalization,vac_eff_mortality,prob_hosp_scaling,prob_death_scaling
2014-15,731,31.07298505403714,0.0014094959168087784,0.0017252205828992562,0.0017172378279485812,0.91868612793538662,0.85254626638737641,0.53355419775915081,0.44116741564965367,0.53452791220624796,0.45347358594596116,0.92968254750671275,0.92456801352001605,0.51253431328797305,0.97722905058967391,0.69975247088815862,0.98332116897090449,0.18510138756687766,0.51178354496985667,0.0002959114239789451,6.1911181832130513e-05
