year,iter,incidence(millions),beta_H1,beta_H3,beta_B,susceptibility_H1_0,susceptibility_H1_5,susceptibility_H1_25,susceptibility_H1_65,susceptibility_H3_0,susceptibility_H3_5,susceptibility_H3_25,susceptibility_H3_65,susceptibility_B_0,susceptibility_B_5,susceptibility_B_25,susceptibility_B_65,vac_eff_hospitalization,vac_eff_mortality,prob_hosp_scaling,prob_death_scaling
2013-14,995,29.996478042278397,0.0015089206450645265,0.0013264142549658797,0.0016894670838383252,0.70707394275469038,0.91013439679306662,0.88174196134736293,0.88710663285100944,0.98021605204327777,0.89628715109743262,0.88523778525107266,0.93320514588201897,0.46342164757276649,0.45892814029908469,0.9198500487290181,0.50365269276085556,0.4089392788905985,0.78748196094585843,0.0003155521355451274,6.6850268083507025e-05
