year,iter,incidence(millions),beta_H1,beta_H3,beta_B,susceptibility_H1_0,susceptibility_H1_5,susceptibility_H1_25,susceptibility_H1_65,susceptibility_H3_0,susceptibility_H3_5,susceptibility_H3_25,susceptibility_H3_65,susceptibility_B_0,susceptibility_B_5,susceptibility_B_25,susceptibility_B_65,vac_eff_hospitalization,vac_eff_mortality,prob_hosp_scaling,prob_death_scaling
2012-13,208,36.25479645745969,0.0015261547616682858,0.0019576267745500253,0.0022374247368515121,0.92007249300332772,0.50043975559272591,0.97449461097957535,0.71992871004253445,0.61721026448587712,0.63338649247342715,0.77616993497791409,0.94399753492723359,0.45388869312285451,0.46594038984050806,0.91078423972985778,0.72715786564398877,0.071980471156794235,0.65922058405364059,0.00033682766358300587,3.0237107084274406e-05
