year,iter,incidence(millions),beta_H1,beta_H3,beta_B,susceptibility_H1_0,susceptibility_H1_5,susceptibility_H1_25,susceptibility_H1_65,susceptibility_H3_0,susceptibility_H3_5,susceptibility_H3_25,susceptibility_H3_65,susceptibility_B_0,susceptibility_B_5,susceptibility_B_25,susceptibility_B_65,vac_eff_hospitalization,vac_eff_mortality,prob_hosp_scaling,prob_death_scaling
2015-16,294,25.165496756983256,0.001738054130108746,0.0018945478510707936,0.0016203972173265968,0.66323868158681454,0.62702372943685769,0.95445713479707273,0.40463423083099365,0.8278029176303392,0.78958769652303373,0.53841402065548161,0.55331418047428094,0.51302465931055674,0.74889814836023461,0.91043402368813142,0.83081773403019388,0.66766063277945231,0.84971575004524069,0.00039716484311413947,4.3885091410733601e-05
