year,iter,incidence(millions),beta_H1,beta_H3,beta_B,susceptibility_H1_0,susceptibility_H1_5,susceptibility_H1_25,susceptibility_H1_65,susceptibility_H3_0,susceptibility_H3_5,susceptibility_H3_25,susceptibility_H3_65,susceptibility_B_0,susceptibility_B_5,susceptibility_B_25,susceptibility_B_65,vac_eff_hospitalization,vac_eff_mortality,prob_hosp_scaling,prob_death_scaling
2015-16,325,24.85407462256528,0.0016038509096502618,1.002204917749383e-05,0.0018186572154236802,0.70956905249522784,0.47864011626078101,0.9829572170202,0.96091569544172606,0.87447256174916188,0.92557904831484228,0.56933367739491281,0.4180085799189035,0.41015213993366129,0.86669783478188323,0.44890082383080521,0.84069765693067522,0.52099976636946876,1e-08,0.0015858907300773661,2.219685152105022e-05
2015-16,326,26.49521165863598,0.0013417895938973579,0.0015182918012334734,0.0014556613324647749,0.90211796908216402,0.97234048553412145,0.73798411613637693,0.63319684053457936,0.92520819589060421,0.67810805308066202,0.85446574190913172,0.8369910237761391,0.41071576320728209,0.93959891426163378,0.61461530172875267,0.85665908189470863,0.053272089685139579,0.46189108789242861,0.00048348015652949217,4.9456998283958775e-05
2015-16,327,25.0741773541352,0.001858968571525399,0.0018105387115148752,0.0012764539352896898,0.6932079648257844,0.50672529771078856,0.73110689620745084,0.71553248167762473,0.96207598048927667,0.81418544828219142,0.47041269993691276,0.4795059447895485,0.87814406861079108,0.98099117422488713,0.88283860704884143,0.50359824882433124,0.53874359731431865,0.88328169033196235,0.0003624098156680966,1e-08
2015-16,328,25.92341512816086,0.0016861579764730905,0.0020894396862747855,0.0020642342654406121,0.97568361739527509,0.89095612908530586,0.71878485168666228,0.60778189519147308,0.40590750330399006,0.77586695534974326,0.58668108534741725,0.90227485323167911,0.95929511129145295,0.41892109361161833,0.81578024603466925,0.93243970282081778,0.57532454690043144,0.69823606159603879,0.00022558386175602907,4.1818605202970094e-05
2015-16,329,24.71290398220916,0.0024403098691440639,0.0021820870319350094,0.00035591552506003543,0.57997457405016295,0.88158106464981345,0.4283960996291738,0.93307491058694958,0.48235441775437499,0.62326159934708236,0.80625574906320929,0.63233150927611192,0.54839430884839679,0.70675870032712163,0.46446048464909706,0.5343598936163132,0.24956614492197593,0.523882858366712,0.00048416913079524226,2.7335844318354674e-05
