year,iter,incidence(millions),beta_H1,beta_H3,beta_B,susceptibility_H1_0,susceptibility_H1_5,susceptibility_H1_25,susceptibility_H1_65,susceptibility_H3_0,susceptibility_H3_5,susceptibility_H3_25,susceptibility_H3_65,susceptibility_B_0,susceptibility_B_5,susceptibility_B_25,susceptibility_B_65,vac_eff_hospitalization,vac_eff_mortality,prob_hosp_scaling,prob_death_scaling
2012-13,263,36.73324814924276,0.0017211329641559359,0.0015996395842437505,0.0018357490188750658,0.8419475057659993,0.46133979917862089,0.75101941204530764,0.64870885132608569,0.65669585150064724,0.87033542715520051,0.71865249825499222,0.45747763030994526,0.96606691674185763,0.69268345788033403,0.82250987413310739,0.43392772074516089,0.14079154089199075,0.64646381551183318,0.00057265583011467669,7.5409046091823306e-05
